date,hour,temperature_c,humidity_pct,wind_speed_ms,visibility_10m,dew_point_c,solar_radiation_mjm2,rainfall_mm,snowfall_cm,holiday,functioning_day,month,day_of_week,season_Autumn,season_Spring,season_Summer,season_Winter,rented_bike_count
2017-12-01,0,-5.2,37,2.2,2000,-17.6,0.0,0.0,0.0,0,1,12,4,0,0,0,1,254
2017-12-01,1,-5.5,38,0.8,2000,-17.6,0.0,0.0,0.0,0,1,12,4,0,0,0,1,204
2017-12-01,2,-6.0,39,1.0,2000,-17.7,0.0,0.0,0.0,0,1,12,4,0,0,0,1,173
2017-12-01,3,-6.2,40,0.9,2000,-17.6,0.0,0.0,0.0,0,1,12,4,0,0,0,1,107
2017-12-01,4,-6.0,36,2.3,2000,-18.6,0.0,0.0,0.0,0,1,12,4,0,0,0,1,78
2017-12-01,5,-6.4,37,1.5,2000,-18.7,0.0,0.0,0.0,0,1,12,4,0,0,0,1,100
2017-12-01,6,-6.6,35,1.3,2000,-19.5,0.0,0.0,0.0,0,1,12,4,0,0,0,1,181
2017-12-01,7,-7.4,38,0.9,2000,-19.3,0.0,0.0,0.0,0,1,12,4,0,0,0,1,460
2017-12-01,8,-7.6,37,1.1,2000,-19.8,0.01,0.0,0.0,0,1,12,4,0,0,0,1,930
2017-12-01,9,-6.5,27,0.5,1928,-22.4,0.23,0.0,0.0,0,1,12,4,0,0,0,1,490
2017-12-01,10,-3.5,24,1.2,1996,-21.2,0.65,0.0,0.0,0,1,12,4,0,0,0,1,339
2017-12-01,11,-0.5,21,1.3,1936,-20.2,0.94,0.0,0.0,0,1,12,4,0,0,0,1,360
2017-12-01,12,1.7,23,1.4,2000,-17.2,1.11,0.0,0.0,0,1,12,4,0,0,0,1,449
2017-12-01,13,2.4,25,1.6,2000,-15.6,1.16,0.0,0.0,0,1,12,4,0,0,0,1,451
2017-12-01,14,3.0,26,2.0,2000,-14.6,1.01,0.0,0.0,0,1,12,4,0,0,0,1,447
2017-12-01,15,2.1,36,3.2,2000,-11.4,0.54,0.0,0.0,0,1,12,4,0,0,0,1,463
2017-12-01,16,1.2,54,4.2,793,-7.0,0.24,0.0,0.0,0,1,12,4,0,0,0,1,484
2017-12-01,17,0.8,58,1.6,2000,-6.5,0.08,0.0,0.0,0,1,12,4,0,0,0,1,555
2017-12-01,18,0.6,66,1.4,2000,-5.0,0.0,0.0,0.0,0,1,12,4,0,0,0,1,862
2017-12-01,19,0.0,77,1.7,2000,-3.5,0.0,0.0,0.0,0,1,12,4,0,0,0,1,600
2017-12-01,20,-0.3,79,1.5,1913,-3.5,0.0,0.0,0.0,0,1,12,4,0,0,0,1,426
2017-12-01,21,-0.8,81,0.8,1687,-3.6,0.0,0.0,0.0,0,1,12,4,0,0,0,1,405
2017-12-01,22,-0.9,83,1.5,1380,-3.4,0.0,0.0,0.0,0,1,12,4,0,0,0,1,398
2017-12-01,23,-1.3,84,1.0,1265,-3.6,0.0,0.0,0.0,0,1,12,4,0,0,0,1,323
2017-12-02,0,-1.8,87,1.1,994,-3.6,0.0,0.0,0.0,0,1,12,5,0,0,0,1,328
2017-12-02,1,-2.2,86,0.6,990,-4.2,0.0,0.0,0.0,0,1,12,5,0,0,0,1,308
2017-12-02,2,-2.9,86,1.5,1256,-4.9,0.0,0.0,0.0,0,1,12,5,0,0,0,1,262
2017-12-02,3,-3.5,81,2.2,1221,-6.2,0.0,0.0,0.0,0,1,12,5,0,0,0,1,167
2017-12-02,4,-3.8,79,2.0,1167,-6.9,0.0,0.0,0.0,0,1,12,5,0,0,0,1,89
2017-12-02,5,-4.0,79,1.5,1202,-7.1,0.0,0.0,0.0,0,1,12,5,0,0,0,1,79
2017-12-02,6,-4.3,82,2.1,1178,-6.9,0.0,0.0,0.0,0,1,12,5,0,0,0,1,70
2017-12-02,7,-4.4,81,2.5,1276,-7.1,0.0,0.0,0.0,0,1,12,5,0,0,0,1,146
2017-12-02,8,-4.2,79,2.1,1436,-7.3,0.01,0.0,0.0,0,1,12,5,0,0,0,1,219
2017-12-02,9,-2.9,68,1.6,1487,-7.9,0.3,0.0,0.0,0,1,12,5,0,0,0,1,328
2017-12-02,10,-0.4,57,1.6,1309,-7.8,0.8,0.0,0.0,0,1,12,5,0,0,0,1,334
2017-12-02,11,1.9,49,1.8,1406,-7.7,1.0,0.0,0.0,0,1,12,5,0,0,0,1,388
2017-12-02,12,4.3,41,1.3,1666,-7.8,1.09,0.0,0.0,0,1,12,5,0,0,0,1,479
2017-12-02,13,6.0,36,1.8,1780,-7.9,1.12,0.0,0.0,0,1,12,5,0,0,0,1,606
2017-12-02,14,7.3,35,1.3,1955,-7.1,0.99,0.0,0.0,0,1,12,5,0,0,0,1,611
2017-12-02,15,7.6,41,2.3,1953,-4.8,0.74,0.0,0.0,0,1,12,5,0,0,0,1,589
2017-12-02,16,6.4,48,2.6,1945,-3.8,0.22,0.0,0.0,0,1,12,5,0,0,0,1,618
2017-12-02,17,6.0,51,2.5,1891,-3.3,0.06,0.0,0.0,0,1,12,5,0,0,0,1,572
2017-12-02,18,5.5,53,1.5,1697,-3.3,0.0,0.0,0.0,0,1,12,5,0,0,0,1,489
2017-12-02,19,5.0,52,2.3,1666,-4.0,0.0,0.0,0.0,0,1,12,5,0,0,0,1,385
2017-12-02,20,4.6,51,1.2,1585,-4.6,0.0,0.0,0.0,0,1,12,5,0,0,0,1,359
2017-12-02,21,4.1,55,1.2,1448,-4.1,0.0,0.0,0.0,0,1,12,5,0,0,0,1,377
2017-12-02,22,3.5,54,1.5,1446,-4.9,0.0,0.0,0.0,0,1,12,5,0,0,0,1,354
2017-12-02,23,4.0,56,1.0,1352,-4.0,0.0,0.0,0.0,0,1,12,5,0,0,0,1,366
2017-12-03,0,4.0,58,1.4,1296,-3.5,0.0,0.0,0.0,0,1,12,6,0,0,0,1,342
2017-12-03,1,3.9,69,1.7,485,-1.2,0.0,0.0,0.0,0,1,12,6,0,0,0,1,227
2017-12-03,2,3.3,79,1.4,830,0.0,0.0,0.0,0.0,0,1,12,6,0,0,0,1,228
2017-12-03,3,3.4,71,1.6,1011,-1.3,0.0,0.5,0.0,0,1,12,6,0,0,0,1,117
2017-12-03,4,3.5,73,1.0,1060,-0.8,0.0,0.0,0.0,0,1,12,6,0,0,0,1,76
2017-12-03,5,3.9,75,1.9,914,-0.1,0.0,0.0,0.0,0,1,12,6,0,0,0,1,32
2017-12-03,6,3.4,86,2.5,278,1.2,0.0,1.0,0.0,0,1,12,6,0,0,0,1,13
2017-12-03,7,3.1,91,1.2,129,1.7,0.0,0.0,0.0,0,1,12,6,0,0,0,1,22
2017-12-03,8,3.2,92,1.8,244,2.0,0.0,0.0,0.0,0,1,12,6,0,0,0,1,85
2017-12-03,9,3.5,91,1.8,231,2.1,0.02,2.5,0.0,0,1,12,6,0,0,0,1,152
2017-12-03,10,4.4,89,2.2,257,2.7,0.24,0.0,0.0,0,1,12,6,0,0,0,1,200
2017-12-03,11,5.1,87,1.4,321,3.1,0.25,0.0,0.0,0,1,12,6,0,0,0,1,273
2017-12-03,12,5.8,85,1.7,349,3.4,0.43,0.0,0.0,0,1,12,6,0,0,0,1,333
2017-12-03,13,6.8,81,1.9,390,3.7,0.6,0.0,0.0,0,1,12,6,0,0,0,1,495
2017-12-03,14,7.6,76,1.2,422,3.6,0.69,0.0,0.0,0,1,12,6,0,0,0,1,563
2017-12-03,15,8.0,73,1.6,433,3.4,0.53,0.0,0.0,0,1,12,6,0,0,0,1,621
2017-12-03,16,7.6,77,1.6,399,3.8,0.2,0.0,0.0,0,1,12,6,0,0,0,1,598
2017-12-03,17,6.7,82,1.5,358,3.8,0.05,0.0,0.0,0,1,12,6,0,0,0,1,545
2017-12-03,18,6.0,84,1.9,327,3.4,0.0,0.0,0.0,0,1,12,6,0,0,0,1,443
2017-12-03,19,5.7,85,1.7,309,3.3,0.0,0.0,0.0,0,1,12,6,0,0,0,1,422
2017-12-03,20,5.2,87,1.4,253,3.2,0.0,0.0,0.0,0,1,12,6,0,0,0,1,397
2017-12-03,21,4.7,87,1.2,247,2.7,0.0,0.0,0.0,0,1,12,6,0,0,0,1,385
2017-12-03,22,4.3,89,1.8,201,2.6,0.0,0.0,0.0,0,1,12,6,0,0,0,1,350
2017-12-03,23,3.9,90,1.3,194,2.4,0.0,0.0,0.0,0,1,12,6,0,0,0,1,303
2017-12-04,0,4.2,88,0.6,216,2.3,0.0,0.0,0.0,0,1,12,0,0,0,0,1,285
2017-12-04,1,4.3,87,0.5,221,2.3,0.0,0.0,0.0,0,1,12,0,0,0,0,1,186
2017-12-04,2,4.4,87,1.8,207,2.4,0.0,0.0,0.0,0,1,12,0,0,0,0,1,112
2017-12-04,3,3.6,85,2.3,206,1.3,0.0,0.0,0.0,0,1,12,0,0,0,0,1,65
2017-12-04,4,2.8,89,1.5,130,1.1,0.0,0.0,0.0,0,1,12,0,0,0,0,1,41
2017-12-04,5,2.0,83,2.7,253,-0.5,0.0,0.0,0.0,0,1,12,0,0,0,0,1,82
2017-12-04,6,1.2,76,3.7,371,-2.5,0.0,0.1,0.0,0,1,12,0,0,0,0,1,200
2017-12-04,7,0.2,68,3.4,702,-5.0,0.0,0.0,0.0,0,1,12,0,0,0,0,1,498
2017-12-04,8,-0.8,69,3.5,954,-5.7,0.01,0.0,0.0,0,1,12,0,0,0,0,1,937
2017-12-04,9,-1.5,47,4.2,1888,-11.3,0.22,0.0,0.0,0,1,12,0,0,0,0,1,509
2017-12-04,10,-1.1,40,4.5,2000,-13.0,0.64,0.0,0.0,0,1,12,0,0,0,0,1,311
2017-12-04,11,-0.5,41,4.1,1799,-12.1,0.94,0.0,0.0,0,1,12,0,0,0,0,1,379
2017-12-04,12,-0.3,38,4.8,1823,-12.9,1.11,0.0,0.0,0,1,12,0,0,0,0,1,393
2017-12-04,13,0.0,30,5.4,1938,-15.5,1.17,0.0,0.0,0,1,12,0,0,0,0,1,391
2017-12-04,14,0.1,27,4.5,2000,-16.7,1.09,0.0,0.0,0,1,12,0,0,0,0,1,338
2017-12-04,15,-0.1,25,5.8,2000,-17.8,0.88,0.0,0.0,0,1,12,0,0,0,0,1,341
2017-12-04,16,-0.2,23,4.7,2000,-18.8,0.55,0.0,0.0,0,1,12,0,0,0,0,1,375
2017-12-04,17,-1.3,26,5.3,2000,-18.3,0.18,0.0,0.0,0,1,12,0,0,0,0,1,515
2017-12-04,18,-2.1,29,3.9,2000,-17.7,0.0,0.0,0.0,0,1,12,0,0,0,0,1,807
2017-12-04,19,-2.9,32,3.2,2000,-17.3,0.0,0.0,0.0,0,1,12,0,0,0,0,1,568
2017-12-04,20,-3.6,38,3.0,2000,-15.8,0.0,0.0,0.0,0,1,12,0,0,0,0,1,398
2017-12-04,21,-4.6,43,4.5,2000,-15.3,0.0,0.0,0.0,0,1,12,0,0,0,0,1,397
2017-12-04,22,-5.3,45,2.5,2000,-15.3,0.0,0.0,0.0,0,1,12,0,0,0,0,1,353
2017-12-04,23,-5.8,44,2.4,2000,-16.1,0.0,0.0,0.0,0,1,12,0,0,0,0,1,248
2017-12-05,0,-6.1,42,2.6,2000,-16.9,0.0,0.0,0.0,0,1,12,1,0,0,0,1,216
2017-12-05,1,-6.5,41,2.8,2000,-17.6,0.0,0.0,0.0,0,1,12,1,0,0,0,1,198
2017-12-05,2,-6.8,41,2.5,2000,-17.8,0.0,0.0,0.0,0,1,12,1,0,0,0,1,124
2017-12-05,3,-6.9,39,2.0,2000,-18.5,0.0,0.0,0.0,0,1,12,1,0,0,0,1,62
2017-12-05,4,-7.2,34,3.0,2000,-20.4,0.0,0.0,0.0,0,1,12,1,0,0,0,1,42
2017-12-05,5,-7.4,33,2.6,2000,-20.9,0.0,0.0,0.0,0,1,12,1,0,0,0,1,82
2017-12-05,6,-7.4,34,3.2,2000,-20.6,0.0,0.0,0.0,0,1,12,1,0,0,0,1,172
2017-12-05,7,-7.5,33,2.2,2000,-21.0,0.0,0.0,0.0,0,1,12,1,0,0,0,1,381
2017-12-05,8,-8.1,36,1.6,2000,-20.5,0.01,0.0,0.0,0,1,12,1,0,0,0,1,812
2017-12-05,9,-7.6,31,1.3,1974,-21.8,0.21,0.0,0.0,0,1,12,1,0,0,0,1,462
2017-12-05,10,-5.5,26,2.8,1967,-22.0,0.64,0.0,0.0,0,1,12,1,0,0,0,1,269
2017-12-05,11,-3.9,25,0.0,1959,-21.0,0.0,0.0,0.0,0,1,12,1,0,0,0,1,334
2017-12-05,12,-2.3,25,0.0,1962,-19.7,0.0,0.0,0.0,0,1,12,1,0,0,0,1,321
2017-12-05,13,-1.6,27,0.0,1955,-18.2,0.0,0.0,0.0,0,1,12,1,0,0,0,1,325
2017-12-05,14,-1.1,28,0.0,2000,-17.3,0.0,0.0,0.0,0,1,12,1,0,0,0,1,334
2017-12-05,15,-0.7,28,0.0,2000,-16.9,0.0,0.0,0.0,0,1,12,1,0,0,0,1,353
2017-12-05,16,-0.5,30,0.0,2000,-16.0,0.0,0.0,0.0,0,1,12,1,0,0,0,1,435
2017-12-05,17,-1.6,35,0.0,2000,-15.1,0.0,0.0,0.0,0,1,12,1,0,0,0,1,529
2017-12-05,18,-2.6,40,0.0,2000,-14.4,0.0,0.0,0.0,0,1,12,1,0,0,0,1,789
2017-12-05,19,-3.2,45,0.0,2000,-13.5,0.0,0.0,0.0,0,1,12,1,0,0,0,1,597
2017-12-05,20,-3.5,46,0.0,2000,-13.4,0.0,0.0,0.0,0,1,12,1,0,0,0,1,418
2017-12-05,21,-3.7,47,0.0,2000,-13.3,0.0,0.0,0.0,0,1,12,1,0,0,0,1,415
2017-12-05,22,-2.8,49,0.0,2000,-12.0,0.0,0.0,0.0,0,1,12,1,0,0,0,1,393
2017-12-05,23,-2.5,59,0.0,1210,-9.4,0.0,0.0,0.0,0,1,12,1,0,0,0,1,244
2017-12-06,0,-2.8,77,0.0,331,-6.2,0.0,0.1,0.1,0,1,12,2,0,0,0,1,145
2017-12-06,1,-3.0,79,0.0,293,-6.1,0.0,0.0,0.3,0,1,12,2,0,0,0,1,144
2017-12-06,2,-3.0,79,0.0,1862,-6.1,0.0,0.0,0.4,0,1,12,2,0,0,0,1,117
2017-12-06,3,-3.2,78,0.0,1808,-6.4,0.0,0.2,0.4,0,1,12,2,0,0,0,1,78
2017-12-06,4,-3.4,75,0.0,1982,-7.2,0.0,0.0,0.4,0,1,12,2,0,0,0,1,58
2017-12-06,5,-3.6,76,0.0,1934,-7.2,0.0,0.0,0.4,0,1,12,2,0,0,0,1,87
2017-12-06,6,-3.7,76,0.0,1864,-7.3,0.0,0.0,0.4,0,1,12,2,0,0,0,1,142
2017-12-06,7,-4.2,77,0.0,1741,-7.6,0.0,0.0,0.3,0,1,12,2,0,0,0,1,379
2017-12-06,8,-4.2,78,0.0,1518,-7.4,0.01,0.0,0.2,0,1,12,2,0,0,0,1,802
2017-12-06,9,-3.3,70,0.0,1324,-7.9,0.25,0.0,0.2,0,1,12,2,0,0,0,1,440
2017-12-06,10,-0.9,64,0.0,1224,-6.8,0.63,0.0,0.2,0,1,12,2,0,0,0,1,307
2017-12-06,11,1.6,57,1.2,1261,-6.0,0.93,0.0,0.0,0,1,12,2,0,0,0,1,381
2017-12-06,12,2.4,52,0.9,1224,-6.4,1.08,0.0,0.0,0,1,12,2,0,0,0,1,405
2017-12-06,13,4.2,47,1.1,1469,-6.1,1.1,0.0,0.0,0,1,12,2,0,0,0,1,442
2017-12-06,14,5.5,34,1.0,1966,-9.1,0.96,0.0,0.0,0,1,12,2,0,0,0,1,416
2017-12-06,15,5.5,31,3.1,1968,-10.3,0.72,0.0,0.0,0,1,12,2,0,0,0,1,412
2017-12-06,16,5.3,37,2.9,2000,-8.2,0.36,0.0,0.0,0,1,12,2,0,0,0,1,496
2017-12-06,17,4.1,60,2.5,1565,-2.9,0.1,0.0,0.0,0,1,12,2,0,0,0,1,239
2017-12-06,18,1.7,90,1.0,66,0.2,0.0,0.3,0.3,0,1,12,2,0,0,0,1,204
2017-12-06,19,1.2,92,0.7,180,0.0,0.0,0.0,1.0,0,1,12,2,0,0,0,1,205
2017-12-06,20,1.2,94,0.6,228,0.3,0.0,0.0,1.0,0,1,12,2,0,0,0,1,190
2017-12-06,21,1.1,92,0.5,235,0.0,0.0,0.7,1.0,0,1,12,2,0,0,0,1,165
2017-12-06,22,1.3,92,0.6,233,0.1,0.0,0.0,1.0,0,1,12,2,0,0,0,1,222
2017-12-06,23,1.3,92,0.6,209,0.1,0.0,0.0,1.0,0,1,12,2,0,0,0,1,193
2017-12-07,0,1.4,92,0.5,240,0.2,0.0,0.0,0.9,0,1,12,3,0,0,0,1,198
2017-12-07,1,1.5,92,0.4,227,0.3,0.0,0.0,0.9,0,1,12,3,0,0,0,1,218
2017-12-07,2,1.4,92,0.7,168,0.2,0.0,0.0,0.9,0,1,12,3,0,0,0,1,149
2017-12-07,3,1.9,91,1.4,218,0.5,0.0,0.0,0.9,0,1,12,3,0,0,0,1,102
2017-12-07,4,1.6,92,0.7,119,0.4,0.0,0.0,0.9,0,1,12,3,0,0,0,1,62
2017-12-07,5,1.5,92,1.1,175,0.3,0.0,0.0,0.9,0,1,12,3,0,0,0,1,83
2017-12-07,6,1.0,93,0.5,148,0.0,0.0,0.0,0.9,0,1,12,3,0,0,0,1,137
2017-12-07,7,0.3,93,0.5,173,-0.7,0.0,0.0,0.9,0,1,12,3,0,0,0,1,367
2017-12-07,8,-0.2,96,0.8,173,-0.7,0.01,0.0,0.8,0,1,12,3,0,0,0,1,754
2017-12-07,9,0.1,91,0.8,265,-1.1,0.14,0.0,0.8,0,1,12,3,0,0,0,1,415
2017-12-07,10,1.1,83,0.7,311,-1.4,0.41,0.0,0.7,0,1,12,3,0,0,0,1,321
2017-12-07,11,2.3,69,1.7,628,-2.8,0.63,0.0,0.6,0,1,12,3,0,0,0,1,333
2017-12-07,12,3.7,65,2.4,833,-2.2,0.98,0.0,0.3,0,1,12,3,0,0,0,1,431
2017-12-07,13,4.1,37,3.1,1767,-9.3,1.14,0.0,0.0,0,1,12,3,0,0,0,1,394
2017-12-07,14,4.4,36,2.7,1975,-9.4,1.04,0.0,0.0,0,1,12,3,0,0,0,1,390
2017-12-07,15,4.0,35,3.1,1962,-10.1,0.84,0.0,0.0,0,1,12,3,0,0,0,1,430
2017-12-07,16,3.2,38,2.9,1817,-9.7,0.51,0.0,0.0,0,1,12,3,0,0,0,1,471
2017-12-07,17,2.1,50,2.0,1434,-7.2,0.15,0.0,0.0,0,1,12,3,0,0,0,1,552
2017-12-07,18,0.7,46,2.7,1558,-9.6,0.0,0.0,0.0,0,1,12,3,0,0,0,1,795
2017-12-07,19,-0.4,47,2.5,1269,-10.3,0.0,0.0,0.0,0,1,12,3,0,0,0,1,507
2017-12-07,20,-1.4,47,2.5,1620,-11.2,0.0,0.0,0.0,0,1,12,3,0,0,0,1,390
2017-12-07,21,-2.2,46,2.2,1975,-12.2,0.0,0.0,0.0,0,1,12,3,0,0,0,1,402
2017-12-07,22,-2.7,48,2.6,1844,-12.2,0.0,0.0,0.0,0,1,12,3,0,0,0,1,389
2017-12-07,23,-3.2,50,2.1,1887,-12.1,0.0,0.0,0.0,0,1,12,3,0,0,0,1,259
2017-12-08,0,-3.5,49,2.6,1893,-12.6,0.0,0.0,0.0,0,1,12,4,0,0,0,1,233
2017-12-08,1,-3.7,50,2.5,1902,-12.6,0.0,0.0,0.0,0,1,12,4,0,0,0,1,230
2017-12-08,2,-4.3,53,1.0,1918,-12.4,0.0,0.0,0.0,0,1,12,4,0,0,0,1,131
2017-12-08,3,-4.8,52,1.6,1978,-13.1,0.0,0.0,0.0,0,1,12,4,0,0,0,1,99
2017-12-08,4,-5.3,53,2.4,1936,-13.4,0.0,0.0,0.0,0,1,12,4,0,0,0,1,71
2017-12-08,5,-5.8,56,2.0,1941,-13.1,0.0,0.0,0.0,0,1,12,4,0,0,0,1,84
2017-12-08,6,-6.0,56,3.5,1853,-13.3,0.0,0.0,0.0,0,1,12,4,0,0,0,1,158
2017-12-08,7,-6.5,57,0.8,1776,-13.6,0.0,0.0,0.0,0,1,12,4,0,0,0,1,387
2017-12-08,8,-7.0,59,0.8,1559,-13.6,0.01,0.0,0.0,0,1,12,4,0,0,0,1,780
2017-12-08,9,-6.7,50,0.9,1492,-15.4,0.23,0.0,0.0,0,1,12,4,0,0,0,1,395
2017-12-08,10,-5.3,44,2.8,1516,-15.6,0.63,0.0,0.0,0,1,12,4,0,0,0,1,261
2017-12-08,11,-3.7,39,1.4,1595,-15.6,0.93,0.0,0.0,0,1,12,4,0,0,0,1,310
2017-12-08,12,-2.0,30,1.4,1728,-17.3,1.14,0.0,0.0,0,1,12,4,0,0,0,1,355
2017-12-08,13,-1.7,28,1.8,1963,-17.8,1.22,0.0,0.0,0,1,12,4,0,0,0,1,354
2017-12-08,14,-1.3,27,3.1,1906,-17.9,1.12,0.0,0.0,0,1,12,4,0,0,0,1,350
2017-12-08,15,-0.8,26,3.3,1977,-17.9,0.87,0.0,0.0,0,1,12,4,0,0,0,1,362
2017-12-08,16,-1.1,24,3.4,2000,-19.1,0.56,0.0,0.0,0,1,12,4,0,0,0,1,401
2017-12-08,17,-2.4,30,2.7,2000,-17.6,0.18,0.0,0.0,0,1,12,4,0,0,0,1,500
2017-12-08,18,-3.1,33,1.2,2000,-17.1,0.0,0.0,0.0,0,1,12,4,0,0,0,1,752
2017-12-08,19,-3.3,35,1.1,2000,-16.6,0.0,0.0,0.0,0,1,12,4,0,0,0,1,477
2017-12-08,20,-3.3,34,1.5,2000,-16.9,0.0,0.0,0.0,0,1,12,4,0,0,0,1,384
2017-12-08,21,-3.3,35,0.5,2000,-16.6,0.0,0.0,0.0,0,1,12,4,0,0,0,1,336
2017-12-08,22,-3.4,39,1.2,2000,-15.4,0.0,0.0,0.0,0,1,12,4,0,0,0,1,347
2017-12-08,23,-3.5,43,0.9,2000,-14.3,0.0,0.0,0.0,0,1,12,4,0,0,0,1,275
2017-12-09,0,-3.5,48,0.9,1967,-12.9,0.0,0.0,0.0,0,1,12,5,0,0,0,1,267
2017-12-09,1,-4.1,49,0.6,2000,-13.2,0.0,0.0,0.0,0,1,12,5,0,0,0,1,296
2017-12-09,2,-4.7,50,0.7,1983,-13.5,0.0,0.0,0.0,0,1,12,5,0,0,0,1,237
2017-12-09,3,-4.3,47,0.6,1992,-13.9,0.0,0.0,0.0,0,1,12,5,0,0,0,1,169
2017-12-09,4,-4.3,49,0.7,2000,-13.4,0.0,0.0,0.0,0,1,12,5,0,0,0,1,96
2017-12-09,5,-4.7,49,0.8,1999,-13.8,0.0,0.0,0.0,0,1,12,5,0,0,0,1,56
2017-12-09,6,-5.1,53,0.9,1975,-13.2,0.0,0.0,0.0,0,1,12,5,0,0,0,1,76
2017-12-09,7,-5.5,56,0.8,1950,-12.9,0.0,0.0,0.0,0,1,12,5,0,0,0,1,127
2017-12-09,8,-5.4,56,0.7,1940,-12.8,0.01,0.0,0.0,0,1,12,5,0,0,0,1,222
2017-12-09,9,-4.7,48,1.0,1784,-14.0,0.23,0.0,0.0,0,1,12,5,0,0,0,1,291
2017-12-09,10,-2.2,42,1.3,1646,-13.4,0.61,0.0,0.0,0,1,12,5,0,0,0,1,273
2017-12-09,11,0.0,45,1.1,1500,-10.5,0.89,0.0,0.0,0,1,12,5,0,0,0,1,351
2017-12-09,12,2.4,40,0.8,1809,-9.8,1.05,0.0,0.0,0,1,12,5,0,0,0,1,427
2017-12-09,13,3.9,36,2.0,1702,-9.8,1.13,0.0,0.0,0,1,12,5,0,0,0,1,431
2017-12-09,14,4.7,32,2.2,1948,-10.6,1.06,0.0,0.0,0,1,12,5,0,0,0,1,486
2017-12-09,15,5.2,30,2.0,1963,-11.0,0.84,0.0,0.0,0,1,12,5,0,0,0,1,569
2017-12-09,16,4.4,33,1.6,1963,-10.5,0.4,0.0,0.0,0,1,12,5,0,0,0,1,546
2017-12-09,17,3.5,37,1.8,1963,-9.8,0.1,0.0,0.0,0,1,12,5,0,0,0,1,481
2017-12-09,18,2.5,41,1.0,1974,-9.4,0.0,0.0,0.0,0,1,12,5,0,0,0,1,384
2017-12-09,19,1.5,48,0.4,1878,-8.3,0.0,0.0,0.0,0,1,12,5,0,0,0,1,275
2017-12-09,20,0.8,51,1.4,1848,-8.2,0.0,0.0,0.0,0,1,12,5,0,0,0,1,298
2017-12-09,21,-0.1,55,0.7,1654,-8.0,0.0,0.0,0.0,0,1,12,5,0,0,0,1,321
2017-12-09,22,-0.5,55,0.6,1655,-8.4,0.0,0.0,0.0,0,1,12,5,0,0,0,1,289
2017-12-09,23,-0.1,54,1.3,1570,-8.3,0.0,0.0,0.0,0,1,12,5,0,0,0,1,265
2017-12-10,0,-0.2,55,1.0,1629,-8.1,0.0,0.0,0.0,0,1,12,6,0,0,0,1,326
2017-12-10,1,-0.2,54,0.5,1747,-8.4,0.0,0.0,0.0,0,1,12,6,0,0,0,1,280
2017-12-10,2,0.2,52,0.7,1726,-8.5,0.0,0.0,0.0,0,1,12,6,0,0,0,1,243
2017-12-10,3,0.3,53,0.5,1748,-8.1,0.0,0.0,0.0,0,1,12,6,0,0,0,1,169
2017-12-10,4,0.4,52,1.6,1816,-8.3,0.0,0.0,0.0,0,1,12,6,0,0,0,1,71
2017-12-10,5,0.3,74,1.0,178,-3.7,0.0,0.0,0.7,0,1,12,6,0,0,0,1,13
2017-12-10,6,-0.5,90,0.9,91,-1.9,0.0,2.5,2.7,0,1,12,6,0,0,0,1,9
2017-12-10,7,-0.4,92,1.1,121,-1.5,0.0,0.0,4.0,0,1,12,6,0,0,0,1,20
2017-12-10,8,-0.2,90,1.2,378,-1.6,0.0,0.0,4.1,0,1,12,6,0,0,0,1,35
2017-12-10,9,0.2,90,1.0,305,-1.2,0.0,1.6,4.3,0,1,12,6,0,0,0,1,31
2017-12-10,10,0.5,91,0.4,143,-0.8,0.0,0.0,4.3,0,1,12,6,0,0,0,1,19
2017-12-10,11,0.9,92,0.9,137,-0.2,0.03,0.0,3.9,0,1,12,6,0,0,0,1,58
2017-12-10,12,2.3,88,0.3,245,0.5,0.28,0.0,3.1,0,1,12,6,0,0,0,1,119
2017-12-10,13,3.3,87,1.1,230,1.3,0.54,0.0,2.1,0,1,12,6,0,0,0,1,182
2017-12-10,14,4.2,85,0.7,325,1.8,0.65,0.0,1.4,0,1,12,6,0,0,0,1,235
2017-12-10,15,6.7,63,4.5,715,0.1,0.35,0.0,1.0,0,1,12,6,0,0,0,1,180
2017-12-10,16,5.4,71,3.5,622,0.5,0.2,0.0,0.5,0,1,12,6,0,0,0,1,214
2017-12-10,17,3.6,65,4.3,1061,-2.3,0.03,0.0,0.4,0,1,12,6,0,0,0,1,226
2017-12-10,18,2.0,61,3.0,2000,-4.7,0.0,0.0,0.0,0,1,12,6,0,0,0,1,210
2017-12-10,19,1.6,53,4.0,2000,-6.9,0.0,0.0,0.0,0,1,12,6,0,0,0,1,181
2017-12-10,20,0.6,57,3.9,1954,-6.9,0.0,0.0,0.0,0,1,12,6,0,0,0,1,165
2017-12-10,21,0.0,59,3.0,1862,-7.0,0.0,0.0,0.0,0,1,12,6,0,0,0,1,167
2017-12-10,22,-1.0,56,4.7,2000,-8.6,0.0,0.0,0.0,0,1,12,6,0,0,0,1,152
2017-12-10,23,-1.4,43,4.3,2000,-12.3,0.0,0.0,0.0,0,1,12,6,0,0,0,1,148
2017-12-11,0,-2.5,39,3.4,2000,-14.5,0.0,0.0,0.0,0,1,12,0,0,0,0,1,125
2017-12-11,1,-3.4,36,3.8,2000,-16.3,0.0,0.0,0.0,0,1,12,0,0,0,0,1,111
2017-12-11,2,-4.2,35,3.4,2000,-17.4,0.0,0.0,0.0,0,1,12,0,0,0,0,1,67
2017-12-11,3,-4.7,38,2.4,2000,-16.8,0.0,0.0,0.0,0,1,12,0,0,0,0,1,45
2017-12-11,4,-5.2,35,3.2,2000,-18.3,0.0,0.0,0.0,0,1,12,0,0,0,0,1,44
2017-12-11,5,-5.6,38,3.2,1974,-17.6,0.0,0.0,0.0,0,1,12,0,0,0,0,1,86
2017-12-11,6,-5.9,39,2.9,1979,-17.6,0.0,0.0,0.0,0,1,12,0,0,0,0,1,136
2017-12-11,7,-6.0,39,3.1,1996,-17.7,0.0,0.0,0.0,0,1,12,0,0,0,0,1,325
2017-12-11,8,-6.0,38,3.6,1994,-18.0,0.01,0.0,0.0,0,1,12,0,0,0,0,1,653
2017-12-11,9,-5.9,36,5.1,1941,-18.6,0.1,0.0,0.0,0,1,12,0,0,0,0,1,326
2017-12-11,10,-5.3,32,4.5,2000,-19.4,0.62,0.0,0.0,0,1,12,0,0,0,0,1,212
2017-12-11,11,-4.7,36,3.8,2000,-17.5,1.0,0.0,0.0,0,1,12,0,0,0,0,1,226
2017-12-11,12,-5.2,33,4.6,1973,-19.0,1.26,0.0,0.0,0,1,12,0,0,0,0,1,247
2017-12-11,13,-5.4,32,5.1,1986,-19.5,1.24,0.0,0.0,0,1,12,0,0,0,0,1,241
2017-12-11,14,-5.4,31,4.1,1945,-19.9,1.13,0.0,0.0,0,1,12,0,0,0,0,1,253
2017-12-11,15,-5.5,33,4.5,2000,-19.2,0.92,0.0,0.0,0,1,12,0,0,0,0,1,269
2017-12-11,16,-6.0,40,4.0,2000,-17.4,0.55,0.0,0.0,0,1,12,0,0,0,0,1,277
2017-12-11,17,-7.1,44,4.2,2000,-17.3,0.18,0.0,0.0,0,1,12,0,0,0,0,1,361
2017-12-11,18,-7.9,43,3.3,2000,-18.3,0.0,0.0,0.0,0,1,12,0,0,0,0,1,557
2017-12-11,19,-8.6,45,3.9,2000,-18.4,0.0,0.0,0.0,0,1,12,0,0,0,0,1,371
2017-12-11,20,-9.3,49,3.8,2000,-18.0,0.0,0.0,0.0,0,1,12,0,0,0,0,1,254
2017-12-11,21,-9.7,51,2.5,2000,-17.9,0.0,0.0,0.0,0,1,12,0,0,0,0,1,266
2017-12-11,22,-10.2,50,3.0,2000,-18.6,0.0,0.0,0.0,0,1,12,0,0,0,0,1,222
2017-12-11,23,-10.7,53,1.2,2000,-18.4,0.0,0.0,0.0,0,1,12,0,0,0,0,1,174
2017-12-12,0,-11.0,51,1.1,2000,-19.1,0.0,0.0,0.0,0,1,12,1,0,0,0,1,133
2017-12-12,1,-11.2,51,1.1,2000,-19.3,0.0,0.0,0.0,0,1,12,1,0,0,0,1,127
2017-12-12,2,-11.5,50,0.7,2000,-19.8,0.0,0.0,0.0,0,1,12,1,0,0,0,1,95
2017-12-12,3,-11.6,50,2.2,1995,-19.9,0.0,0.0,0.0,0,1,12,1,0,0,0,1,54
2017-12-12,4,-11.6,47,2.1,1982,-20.6,0.0,0.0,0.0,0,1,12,1,0,0,0,1,46
2017-12-12,5,-11.6,45,2.8,1951,-21.1,0.0,0.0,0.0,0,1,12,1,0,0,0,1,65
2017-12-12,6,-11.8,47,2.5,1973,-20.8,0.0,0.0,0.0,0,1,12,1,0,0,0,1,104
2017-12-12,7,-12.1,50,2.3,1929,-20.4,0.0,0.0,0.0,0,1,12,1,0,0,0,1,280
2017-12-12,8,-12.3,52,1.3,1914,-20.1,0.0,0.0,0.0,0,1,12,1,0,0,0,1,580
2017-12-12,9,-11.8,46,2.9,1956,-21.1,0.1,0.0,0.0,0,1,12,1,0,0,0,1,275
2017-12-12,10,-10.5,45,3.3,1855,-20.1,0.6,0.0,0.0,0,1,12,1,0,0,0,1,184
2017-12-12,11,-9.4,42,3.1,1815,-19.9,0.93,0.0,0.0,0,1,12,1,0,0,0,1,201
2017-12-12,12,-8.3,35,2.9,1967,-21.0,1.14,0.0,0.0,0,1,12,1,0,0,0,1,228
2017-12-12,13,-6.9,37,2.4,1955,-19.1,1.22,0.0,0.0,0,1,12,1,0,0,0,1,225
2017-12-12,14,-5.4,32,2.0,1930,-19.5,1.12,0.0,0.0,0,1,12,1,0,0,0,1,258
2017-12-12,15,-5.8,30,2.8,2000,-20.6,0.92,0.0,0.0,0,1,12,1,0,0,0,1,250
2017-12-12,16,-6.0,29,2.8,1983,-21.2,0.58,0.0,0.0,0,1,12,1,0,0,0,1,248
2017-12-12,17,-7.0,32,2.6,2000,-20.9,0.19,0.0,0.0,0,1,12,1,0,0,0,1,305
2017-12-12,18,-7.7,36,1.0,2000,-20.2,0.0,0.0,0.0,0,1,12,1,0,0,0,1,529
2017-12-12,19,-8.2,43,1.1,2000,-18.5,0.0,0.0,0.0,0,1,12,1,0,0,0,1,350
2017-12-12,20,-8.4,42,1.0,2000,-19.0,0.0,0.0,0.0,0,1,12,1,0,0,0,1,260
2017-12-12,21,-8.8,43,1.4,1999,-19.1,0.0,0.0,0.0,0,1,12,1,0,0,0,1,270
2017-12-12,22,-9.0,45,1.3,1999,-18.7,0.0,0.0,0.0,0,1,12,1,0,0,0,1,256
2017-12-12,23,-9.3,47,2.1,2000,-18.5,0.0,0.0,0.0,0,1,12,1,0,0,0,1,173
2017-12-13,0,-9.5,48,1.3,1996,-18.4,0.0,0.0,0.0,0,1,12,2,0,0,0,1,168
2017-12-13,1,-10.2,52,1.6,1997,-18.2,0.0,0.0,0.0,0,1,12,2,0,0,0,1,183
2017-12-13,2,-10.4,53,1.8,1949,-18.1,0.0,0.0,0.0,0,1,12,2,0,0,0,1,120
2017-12-13,3,-10.9,55,1.8,1913,-18.1,0.0,0.0,0.0,0,1,12,2,0,0,0,1,79
2017-12-13,4,-11.4,58,1.3,1907,-18.0,0.0,0.0,0.0,0,1,12,2,0,0,0,1,41
2017-12-13,5,-11.5,58,1.1,1923,-18.1,0.0,0.0,0.0,0,1,12,2,0,0,0,1,68
2017-12-13,6,-11.9,57,1.1,1974,-18.7,0.0,0.0,0.0,0,1,12,2,0,0,0,1,109
2017-12-13,7,-11.7,53,1.6,1998,-19.3,0.0,0.0,0.0,0,1,12,2,0,0,0,1,310
2017-12-13,8,-11.4,47,3.3,2000,-20.4,0.0,0.0,0.0,0,1,12,2,0,0,0,1,591
2017-12-13,9,-11.1,46,3.4,1981,-20.4,0.1,0.0,0.0,0,1,12,2,0,0,0,1,340
2017-12-13,10,-9.5,39,2.1,1875,-20.9,0.6,0.0,0.0,0,1,12,2,0,0,0,1,202
2017-12-13,11,-8.1,35,1.8,1806,-20.9,0.96,0.0,0.0,0,1,12,2,0,0,0,1,251
2017-12-13,12,-6.5,30,2.9,1945,-21.2,1.17,0.0,0.0,0,1,12,2,0,0,0,1,267
2017-12-13,13,-5.8,28,2.9,1887,-21.4,1.23,0.0,0.0,0,1,12,2,0,0,0,1,251
2017-12-13,14,-4.7,27,2.9,1883,-20.8,1.12,0.0,0.0,0,1,12,2,0,0,0,1,240
2017-12-13,15,-4.9,26,3.1,1887,-21.5,0.89,0.0,0.0,0,1,12,2,0,0,0,1,240
2017-12-13,16,-4.5,26,2.2,2000,-21.1,0.56,0.0,0.0,0,1,12,2,0,0,0,1,278
2017-12-13,17,-5.6,29,1.7,2000,-20.8,0.18,0.0,0.0,0,1,12,2,0,0,0,1,392
2017-12-13,18,-6.6,33,1.1,2000,-20.2,0.0,0.0,0.0,0,1,12,2,0,0,0,1,537
2017-12-13,19,-6.6,31,1.6,2000,-20.9,0.0,0.0,0.0,0,1,12,2,0,0,0,1,373
2017-12-13,20,-7.6,35,0.8,2000,-20.4,0.0,0.0,0.0,0,1,12,2,0,0,0,1,263
2017-12-13,21,-8.3,39,1.0,2000,-19.8,0.0,0.0,0.0,0,1,12,2,0,0,0,1,271
2017-12-13,22,-8.9,39,0.1,2000,-20.3,0.0,0.0,0.0,0,1,12,2,0,0,0,1,271
2017-12-13,23,-9.2,44,0.4,1978,-19.2,0.0,0.0,0.0,0,1,12,2,0,0,0,1,174
2017-12-14,0,-9.5,50,0.6,1953,-18.0,0.0,0.0,0.0,0,1,12,3,0,0,0,1,171
2017-12-14,1,-9.8,48,0.8,2000,-18.7,0.0,0.0,0.0,0,1,12,3,0,0,0,1,170
2017-12-14,2,-10.6,44,0.8,1903,-20.5,0.0,0.0,0.0,0,1,12,3,0,0,0,1,107
2017-12-14,3,-10.7,48,0.4,1651,-19.6,0.0,0.0,0.0,0,1,12,3,0,0,0,1,80
2017-12-14,4,-11.0,50,0.8,1718,-19.4,0.0,0.0,0.0,0,1,12,3,0,0,0,1,52
2017-12-14,5,-10.8,48,0.8,1648,-19.6,0.0,0.0,0.0,0,1,12,3,0,0,0,1,62
2017-12-14,6,-11.0,55,0.8,1541,-18.2,0.0,0.0,0.0,0,1,12,3,0,0,0,1,108
2017-12-14,7,-10.9,57,1.1,1387,-17.7,0.0,0.0,0.0,0,1,12,3,0,0,0,1,279
2017-12-14,8,-10.4,54,1.1,1432,-17.9,0.01,0.0,0.0,0,1,12,3,0,0,0,1,621
2017-12-14,9,-9.4,44,0.5,1680,-19.4,0.13,0.0,0.0,0,1,12,3,0,0,0,1,305
2017-12-14,10,-7.7,43,0.9,1555,-18.1,0.35,0.0,0.0,0,1,12,3,0,0,0,1,189
2017-12-14,11,-6.1,38,1.0,1587,-18.1,0.52,0.0,0.0,0,1,12,3,0,0,0,1,247
2017-12-14,12,-4.9,34,1.3,1768,-18.3,0.6,0.0,0.0,0,1,12,3,0,0,0,1,278
2017-12-14,13,-3.8,32,0.9,1827,-18.1,0.52,0.0,0.0,0,1,12,3,0,0,0,1,282
2017-12-14,14,-2.7,28,0.7,1857,-18.7,0.65,0.0,0.0,0,1,12,3,0,0,0,1,294
2017-12-14,15,-2.5,29,1.1,1667,-18.1,0.48,0.0,0.0,0,1,12,3,0,0,0,1,301
2017-12-14,16,-2.4,28,0.9,1878,-18.4,0.35,0.0,0.0,0,1,12,3,0,0,0,1,335
2017-12-14,17,-2.9,31,0.6,1723,-17.7,0.09,0.0,0.0,0,1,12,3,0,0,0,1,382
2017-12-14,18,-3.5,35,1.1,1414,-16.7,0.0,0.0,0.0,0,1,12,3,0,0,0,1,612
2017-12-14,19,-4.2,40,0.9,1216,-15.8,0.0,0.0,0.0,0,1,12,3,0,0,0,1,410
2017-12-14,20,-4.8,43,1.1,1397,-15.4,0.0,0.0,0.0,0,1,12,3,0,0,0,1,277
2017-12-14,21,-4.8,45,0.8,1351,-14.9,0.0,0.0,0.0,0,1,12,3,0,0,0,1,316
2017-12-14,22,-4.9,44,1.1,1369,-15.3,0.0,0.0,0.0,0,1,12,3,0,0,0,1,309
2017-12-14,23,-5.6,53,1.2,1290,-13.6,0.0,0.0,0.0,0,1,12,3,0,0,0,1,211
2017-12-15,0,-5.7,53,0.6,1262,-13.7,0.0,0.0,0.0,0,1,12,4,0,0,0,1,227
2017-12-15,1,-6.3,57,0.4,1148,-13.4,0.0,0.0,0.0,0,1,12,4,0,0,0,1,241
2017-12-15,2,-6.8,58,0.4,1089,-13.6,0.0,0.0,0.0,0,1,12,4,0,0,0,1,162
2017-12-15,3,-6.9,56,0.5,1111,-14.2,0.0,0.0,0.0,0,1,12,4,0,0,0,1,110
2017-12-15,4,-7.1,59,0.8,1058,-13.7,0.0,0.0,0.0,0,1,12,4,0,0,0,1,69
2017-12-15,5,-7.5,64,0.9,989,-13.1,0.0,0.0,0.0,0,1,12,4,0,0,0,1,68
2017-12-15,6,-7.4,64,0.7,906,-13.0,0.0,0.0,0.0,0,1,12,4,0,0,0,1,129
2017-12-15,7,-7.0,63,0.6,865,-12.8,0.0,0.0,0.0,0,1,12,4,0,0,0,1,285
2017-12-15,8,-6.6,64,1.1,791,-12.2,0.0,0.0,0.0,0,1,12,4,0,0,0,1,658
2017-12-15,9,-5.9,60,0.6,691,-12.4,0.09,0.0,0.0,0,1,12,4,0,0,0,1,330
2017-12-15,10,-4.6,52,0.8,648,-12.9,0.34,0.0,0.0,0,1,12,4,0,0,0,1,221
2017-12-15,11,-2.9,46,1.0,809,-12.9,0.42,0.0,0.0,0,1,12,4,0,0,0,1,279
2017-12-15,12,-2.5,43,0.7,895,-13.3,0.34,0.0,0.0,0,1,12,4,0,0,0,1,309
2017-12-15,13,-1.6,40,0.3,868,-13.4,0.32,0.0,0.0,0,1,12,4,0,0,0,1,325
2017-12-15,14,-0.7,39,0.8,826,-12.9,0.35,0.0,0.0,0,1,12,4,0,0,0,1,329
2017-12-15,15,0.1,35,1.5,946,-13.5,0.42,0.0,0.0,0,1,12,4,0,0,0,1,342
2017-12-15,16,0.0,37,0.6,994,-12.9,0.13,0.0,0.0,0,1,12,4,0,0,0,1,354
2017-12-15,17,-0.2,39,0.8,1016,-12.5,0.0,0.0,0.0,0,1,12,4,0,0,0,1,464
2017-12-15,18,0.1,43,0.9,1485,-11.0,0.0,0.0,0.0,0,1,12,4,0,0,0,1,682
2017-12-15,19,0.6,41,1.2,1550,-11.1,0.0,0.0,0.0,0,1,12,4,0,0,0,1,451
2017-12-15,20,0.9,42,1.2,1113,-10.5,0.0,0.0,0.0,0,1,12,4,0,0,0,1,320
2017-12-15,21,0.7,47,2.7,1283,-9.3,0.0,0.0,0.0,0,1,12,4,0,0,0,1,300
2017-12-15,22,-0.1,49,2.0,870,-9.5,0.0,0.0,0.0,0,1,12,4,0,0,0,1,296
2017-12-15,23,-1.3,60,2.5,792,-8.0,0.0,0.0,0.0,0,1,12,4,0,0,0,1,247
2017-12-16,0,-2.6,73,3.4,787,-6.7,0.0,0.0,0.0,0,1,12,5,0,0,0,1,217
2017-12-16,1,-3.4,76,2.9,582,-7.0,0.0,0.0,0.0,0,1,12,5,0,0,0,1,302
2017-12-16,2,-4.1,73,2.1,567,-8.2,0.0,0.0,0.0,0,1,12,5,0,0,0,1,228
2017-12-16,3,-4.5,71,1.6,651,-8.9,0.0,0.0,0.0,0,1,12,5,0,0,0,1,129
2017-12-16,4,-5.0,70,2.7,702,-9.6,0.0,0.0,0.0,0,1,12,5,0,0,0,1,80
2017-12-16,5,-5.6,72,2.0,662,-9.8,0.0,0.0,0.0,0,1,12,5,0,0,0,1,45
2017-12-16,6,-6.1,69,2.9,765,-10.8,0.0,0.0,0.0,0,1,12,5,0,0,0,1,66
2017-12-16,7,-6.7,64,2.1,977,-12.3,0.0,0.0,0.0,0,1,12,5,0,0,0,1,90
2017-12-16,8,-7.3,62,2.6,1112,-13.3,0.0,0.0,0.0,0,1,12,5,0,0,0,1,190
2017-12-16,9,-7.2,47,2.8,1724,-16.6,0.18,0.0,0.0,0,1,12,5,0,0,0,1,195
2017-12-16,10,-6.2,42,2.3,1893,-17.0,0.52,0.0,0.0,0,1,12,5,0,0,0,1,201
2017-12-16,11,-5.2,30,4.0,1991,-20.1,0.86,0.0,0.0,0,1,12,5,0,0,0,1,239
2017-12-16,12,-4.1,28,3.8,1998,-19.9,1.08,0.0,0.0,0,1,12,5,0,0,0,1,252
2017-12-16,13,-3.7,23,4.0,1980,-21.8,1.12,0.0,0.0,0,1,12,5,0,0,0,1,296
2017-12-16,14,-3.4,22,4.3,1966,-22.1,1.07,0.0,0.0,0,1,12,5,0,0,0,1,292
2017-12-16,15,-3.3,22,5.0,2000,-22.0,0.86,0.0,0.0,0,1,12,5,0,0,0,1,291
2017-12-16,16,-3.3,24,3.5,2000,-21.0,0.54,0.0,0.0,0,1,12,5,0,0,0,1,258
2017-12-16,17,-4.6,26,2.6,2000,-21.2,0.17,0.0,0.0,0,1,12,5,0,0,0,1,277
2017-12-16,18,-5.3,28,3.5,2000,-21.0,0.0,0.0,0.0,0,1,12,5,0,0,0,1,212
2017-12-16,19,-6.0,32,2.4,2000,-20.0,0.0,0.0,0.0,0,1,12,5,0,0,0,1,173
2017-12-16,20,-6.6,37,3.4,2000,-18.9,0.0,0.0,0.0,0,1,12,5,0,0,0,1,143
2017-12-16,21,-7.1,39,3.2,2000,-18.7,0.0,0.0,0.0,0,1,12,5,0,0,0,1,159
2017-12-16,22,-7.6,41,1.6,2000,-18.6,0.0,0.0,0.0,0,1,12,5,0,0,0,1,155
2017-12-16,23,-8.0,41,2.2,2000,-18.9,0.0,0.0,0.0,0,1,12,5,0,0,0,1,142
2017-12-17,0,-8.1,41,2.0,2000,-19.0,0.0,0.0,0.0,0,1,12,6,0,0,0,1,175
2017-12-17,1,-8.4,40,1.6,2000,-19.6,0.0,0.0,0.0,0,1,12,6,0,0,0,1,146
2017-12-17,2,-8.7,40,2.8,2000,-19.8,0.0,0.0,0.0,0,1,12,6,0,0,0,1,132
2017-12-17,3,-9.0,40,3.1,2000,-20.1,0.0,0.0,0.0,0,1,12,6,0,0,0,1,100
2017-12-17,4,-9.5,40,1.9,2000,-20.6,0.0,0.0,0.0,0,1,12,6,0,0,0,1,41
2017-12-17,5,-9.7,41,3.1,2000,-20.5,0.0,0.0,0.0,0,1,12,6,0,0,0,1,31
2017-12-17,6,-9.9,42,2.3,2000,-20.4,0.0,0.0,0.0,0,1,12,6,0,0,0,1,39
2017-12-17,7,-10.2,42,2.3,2000,-20.6,0.0,0.0,0.0,0,1,12,6,0,0,0,1,53
2017-12-17,8,-10.7,43,0.9,2000,-20.8,0.0,0.0,0.0,0,1,12,6,0,0,0,1,94
2017-12-17,9,-10.5,38,1.1,1950,-22.1,0.19,0.0,0.0,0,1,12,6,0,0,0,1,122
2017-12-17,10,-8.5,31,1.5,1997,-22.6,0.58,0.0,0.0,0,1,12,6,0,0,0,1,142
2017-12-17,11,-7.2,29,1.8,1926,-22.2,0.88,0.0,0.0,0,1,12,6,0,0,0,1,189
2017-12-17,12,-4.9,25,2.6,1966,-21.9,1.08,0.0,0.0,0,1,12,6,0,0,0,1,216
2017-12-17,13,-4.5,25,3.2,1989,-21.6,1.14,0.0,0.0,0,1,12,6,0,0,0,1,223
2017-12-17,14,-3.2,26,3.1,1933,-20.0,1.07,0.0,0.0,0,1,12,6,0,0,0,1,268
2017-12-17,15,-2.5,28,2.0,2000,-18.5,0.85,0.0,0.0,0,1,12,6,0,0,0,1,278
2017-12-17,16,-2.7,31,2.3,2000,-17.5,0.54,0.0,0.0,0,1,12,6,0,0,0,1,256
2017-12-17,17,-3.8,35,2.4,2000,-17.0,0.17,0.0,0.0,0,1,12,6,0,0,0,1,266
2017-12-17,18,-4.7,37,1.8,2000,-17.2,0.01,0.0,0.0,0,1,12,6,0,0,0,1,204
2017-12-17,19,-5.6,39,1.1,2000,-17.3,0.0,0.0,0.0,0,1,12,6,0,0,0,1,157
2017-12-17,20,-6.0,42,0.8,2000,-16.8,0.0,0.0,0.0,0,1,12,6,0,0,0,1,166
2017-12-17,21,-6.5,45,0.7,2000,-16.4,0.0,0.0,0.0,0,1,12,6,0,0,0,1,168
2017-12-17,22,-6.6,50,0.6,1990,-15.3,0.0,0.0,0.0,0,1,12,6,0,0,0,1,172
2017-12-17,23,-6.9,53,0.7,2000,-14.8,0.0,0.0,0.0,0,1,12,6,0,0,0,1,138
2017-12-18,0,-5.9,50,0.6,2000,-14.6,0.0,0.0,0.0,0,1,12,0,0,0,0,1,151
2017-12-18,1,-5.3,48,0.4,1664,-14.6,0.0,0.0,0.0,0,1,12,0,0,0,0,1,97
2017-12-18,2,-5.0,65,0.4,990,-10.5,0.0,0.0,0.2,0,1,12,0,0,0,0,1,38
2017-12-18,3,-5.3,76,1.0,767,-8.8,0.0,0.3,0.5,0,1,12,0,0,0,0,1,32
2017-12-18,4,-5.4,81,0.7,270,-8.1,0.0,0.0,0.7,0,1,12,0,0,0,0,1,29
2017-12-18,5,-5.3,81,0.9,923,-8.0,0.0,0.0,0.8,0,1,12,0,0,0,0,1,27
2017-12-18,6,-5.2,85,0.9,271,-7.3,0.0,0.4,1.3,0,1,12,0,0,0,0,1,45
2017-12-18,7,-5.0,85,0.7,186,-7.1,0.0,0.0,1.8,0,1,12,0,0,0,0,1,96
2017-12-18,8,-4.6,86,1.2,508,-6.5,0.0,0.0,2.0,0,1,12,0,0,0,0,1,146
2017-12-18,9,-4.3,89,1.0,59,-5.8,0.0,1.6,4.0,0,1,12,0,0,0,0,1,52
2017-12-18,10,-3.7,87,1.0,541,-5.5,0.03,0.0,4.8,0,1,12,0,0,0,0,1,36
2017-12-18,11,-2.9,85,1.2,243,-5.0,0.06,0.0,4.8,0,1,12,0,0,0,0,1,44
2017-12-18,12,-1.8,83,1.2,351,-4.3,0.09,1.1,5.1,0,1,12,0,0,0,0,1,62
2017-12-18,13,-0.9,84,1.2,333,-3.2,0.09,0.0,5.0,0,1,12,0,0,0,0,1,76
2017-12-18,14,0.5,76,0.9,364,-3.2,0.17,0.0,4.2,0,1,12,0,0,0,0,1,116
2017-12-18,15,1.6,73,0.9,421,-2.7,0.6,0.0,3.2,0,1,12,0,0,0,0,1,137
2017-12-18,16,1.8,76,0.8,410,-1.9,0.47,0.0,2.7,0,1,12,0,0,0,0,1,181
2017-12-18,17,0.4,84,0.8,317,-1.9,0.15,0.0,2.7,0,1,12,0,0,0,0,1,175
2017-12-18,18,0.0,88,0.6,277,-1.7,0.0,0.0,2.7,0,1,12,0,0,0,0,1,281
2017-12-18,19,1.3,65,1.1,1122,-4.5,0.0,0.0,2.7,0,1,12,0,0,0,0,1,198
2017-12-18,20,3.3,65,3.2,1172,-2.6,0.0,0.0,2.7,0,1,12,0,0,0,0,1,165
2017-12-18,21,2.8,73,2.4,831,-1.5,0.0,0.0,2.6,0,1,12,0,0,0,0,1,148
2017-12-18,22,1.5,82,2.4,537,-1.2,0.0,0.0,2.6,0,1,12,0,0,0,0,1,160
2017-12-18,23,0.1,81,2.9,551,-2.7,0.0,0.0,2.6,0,1,12,0,0,0,0,1,128
2017-12-19,0,-1.0,73,2.3,881,-5.2,0.0,0.0,2.6,0,1,12,1,0,0,0,1,122
2017-12-19,1,-2.0,72,0.8,979,-6.3,0.0,0.0,2.6,0,1,12,1,0,0,0,1,122
2017-12-19,2,-2.7,72,0.9,990,-7.0,0.0,0.0,2.6,0,1,12,1,0,0,0,1,93
2017-12-19,3,-2.8,58,1.6,1315,-9.9,0.0,0.0,2.6,0,1,12,1,0,0,0,1,55
2017-12-19,4,-2.9,59,1.8,1286,-9.8,0.0,0.0,2.6,0,1,12,1,0,0,0,1,39
2017-12-19,5,-3.9,66,0.7,1209,-9.3,0.0,0.0,2.6,0,1,12,1,0,0,0,1,55
2017-12-19,6,-4.3,70,1.6,1169,-8.9,0.0,0.0,2.6,0,1,12,1,0,0,0,1,78
2017-12-19,7,-4.4,64,2.8,1367,-10.1,0.0,0.0,2.6,0,1,12,1,0,0,0,1,165
2017-12-19,8,-5.2,58,2.2,1594,-12.1,0.0,0.0,2.5,0,1,12,1,0,0,0,1,390
2017-12-19,9,-5.3,48,2.6,1810,-14.6,0.18,0.0,2.5,0,1,12,1,0,0,0,1,199
2017-12-19,10,-4.6,41,2.8,1815,-15.8,0.57,0.0,2.5,0,1,12,1,0,0,0,1,151
2017-12-19,11,-3.5,35,2.2,1742,-16.7,0.87,0.0,2.5,0,1,12,1,0,0,0,1,174
2017-12-19,12,-2.5,31,2.6,1778,-17.3,1.08,0.0,2.3,0,1,12,1,0,0,0,1,191
2017-12-19,13,-2.2,25,3.2,1970,-19.6,1.17,0.0,2.2,0,1,12,1,0,0,0,1,189
2017-12-19,14,-2.2,23,3.7,1971,-20.5,1.09,0.0,2.2,0,1,12,1,0,0,0,1,178
2017-12-19,15,-1.3,26,3.0,2000,-18.3,0.91,0.0,2.1,0,1,12,1,0,0,0,1,195
2017-12-19,16,-1.8,31,3.1,1993,-16.7,0.56,0.0,2.0,0,1,12,1,0,0,0,1,211
2017-12-19,17,-2.7,35,1.8,2000,-16.0,0.18,0.0,2.0,0,1,12,1,0,0,0,1,256
2017-12-19,18,-3.8,42,3.3,2000,-14.8,0.0,0.0,2.0,0,1,12,1,0,0,0,1,384
2017-12-19,19,-4.5,51,2.0,2000,-13.1,0.0,0.0,2.0,0,1,12,1,0,0,0,1,276
2017-12-19,20,-4.9,55,2.0,2000,-12.5,0.0,0.0,2.0,0,1,12,1,0,0,0,1,225
2017-12-19,21,-5.0,57,1.9,2000,-12.2,0.0,0.0,2.0,0,1,12,1,0,0,0,1,224
2017-12-19,22,-5.5,56,1.5,2000,-12.9,0.0,0.0,2.0,0,1,12,1,0,0,0,1,213
2017-12-19,23,-5.8,57,1.7,2000,-12.9,0.0,0.0,2.0,0,1,12,1,0,0,0,1,149
2017-12-20,0,-6.5,63,1.5,1666,-12.3,0.0,0.0,2.0,0,1,12,2,0,0,0,1,142
2017-12-20,1,-7.3,67,1.1,1593,-12.3,0.0,0.0,2.0,0,1,12,2,0,0,0,1,172
2017-12-20,2,-7.8,68,0.9,1642,-12.6,0.0,0.0,2.0,0,1,12,2,0,0,0,1,108
2017-12-20,3,-8.1,70,1.3,1557,-12.6,0.0,0.0,2.0,0,1,12,2,0,0,0,1,71
2017-12-20,4,-8.5,73,1.0,1723,-12.4,0.0,0.0,2.0,0,1,12,2,0,0,0,1,38
2017-12-20,5,-8.3,67,0.9,1566,-13.3,0.0,0.0,2.0,0,1,12,2,0,0,0,1,56
2017-12-20,6,-8.2,66,0.9,1718,-13.4,0.0,0.0,2.0,0,1,12,2,0,0,0,1,97
2017-12-20,7,-8.1,67,0.9,1737,-13.1,0.0,0.0,2.0,0,1,12,2,0,0,0,1,213
2017-12-20,8,-7.8,65,1.1,1738,-13.2,0.0,0.0,2.0,0,1,12,2,0,0,0,1,466
2017-12-20,9,-6.7,62,1.1,1749,-12.7,0.09,0.0,2.0,0,1,12,2,0,0,0,1,239
2017-12-20,10,-5.4,56,1.1,1751,-12.8,0.28,0.0,2.0,0,1,12,2,0,0,0,1,162
2017-12-20,11,-4.2,51,1.1,1772,-12.8,0.4,0.0,1.9,0,1,12,2,0,0,0,1,204
2017-12-20,12,-3.2,49,1.3,1723,-12.4,0.53,0.0,1.9,0,1,12,2,0,0,0,1,209
2017-12-20,13,-1.3,43,1.0,1777,-12.3,0.8,0.0,1.7,0,1,12,2,0,0,0,1,228
2017-12-20,14,-0.5,44,1.0,1793,-11.2,0.71,0.0,1.7,0,1,12,2,0,0,0,1,243
2017-12-20,15,-0.2,45,1.0,1852,-10.7,0.41,0.0,1.6,0,1,12,2,0,0,0,1,240
2017-12-20,16,-0.5,48,1.1,1722,-10.1,0.12,0.0,1.6,0,1,12,2,0,0,0,1,225
2017-12-20,17,-0.9,70,1.1,299,-5.6,0.02,0.0,2.2,0,1,12,2,0,0,0,1,237
2017-12-20,18,-1.4,79,1.6,702,-4.5,0.0,0.1,2.2,0,1,12,2,0,0,0,1,329
2017-12-20,19,-1.5,81,1.8,751,-4.3,0.0,0.0,2.2,0,1,12,2,0,0,0,1,190
2017-12-20,20,-1.9,86,0.9,700,-3.9,0.0,0.0,2.4,0,1,12,2,0,0,0,1,165
2017-12-20,21,-2.0,83,1.2,904,-4.5,0.0,0.1,2.4,0,1,12,2,0,0,0,1,197
2017-12-20,22,-1.6,82,0.4,929,-4.2,0.0,0.0,2.3,0,1,12,2,0,0,0,1,184
2017-12-20,23,-1.1,87,1.4,349,-2.9,0.0,0.0,2.2,0,1,12,2,0,0,0,1,153
2017-12-21,0,-1.3,90,2.0,259,-2.7,0.0,0.0,2.2,0,1,12,3,0,0,0,1,166
2017-12-21,1,-1.8,90,1.6,263,-3.2,0.0,0.0,2.2,0,1,12,3,0,0,0,1,189
2017-12-21,2,-2.2,88,1.4,348,-3.9,0.0,0.0,2.2,0,1,12,3,0,0,0,1,132
2017-12-21,3,-2.9,89,1.3,288,-4.4,0.0,0.0,2.2,0,1,12,3,0,0,0,1,79
2017-12-21,4,-3.6,91,1.2,241,-4.8,0.0,0.0,2.2,0,1,12,3,0,0,0,1,58
2017-12-21,5,-4.3,91,1.5,233,-5.5,0.0,0.0,2.2,0,1,12,3,0,0,0,1,49
2017-12-21,6,-4.8,91,1.1,266,-6.0,0.0,0.0,2.2,0,1,12,3,0,0,0,1,84
2017-12-21,7,-5.3,90,1.1,311,-6.6,0.0,0.0,2.2,0,1,12,3,0,0,0,1,178
2017-12-21,8,-5.6,89,0.9,371,-7.1,0.0,0.0,2.2,0,1,12,3,0,0,0,1,423
2017-12-21,9,-5.3,88,0.4,463,-6.9,0.21,0.0,2.2,0,1,12,3,0,0,0,1,265
2017-12-21,10,-3.0,71,0.7,608,-7.5,0.67,0.0,2.1,0,1,12,3,0,0,0,1,169
2017-12-21,11,-0.7,62,0.7,519,-7.0,0.77,0.0,2.0,0,1,12,3,0,0,0,1,243
2017-12-21,12,1.9,40,2.0,1835,-10.3,1.04,0.0,1.9,0,1,12,3,0,0,0,1,290
2017-12-21,13,3.2,42,1.8,1349,-8.5,1.08,0.0,1.8,0,1,12,3,0,0,0,1,285
2017-12-21,14,4.3,47,2.3,953,-6.0,0.96,0.0,1.6,0,1,12,3,0,0,0,1,255
2017-12-21,15,4.4,46,1.4,1113,-6.2,0.78,0.0,1.0,0,1,12,3,0,0,0,1,316
2017-12-21,16,4.1,51,1.8,1112,-5.1,0.48,0.0,0.9,0,1,12,3,0,0,0,1,301
2017-12-21,17,2.9,60,1.3,1193,-4.1,0.16,0.0,0.8,0,1,12,3,0,0,0,1,366
2017-12-21,18,1.7,64,1.3,1140,-4.3,0.0,0.0,0.8,0,1,12,3,0,0,0,1,531
2017-12-21,19,0.8,71,0.9,923,-3.8,0.0,0.0,0.8,0,1,12,3,0,0,0,1,355
2017-12-21,20,0.2,72,0.7,990,-4.2,0.0,0.0,0.8,0,1,12,3,0,0,0,1,288
2017-12-21,21,-0.4,74,0.6,1065,-4.4,0.0,0.0,0.8,0,1,12,3,0,0,0,1,248
2017-12-21,22,-1.1,78,0.6,865,-4.4,0.0,0.0,0.8,0,1,12,3,0,0,0,1,252
2017-12-21,23,-1.5,79,0.6,821,-4.6,0.0,0.0,0.8,0,1,12,3,0,0,0,1,212
2017-12-22,0,-1.7,79,0.5,794,-4.8,0.0,0.0,0.8,1,1,12,4,0,0,0,1,196
2017-12-22,1,-1.6,79,0.6,784,-4.7,0.0,0.0,0.8,1,1,12,4,0,0,0,1,250
2017-12-22,2,-1.1,79,0.7,736,-4.2,0.0,0.0,0.8,1,1,12,4,0,0,0,1,161
2017-12-22,3,-0.6,76,0.5,789,-4.3,0.0,0.0,0.7,1,1,12,4,0,0,0,1,99
2017-12-22,4,-0.3,76,0.9,760,-4.0,0.0,0.0,0.7,1,1,12,4,0,0,0,1,64
2017-12-22,5,-0.2,73,0.8,880,-4.4,0.0,0.0,0.7,1,1,12,4,0,0,0,1,76
2017-12-22,6,-0.1,71,0.8,895,-4.7,0.0,0.0,0.7,1,1,12,4,0,0,0,1,114
2017-12-22,7,-0.3,72,0.7,919,-4.7,0.0,0.0,0.7,1,1,12,4,0,0,0,1,283
2017-12-22,8,-0.4,69,0.5,904,-5.4,0.0,0.0,0.7,1,1,12,4,0,0,0,1,544
2017-12-22,9,0.3,67,0.7,897,-5.1,0.03,0.0,0.6,1,1,12,4,0,0,0,1,298
2017-12-22,10,1.4,64,1.0,897,-4.6,0.25,0.0,0.5,1,1,12,4,0,0,0,1,248
2017-12-22,11,3.1,57,0.8,804,-4.6,0.63,0.0,0.0,1,1,12,4,0,0,0,1,278
2017-12-22,12,4.5,56,0.8,836,-3.5,0.71,0.0,0.0,1,1,12,4,0,0,0,1,301
2017-12-22,13,5.4,55,1.2,820,-2.9,0.66,0.0,0.0,1,1,12,4,0,0,0,1,320
2017-12-22,14,5.9,55,0.6,779,-2.4,0.48,0.0,0.0,1,1,12,4,0,0,0,1,326
2017-12-22,15,6.5,55,0.9,801,-1.9,0.38,0.0,0.0,1,1,12,4,0,0,0,1,386
2017-12-22,16,6.0,58,0.7,732,-1.6,0.19,0.0,0.0,1,1,12,4,0,0,0,1,416
2017-12-22,17,5.4,61,1.3,691,-1.5,0.08,0.0,0.0,1,1,12,4,0,0,0,1,477
2017-12-22,18,4.9,63,0.6,677,-1.5,0.0,0.0,0.0,1,1,12,4,0,0,0,1,671
2017-12-22,19,5.2,64,0.7,691,-1.0,0.0,0.0,0.0,1,1,12,4,0,0,0,1,481
2017-12-22,20,5.9,67,1.3,779,0.2,0.0,0.0,0.0,1,1,12,4,0,0,0,1,323
2017-12-22,21,6.1,70,2.2,763,1.0,0.0,0.0,0.0,1,1,12,4,0,0,0,1,309
2017-12-22,22,6.1,70,2.7,806,1.0,0.0,0.0,0.0,1,1,12,4,0,0,0,1,314
2017-12-22,23,5.8,74,2.5,832,1.5,0.0,0.0,0.0,1,1,12,4,0,0,0,1,249
2017-12-23,0,5.8,75,1.9,788,1.7,0.0,0.0,0.0,0,1,12,5,0,0,0,1,282
2017-12-23,1,5.7,75,1.7,706,1.6,0.0,0.0,0.0,0,1,12,5,0,0,0,1,337
2017-12-23,2,5.6,76,1.6,641,1.6,0.0,0.0,0.0,0,1,12,5,0,0,0,1,312
2017-12-23,3,5.4,77,1.6,583,1.6,0.0,0.0,0.0,0,1,12,5,0,0,0,1,230
2017-12-23,4,5.3,79,0.9,506,1.9,0.0,0.0,0.0,0,1,12,5,0,0,0,1,120
2017-12-23,5,5.0,81,1.2,425,2.0,0.0,0.0,0.0,0,1,12,5,0,0,0,1,59
2017-12-23,6,5.1,81,1.3,375,2.1,0.0,0.0,0.0,0,1,12,5,0,0,0,1,63
2017-12-23,7,5.1,82,0.7,334,2.2,0.0,0.0,0.0,0,1,12,5,0,0,0,1,99
2017-12-23,8,5.1,83,0.9,297,2.4,0.0,0.0,0.0,0,1,12,5,0,0,0,1,188
2017-12-23,9,5.2,84,0.7,226,2.7,0.03,0.0,0.0,0,1,12,5,0,0,0,1,239
2017-12-23,10,5.4,82,1.2,215,2.5,0.13,0.0,0.0,0,1,12,5,0,0,0,1,235
2017-12-23,11,5.7,81,1.1,192,2.6,0.18,0.0,0.0,0,1,12,5,0,0,0,1,282
2017-12-23,12,7.0,72,1.9,246,2.2,0.64,0.0,0.0,0,1,12,5,0,0,0,1,325
2017-12-23,13,7.7,68,1.0,249,2.1,0.58,0.0,0.0,0,1,12,5,0,0,0,1,423
2017-12-23,14,8.6,63,1.6,263,1.9,0.72,0.0,0.0,0,1,12,5,0,0,0,1,405
2017-12-23,15,8.6,64,1.5,269,2.1,0.57,0.0,0.0,0,1,12,5,0,0,0,1,443
2017-12-23,16,8.2,64,1.0,281,1.7,0.32,0.0,0.0,0,1,12,5,0,0,0,1,473
2017-12-23,17,7.7,67,0.9,264,1.9,0.11,0.0,0.0,0,1,12,5,0,0,0,1,453
2017-12-23,18,6.6,73,0.4,229,2.0,0.0,0.0,0.0,0,1,12,5,0,0,0,1,340
2017-12-23,19,6.0,76,1.1,219,2.0,0.0,0.0,0.0,0,1,12,5,0,0,0,1,260
2017-12-23,20,5.9,75,1.5,222,1.7,0.0,0.0,0.0,0,1,12,5,0,0,0,1,258
2017-12-23,21,5.6,77,0.9,212,1.8,0.0,0.0,0.0,0,1,12,5,0,0,0,1,279
2017-12-23,22,5.3,79,0.6,200,1.9,0.0,0.0,0.0,0,1,12,5,0,0,0,1,282
2017-12-23,23,5.5,80,0.6,185,2.3,0.0,0.0,0.0,0,1,12,5,0,0,0,1,237
2017-12-24,0,5.6,78,0.6,196,2.0,0.0,0.0,0.0,1,1,12,6,0,0,0,1,266
2017-12-24,1,5.6,78,0.5,197,2.0,0.0,0.0,0.0,1,1,12,6,0,0,0,1,251
2017-12-24,2,5.4,80,0.9,190,2.2,0.0,0.0,0.0,1,1,12,6,0,0,0,1,196
2017-12-24,3,5.2,82,0.8,190,2.3,0.0,0.0,0.0,1,1,12,6,0,0,0,1,149
2017-12-24,4,5.2,82,0.7,189,2.3,0.0,0.0,0.0,1,1,12,6,0,0,0,1,79
2017-12-24,5,5.1,82,0.6,185,2.2,0.0,0.0,0.0,1,1,12,6,0,0,0,1,44
2017-12-24,6,4.9,84,1.3,159,2.4,0.0,0.1,0.0,1,1,12,6,0,0,0,1,12
2017-12-24,7,4.7,89,1.1,100,3.0,0.0,0.0,0.0,1,1,12,6,0,0,0,1,3
2017-12-24,8,4.6,91,1.7,95,3.2,0.0,0.0,0.0,1,1,12,6,0,0,0,1,4
2017-12-24,9,4.6,94,0.9,90,3.7,0.0,6.4,0.0,1,1,12,6,0,0,0,1,3
2017-12-24,10,4.8,96,0.6,87,4.2,0.04,0.0,0.0,1,1,12,6,0,0,0,1,4
2017-12-24,11,4.6,95,0.8,156,3.8,0.05,0.0,0.0,1,1,12,6,0,0,0,1,9
2017-12-24,12,4.1,91,0.8,404,2.7,0.07,9.5,0.0,1,1,12,6,0,0,0,1,4
2017-12-24,13,3.7,90,0.7,744,2.2,0.15,0.0,0.0,1,1,12,6,0,0,0,1,7
2017-12-24,14,3.3,90,2.5,561,1.8,0.19,0.0,0.0,1,1,12,6,0,0,0,1,28
2017-12-24,15,2.9,90,2.0,380,1.4,0.08,3.5,0.0,1,1,12,6,0,0,0,1,38
2017-12-24,16,2.3,91,3.3,270,0.9,0.07,0.0,0.0,1,1,12,6,0,0,0,1,54
2017-12-24,17,2.2,86,2.6,605,0.0,0.04,0.0,0.0,1,1,12,6,0,0,0,1,104
2017-12-24,18,1.9,82,4.3,699,-0.8,0.01,0.5,0.0,1,1,12,6,0,0,0,1,128
2017-12-24,19,1.1,68,4.4,695,-4.1,0.0,0.0,0.0,1,1,12,6,0,0,0,1,132
2017-12-24,20,0.6,67,3.3,506,-4.8,0.0,0.0,0.0,1,1,12,6,0,0,0,1,116
2017-12-24,21,0.4,69,3.5,477,-4.6,0.0,0.0,0.0,1,1,12,6,0,0,0,1,145
2017-12-24,22,0.2,69,2.7,565,-4.8,0.0,0.0,0.0,1,1,12,6,0,0,0,1,110
2017-12-24,23,0.0,63,3.2,884,-6.2,0.0,0.0,0.0,1,1,12,6,0,0,0,1,128
2017-12-25,0,-0.6,64,2.4,1010,-6.5,0.0,0.0,0.0,1,1,12,0,0,0,0,1,160
2017-12-25,1,-1.2,57,4.3,1429,-8.6,0.0,0.0,0.0,1,1,12,0,0,0,0,1,132
2017-12-25,2,-1.8,53,4.1,1825,-10.1,0.0,0.0,0.0,1,1,12,0,0,0,0,1,115
2017-12-25,3,-2.3,52,3.4,1947,-10.8,0.0,0.0,0.0,1,1,12,0,0,0,0,1,100
2017-12-25,4,-3.0,51,3.2,2000,-11.7,0.0,0.0,0.0,1,1,12,0,0,0,0,1,72
2017-12-25,5,-3.7,51,2.6,2000,-12.3,0.0,0.0,0.0,1,1,12,0,0,0,0,1,32
2017-12-25,6,-4.1,50,3.0,2000,-13.0,0.0,0.0,0.0,1,1,12,0,0,0,0,1,59
2017-12-25,7,-4.6,46,2.8,2000,-14.4,0.0,0.0,0.0,1,1,12,0,0,0,0,1,61
2017-12-25,8,-4.9,44,3.0,2000,-15.3,0.0,0.0,0.0,1,1,12,0,0,0,0,1,94
2017-12-25,9,-4.6,40,3.5,2000,-16.1,0.18,0.0,0.0,1,1,12,0,0,0,0,1,107
2017-12-25,10,-3.7,35,3.7,1937,-16.9,0.57,0.0,0.0,1,1,12,0,0,0,0,1,133
2017-12-25,11,-2.8,35,2.9,1984,-16.1,0.87,0.0,0.0,1,1,12,0,0,0,0,1,179
2017-12-25,12,-1.6,33,2.5,1874,-15.8,1.18,0.0,0.0,1,1,12,0,0,0,0,1,221
2017-12-25,13,-1.5,33,3.8,2000,-15.7,1.18,0.0,0.0,1,1,12,0,0,0,0,1,244
2017-12-25,14,-0.4,31,2.0,2000,-15.5,1.1,0.0,0.0,1,1,12,0,0,0,0,1,274
2017-12-25,15,0.4,28,2.5,2000,-16.0,0.9,0.0,0.0,1,1,12,0,0,0,0,1,319
2017-12-25,16,0.4,27,2.0,2000,-16.4,0.58,0.0,0.0,1,1,12,0,0,0,0,1,272
2017-12-25,17,-0.7,29,2.0,2000,-16.5,0.21,0.0,0.0,1,1,12,0,0,0,0,1,260
2017-12-25,18,-1.6,33,2.0,2000,-15.8,0.0,0.0,0.0,1,1,12,0,0,0,0,1,237
2017-12-25,19,-1.8,41,2.1,2000,-13.3,0.0,0.0,0.0,1,1,12,0,0,0,0,1,184
2017-12-25,20,-2.1,49,1.7,2000,-11.4,0.0,0.0,0.0,1,1,12,0,0,0,0,1,181
2017-12-25,21,-1.7,51,1.7,2000,-10.5,0.0,0.0,0.0,1,1,12,0,0,0,0,1,185
2017-12-25,22,-1.3,53,1.7,2000,-9.6,0.0,0.0,0.0,1,1,12,0,0,0,0,1,176
2017-12-25,23,-1.0,55,1.9,2000,-8.9,0.0,0.0,0.0,1,1,12,0,0,0,0,1,169
2017-12-26,0,-1.4,58,1.0,1880,-8.6,0.0,0.0,0.0,0,1,12,1,0,0,0,1,178
2017-12-26,1,-1.5,62,1.3,2000,-7.8,0.0,0.0,0.0,0,1,12,1,0,0,0,1,127
2017-12-26,2,-2.1,69,1.0,1995,-7.0,0.0,0.0,0.0,0,1,12,1,0,0,0,1,85
2017-12-26,3,-2.6,70,1.0,1992,-7.3,0.0,0.0,0.0,0,1,12,1,0,0,0,1,72
2017-12-26,4,-2.6,72,1.4,1929,-6.9,0.0,0.0,0.0,0,1,12,1,0,0,0,1,49
2017-12-26,5,-2.9,77,0.8,1833,-6.3,0.0,0.0,0.0,0,1,12,1,0,0,0,1,65
2017-12-26,6,-2.8,73,0.7,1906,-6.9,0.0,0.0,0.0,0,1,12,1,0,0,0,1,120
2017-12-26,7,-2.9,73,1.9,1911,-7.0,0.0,0.0,0.0,0,1,12,1,0,0,0,1,296
2017-12-26,8,-2.7,68,2.2,1919,-7.7,0.0,0.0,0.0,0,1,12,1,0,0,0,1,578
2017-12-26,9,-2.8,52,2.9,1895,-11.3,0.16,0.0,0.0,0,1,12,1,0,0,0,1,293
2017-12-26,10,-2.2,36,4.1,1930,-15.2,0.53,0.0,0.0,0,1,12,1,0,0,0,1,180
2017-12-26,11,-2.1,28,4.9,1887,-18.2,0.87,0.0,0.0,0,1,12,1,0,0,0,1,250
2017-12-26,12,-1.3,23,4.0,2000,-19.8,1.09,0.0,0.0,0,1,12,1,0,0,0,1,262
2017-12-26,13,-2.0,15,4.7,1970,-25.2,1.18,0.0,0.0,0,1,12,1,0,0,0,1,262
2017-12-26,14,-1.6,20,4.3,2000,-21.6,1.11,0.0,0.0,0,1,12,1,0,0,0,1,271
2017-12-26,15,-1.9,17,5.0,2000,-23.7,0.93,0.0,0.0,0,1,12,1,0,0,0,1,246
2017-12-26,16,-1.9,17,3.3,2000,-23.7,0.61,0.0,0.0,0,1,12,1,0,0,0,1,282
2017-12-26,17,-3.6,20,3.7,2000,-23.3,0.23,0.0,0.0,0,1,12,1,0,0,0,1,350
2017-12-26,18,-4.7,23,3.4,2000,-22.7,0.01,0.0,0.0,0,1,12,1,0,0,0,1,481
2017-12-26,19,-5.4,27,3.0,2000,-21.5,0.0,0.0,0.0,0,1,12,1,0,0,0,1,317
2017-12-26,20,-6.1,32,4.7,2000,-20.1,0.0,0.0,0.0,0,1,12,1,0,0,0,1,252
2017-12-26,21,-6.6,39,3.2,2000,-18.2,0.0,0.0,0.0,0,1,12,1,0,0,0,1,220
2017-12-26,22,-7.2,38,3.1,2000,-19.1,0.0,0.0,0.0,0,1,12,1,0,0,0,1,213
2017-12-26,23,-7.5,37,3.1,2000,-19.7,0.0,0.0,0.0,0,1,12,1,0,0,0,1,156
2017-12-27,0,-7.9,37,2.2,2000,-20.0,0.0,0.0,0.0,0,1,12,2,0,0,0,1,133
2017-12-27,1,-8.2,39,1.8,2000,-19.7,0.0,0.0,0.0,0,1,12,2,0,0,0,1,142
2017-12-27,2,-8.6,37,1.5,2000,-20.7,0.0,0.0,0.0,0,1,12,2,0,0,0,1,93
2017-12-27,3,-9.1,37,1.0,2000,-21.1,0.0,0.0,0.0,0,1,12,2,0,0,0,1,81
2017-12-27,4,-9.1,33,2.3,2000,-22.4,0.0,0.0,0.0,0,1,12,2,0,0,0,1,55
2017-12-27,5,-9.4,36,1.9,2000,-21.7,0.0,0.0,0.0,0,1,12,2,0,0,0,1,66
2017-12-27,6,-9.8,37,1.7,2000,-21.7,0.0,0.0,0.0,0,1,12,2,0,0,0,1,105
2017-12-27,7,-10.1,38,2.3,2000,-21.7,0.0,0.0,0.0,0,1,12,2,0,0,0,1,262
2017-12-27,8,-10.2,35,1.8,2000,-22.7,0.0,0.0,0.0,0,1,12,2,0,0,0,1,502
2017-12-27,9,-9.8,33,2.0,1997,-23.0,0.17,0.0,0.0,0,1,12,2,0,0,0,1,279
2017-12-27,10,-8.5,29,2.4,1992,-23.4,0.56,0.0,0.0,0,1,12,2,0,0,0,1,146
2017-12-27,11,-6.8,28,2.1,1986,-22.3,0.88,0.0,0.0,0,1,12,2,0,0,0,1,213
2017-12-27,12,-5.5,21,2.1,1941,-24.4,1.08,0.0,0.0,0,1,12,2,0,0,0,1,230
2017-12-27,13,-4.7,18,3.7,2000,-25.4,1.16,0.0,0.0,0,1,12,2,0,0,0,1,258
2017-12-27,14,-4.0,18,2.4,2000,-24.8,1.09,0.0,0.0,0,1,12,2,0,0,0,1,231
2017-12-27,15,-3.1,16,2.2,2000,-25.4,0.9,0.0,0.0,0,1,12,2,0,0,0,1,228
2017-12-27,16,-3.2,23,2.7,2000,-21.4,0.57,0.0,0.0,0,1,12,2,0,0,0,1,269
2017-12-27,17,-4.2,26,2.2,2000,-20.8,0.2,0.0,0.0,0,1,12,2,0,0,0,1,314
2017-12-27,18,-5.2,32,2.2,2000,-19.3,0.0,0.0,0.0,0,1,12,2,0,0,0,1,466
2017-12-27,19,-5.5,31,2.1,2000,-19.9,0.0,0.0,0.0,0,1,12,2,0,0,0,1,315
2017-12-27,20,-5.9,34,0.9,2000,-19.2,0.0,0.0,0.0,0,1,12,2,0,0,0,1,262
2017-12-27,21,-6.4,34,1.2,2000,-19.7,0.0,0.0,0.0,0,1,12,2,0,0,0,1,242
2017-12-27,22,-6.4,36,1.3,2000,-19.0,0.0,0.0,0.0,0,1,12,2,0,0,0,1,243
2017-12-27,23,-6.3,39,0.9,2000,-18.0,0.0,0.0,0.0,0,1,12,2,0,0,0,1,216
2017-12-28,0,-6.5,41,1.7,2000,-17.6,0.0,0.0,0.0,0,1,12,3,0,0,0,1,164
2017-12-28,1,-6.6,39,1.4,2000,-18.2,0.0,0.0,0.0,0,1,12,3,0,0,0,1,169
2017-12-28,2,-6.6,34,1.8,2000,-19.8,0.0,0.0,0.0,0,1,12,3,0,0,0,1,163
2017-12-28,3,-6.0,32,2.5,2000,-20.0,0.0,0.0,0.0,0,1,12,3,0,0,0,1,86
2017-12-28,4,-5.8,32,1.6,2000,-19.8,0.0,0.0,0.0,0,1,12,3,0,0,0,1,50
2017-12-28,5,-5.7,28,1.2,2000,-21.3,0.0,0.0,0.0,0,1,12,3,0,0,0,1,61
2017-12-28,6,-5.5,24,0.5,2000,-22.9,0.0,0.0,0.0,0,1,12,3,0,0,0,1,103
2017-12-28,7,-5.0,31,0.5,2000,-19.5,0.0,0.0,0.0,0,1,12,3,0,0,0,1,257
2017-12-28,8,-4.7,30,0.6,2000,-19.6,0.0,0.0,0.0,0,1,12,3,0,0,0,1,554
2017-12-28,9,-4.3,38,0.7,1877,-16.5,0.04,0.0,0.0,0,1,12,3,0,0,0,1,326
2017-12-28,10,-3.4,33,1.3,1863,-17.4,0.33,0.0,0.0,0,1,12,3,0,0,0,1,225
2017-12-28,11,-2.1,34,1.0,1868,-15.8,0.65,0.0,0.0,0,1,12,3,0,0,0,1,288
2017-12-28,12,-0.8,38,1.0,1686,-13.3,0.75,0.0,0.0,0,1,12,3,0,0,0,1,286
2017-12-28,13,0.8,46,1.4,1598,-9.5,0.8,0.0,0.0,0,1,12,3,0,0,0,1,301
2017-12-28,14,0.8,55,1.8,1132,-7.2,0.59,0.0,0.0,0,1,12,3,0,0,0,1,311
2017-12-28,15,0.4,57,2.4,1179,-7.1,0.36,0.0,0.0,0,1,12,3,0,0,0,1,303
2017-12-28,16,0.3,57,2.3,1204,-7.2,0.19,0.0,0.0,0,1,12,3,0,0,0,1,390
2017-12-28,17,0.2,58,2.0,1159,-7.1,0.08,0.0,0.0,0,1,12,3,0,0,0,1,407
2017-12-28,18,-0.6,62,1.6,1129,-6.9,0.0,0.0,0.0,0,1,12,3,0,0,0,1,552
2017-12-28,19,-0.4,62,0.9,1103,-6.8,0.0,0.0,0.0,0,1,12,3,0,0,0,1,402
2017-12-28,20,-0.3,62,1.3,1040,-6.7,0.0,0.0,0.0,0,1,12,3,0,0,0,1,319
2017-12-28,21,-0.2,62,0.6,986,-6.6,0.0,0.0,0.0,0,1,12,3,0,0,0,1,332
2017-12-28,22,0.0,63,1.3,968,-6.2,0.0,0.0,0.0,0,1,12,3,0,0,0,1,285
2017-12-28,23,0.1,63,1.1,1003,-6.1,0.0,0.0,0.0,0,1,12,3,0,0,0,1,260
2017-12-29,0,0.2,63,0.7,925,-6.0,0.0,0.0,0.0,0,1,12,4,0,0,0,1,233
2017-12-29,1,0.3,63,0.7,760,-5.9,0.0,0.0,0.0,0,1,12,4,0,0,0,1,269
2017-12-29,2,0.5,63,1.0,691,-5.7,0.0,0.0,0.0,0,1,12,4,0,0,0,1,210
2017-12-29,3,0.6,64,0.4,731,-5.4,0.0,0.0,0.0,0,1,12,4,0,0,0,1,135
2017-12-29,4,0.6,65,0.4,712,-5.2,0.0,0.0,0.0,0,1,12,4,0,0,0,1,85
2017-12-29,5,0.7,66,0.7,687,-4.9,0.0,0.0,0.0,0,1,12,4,0,0,0,1,67
2017-12-29,6,0.8,68,0.6,673,-4.4,0.0,0.0,0.0,0,1,12,4,0,0,0,1,128
2017-12-29,7,0.9,67,0.6,658,-4.5,0.0,0.0,0.0,0,1,12,4,0,0,0,1,289
2017-12-29,8,1.0,68,0.6,624,-4.2,0.0,0.0,0.0,0,1,12,4,0,0,0,1,636
2017-12-29,9,1.2,67,0.2,591,-4.2,0.06,0.0,0.0,0,1,12,4,0,0,0,1,353
2017-12-29,10,1.9,65,0.3,562,-3.9,0.17,0.0,0.0,0,1,12,4,0,0,0,1,252
2017-12-29,11,3.1,62,1.1,517,-3.4,0.29,0.0,0.0,0,1,12,4,0,0,0,1,317
2017-12-29,12,4.3,62,1.6,472,-2.3,0.52,0.0,0.0,0,1,12,4,0,0,0,1,363
2017-12-29,13,5.2,58,2.5,435,-2.4,0.81,0.0,0.0,0,1,12,4,0,0,0,1,370
2017-12-29,14,5.7,54,3.5,418,-2.9,0.83,0.0,0.0,0,1,12,4,0,0,0,1,419
2017-12-29,15,5.7,53,2.7,408,-3.1,0.65,0.0,0.0,0,1,12,4,0,0,0,1,426
2017-12-29,16,5.4,56,2.2,396,-2.6,0.39,0.0,0.0,0,1,12,4,0,0,0,1,504
2017-12-29,17,4.5,59,1.6,384,-2.8,0.14,0.0,0.0,0,1,12,4,0,0,0,1,534
2017-12-29,18,3.6,62,1.4,389,-3.0,0.01,0.0,0.0,0,1,12,4,0,0,0,1,574
2017-12-29,19,2.7,68,1.2,348,-2.6,0.0,0.0,0.0,0,1,12,4,0,0,0,1,395
2017-12-29,20,1.7,73,0.5,332,-2.6,0.0,0.0,0.0,0,1,12,4,0,0,0,1,292
2017-12-29,21,1.0,77,1.5,297,-2.5,0.0,0.0,0.0,0,1,12,4,0,0,0,1,282
2017-12-29,22,0.8,77,1.4,293,-2.7,0.0,0.0,0.0,0,1,12,4,0,0,0,1,294
2017-12-29,23,0.3,80,0.8,264,-2.7,0.0,0.0,0.0,0,1,12,4,0,0,0,1,236
2017-12-30,0,-0.4,83,1.2,247,-2.9,0.0,0.0,0.0,0,1,12,5,0,0,0,1,240
2017-12-30,1,-0.5,83,0.7,244,-3.0,0.0,0.0,0.0,0,1,12,5,0,0,0,1,234
2017-12-30,2,-0.9,84,0.6,230,-3.2,0.0,0.0,0.0,0,1,12,5,0,0,0,1,192
2017-12-30,3,-1.1,83,0.8,237,-3.6,0.0,0.0,0.0,0,1,12,5,0,0,0,1,127
2017-12-30,4,-1.1,83,0.7,242,-3.6,0.0,0.0,0.0,0,1,12,5,0,0,0,1,86
2017-12-30,5,-1.2,81,0.8,258,-4.0,0.0,0.0,0.0,0,1,12,5,0,0,0,1,52
2017-12-30,6,-1.1,81,1.0,253,-3.9,0.0,0.0,0.0,0,1,12,5,0,0,0,1,62
2017-12-30,7,-0.7,79,0.7,259,-3.8,0.0,0.0,0.0,0,1,12,5,0,0,0,1,88
2017-12-30,8,-0.4,78,0.5,249,-3.7,0.0,0.0,0.0,0,1,12,5,0,0,0,1,162
2017-12-30,9,0.2,76,1.3,249,-3.5,0.03,0.0,0.0,0,1,12,5,0,0,0,1,224
2017-12-30,10,0.8,73,0.5,248,-3.4,0.15,0.0,0.0,0,1,12,5,0,0,0,1,208
2017-12-30,11,2.0,69,1.0,257,-3.1,0.32,0.0,0.0,0,1,12,5,0,0,0,1,237
2017-12-30,12,3.2,64,0.8,258,-2.9,0.47,0.0,0.0,0,1,12,5,0,0,0,1,274
2017-12-30,13,4.0,62,1.0,256,-2.6,0.51,0.0,0.0,0,1,12,5,0,0,0,1,333
2017-12-30,14,4.3,60,1.2,272,-2.7,0.4,0.0,0.0,0,1,12,5,0,0,0,1,356
2017-12-30,15,4.3,61,0.7,274,-2.5,0.23,0.0,0.0,0,1,12,5,0,0,0,1,337
2017-12-30,16,4.1,63,0.7,263,-2.3,0.13,0.0,0.0,0,1,12,5,0,0,0,1,345
2017-12-30,17,3.8,64,0.9,250,-2.3,0.01,0.0,0.0,0,1,12,5,0,0,0,1,183
2017-12-30,18,3.0,84,1.7,137,0.5,0.0,0.3,0.0,0,1,12,5,0,0,0,1,45
2017-12-30,19,2.3,89,0.6,96,0.6,0.0,0.0,0.0,0,1,12,5,0,0,0,1,40
2017-12-30,20,1.9,90,0.9,88,0.4,0.0,0.0,0.0,0,1,12,5,0,0,0,1,66
2017-12-30,21,1.8,92,1.1,109,0.6,0.0,0.2,0.0,0,1,12,5,0,0,0,1,64
2017-12-30,22,1.8,92,1.2,94,0.6,0.0,0.0,0.0,0,1,12,5,0,0,0,1,30
2017-12-30,23,1.4,92,1.9,73,0.2,0.0,0.0,0.0,0,1,12,5,0,0,0,1,42
2017-12-31,0,0.9,95,1.8,63,0.1,0.0,0.2,0.2,1,1,12,6,0,0,0,1,43
2017-12-31,1,0.5,95,2.1,79,-0.2,0.0,0.0,0.6,1,1,12,6,0,0,0,1,43
2017-12-31,2,0.4,95,1.7,110,-0.3,0.0,0.0,1.2,1,1,12,6,0,0,0,1,65
2017-12-31,3,0.3,91,2.0,172,-1.0,0.0,1.0,1.2,1,1,12,6,0,0,0,1,65
2017-12-31,4,-0.2,87,3.5,246,-2.1,0.0,0.0,1.2,1,1,12,6,0,0,0,1,32
2017-12-31,5,-0.8,85,2.8,329,-3.0,0.0,0.0,1.2,1,1,12,6,0,0,0,1,22
2017-12-31,6,-1.3,84,2.4,425,-3.6,0.0,0.0,1.2,1,1,12,6,0,0,0,1,25
2017-12-31,7,-1.8,86,1.7,367,-3.8,0.0,0.0,1.2,1,1,12,6,0,0,0,1,39
2017-12-31,8,-2.1,86,1.4,354,-4.1,0.0,0.0,1.2,1,1,12,6,0,0,0,1,84
2017-12-31,9,-1.9,82,1.6,410,-4.5,0.15,0.0,1.2,1,1,12,6,0,0,0,1,103
2017-12-31,10,-0.5,73,1.7,609,-4.7,0.53,0.0,1.1,1,1,12,6,0,0,0,1,110
2017-12-31,11,0.8,62,2.8,801,-5.6,0.88,0.0,1.1,1,1,12,6,0,0,0,1,142
2017-12-31,12,1.4,47,4.5,1388,-8.7,1.1,0.0,1.0,1,1,12,6,0,0,0,1,209
2017-12-31,13,2.5,36,3.7,1578,-11.0,1.15,0.0,0.7,1,1,12,6,0,0,0,1,267
2017-12-31,14,3.0,28,3.8,1956,-13.7,1.1,0.0,0.0,1,1,12,6,0,0,0,1,262
2017-12-31,15,3.1,25,3.9,2000,-15.0,0.9,0.0,0.0,1,1,12,6,0,0,0,1,300
2017-12-31,16,2.7,26,2.7,2000,-14.9,0.59,0.0,0.0,1,1,12,6,0,0,0,1,272
2017-12-31,17,1.7,30,2.9,2000,-14.0,0.22,0.0,0.0,1,1,12,6,0,0,0,1,240
2017-12-31,18,0.7,31,2.3,2000,-14.5,0.01,0.0,0.0,1,1,12,6,0,0,0,1,215
2017-12-31,19,0.0,31,2.2,2000,-15.1,0.0,0.0,0.0,1,1,12,6,0,0,0,1,163
2017-12-31,20,-1.0,32,0.9,2000,-15.6,0.0,0.0,0.0,1,1,12,6,0,0,0,1,161
2017-12-31,21,-1.6,35,1.0,2000,-15.1,0.0,0.0,0.0,1,1,12,6,0,0,0,1,179
2017-12-31,22,-2.1,36,1.7,2000,-15.2,0.0,0.0,0.0,1,1,12,6,0,0,0,1,155
2017-12-31,23,-2.6,40,0.6,2000,-14.3,0.0,0.0,0.0,1,1,12,6,0,0,0,1,227
2018-01-01,0,-3.2,40,0.5,1358,-14.9,0.0,0.0,0.0,1,1,1,0,0,0,0,1,206
2018-01-01,1,-3.3,41,0.7,2000,-14.7,0.0,0.0,0.0,1,1,1,0,0,0,0,1,230
2018-01-01,2,-3.7,42,0.9,2000,-14.7,0.0,0.0,0.0,1,1,1,0,0,0,0,1,178
2018-01-01,3,-4.0,44,1.0,2000,-14.4,0.0,0.0,0.0,1,1,1,0,0,0,0,1,119
2018-01-01,4,-4.2,53,1.1,1994,-12.3,0.0,0.0,0.0,1,1,1,0,0,0,0,1,62
2018-01-01,5,-4.4,54,0.8,1786,-12.3,0.0,0.0,0.0,1,1,1,0,0,0,0,1,61
2018-01-01,6,-4.5,51,1.1,2000,-13.1,0.0,0.0,0.0,1,1,1,0,0,0,0,1,65
2018-01-01,7,-4.7,56,1.1,2000,-12.1,0.0,0.0,0.0,1,1,1,0,0,0,0,1,81
2018-01-01,8,-5.0,55,1.0,2000,-12.6,0.0,0.0,0.0,1,1,1,0,0,0,0,1,89
2018-01-01,9,-4.3,39,0.7,1973,-16.2,0.15,0.0,0.0,1,1,1,0,0,0,0,1,121
2018-01-01,10,-1.6,32,0.8,1766,-16.1,0.53,0.0,0.0,1,1,1,0,0,0,0,1,139
2018-01-01,11,0.1,27,2.2,1874,-16.7,0.84,0.0,0.0,1,1,1,0,0,0,0,1,169
2018-01-01,12,1.5,20,2.8,1992,-19.0,1.03,0.0,0.0,1,1,1,0,0,0,0,1,225
2018-01-01,13,2.4,22,2.3,1921,-17.2,1.1,0.0,0.0,1,1,1,0,0,0,0,1,248
2018-01-01,14,3.7,24,2.1,1906,-15.0,1.01,0.0,0.0,1,1,1,0,0,0,0,1,298
2018-01-01,15,3.0,27,2.9,1715,-14.2,0.78,0.0,0.0,1,1,1,0,0,0,0,1,344
2018-01-01,16,3.0,28,2.5,1864,-13.7,0.51,0.0,0.0,1,1,1,0,0,0,0,1,310
2018-01-01,17,1.8,33,3.3,1913,-12.8,0.18,0.0,0.0,1,1,1,0,0,0,0,1,271
2018-01-01,18,0.8,34,1.9,1887,-13.3,0.01,0.0,0.0,1,1,1,0,0,0,0,1,218
2018-01-01,19,-0.1,39,1.3,1911,-12.4,0.0,0.0,0.0,1,1,1,0,0,0,0,1,125
2018-01-01,20,-0.3,40,1.2,1936,-12.2,0.0,0.0,0.0,1,1,1,0,0,0,0,1,206
2018-01-01,21,-0.9,44,1.2,1871,-11.6,0.0,0.0,0.0,1,1,1,0,0,0,0,1,203
2018-01-01,22,-1.3,48,0.8,1927,-10.9,0.0,0.0,0.0,1,1,1,0,0,0,0,1,168
2018-01-01,23,-1.6,51,0.7,1882,-10.4,0.0,0.0,0.0,1,1,1,0,0,0,0,1,154
2018-01-02,0,-1.8,54,1.1,1772,-9.8,0.0,0.0,0.0,0,1,1,1,0,0,0,1,148
2018-01-02,1,-2.1,56,0.8,1732,-9.7,0.0,0.0,0.0,0,1,1,1,0,0,0,1,108
2018-01-02,2,-2.3,62,0.9,1560,-8.6,0.0,0.0,0.0,0,1,1,1,0,0,0,1,69
2018-01-02,3,-2.5,62,0.4,1626,-8.7,0.0,0.0,0.0,0,1,1,1,0,0,0,1,41
2018-01-02,4,-2.7,67,0.5,1302,-7.9,0.0,0.0,0.0,0,1,1,1,0,0,0,1,31
2018-01-02,5,-3.1,67,0.6,1384,-8.3,0.0,0.0,0.0,0,1,1,1,0,0,0,1,58
2018-01-02,6,-3.2,67,0.4,1409,-8.4,0.0,0.0,0.0,0,1,1,1,0,0,0,1,139
2018-01-02,7,-3.2,69,0.5,1249,-8.0,0.0,0.0,0.0,0,1,1,1,0,0,0,1,344
2018-01-02,8,-3.4,71,0.8,1179,-7.9,0.0,0.0,0.0,0,1,1,1,0,0,0,1,655
2018-01-02,9,-3.1,66,0.2,1168,-8.5,0.12,0.0,0.0,0,1,1,1,0,0,0,1,315
2018-01-02,10,-1.4,50,1.9,1355,-10.5,0.38,0.0,0.0,0,1,1,1,0,0,0,1,208
2018-01-02,11,-0.4,40,2.3,1633,-12.3,0.66,0.0,0.0,0,1,1,1,0,0,0,1,269
2018-01-02,12,0.9,29,1.9,1761,-15.1,0.88,0.0,0.0,0,1,1,1,0,0,0,1,293
2018-01-02,13,1.5,23,3.6,1970,-17.4,0.95,0.0,0.0,0,1,1,1,0,0,0,1,273
2018-01-02,14,1.7,20,4.4,1995,-18.9,0.91,0.0,0.0,0,1,1,1,0,0,0,1,302
2018-01-02,15,1.5,22,3.0,1998,-17.9,0.76,0.0,0.0,0,1,1,1,0,0,0,1,295
2018-01-02,16,1.3,23,2.9,2000,-17.6,0.51,0.0,0.0,0,1,1,1,0,0,0,1,320
2018-01-02,17,0.3,27,2.6,2000,-16.5,0.18,0.0,0.0,0,1,1,1,0,0,0,1,373
2018-01-02,18,-0.8,24,2.3,2000,-18.9,0.01,0.0,0.0,0,1,1,1,0,0,0,1,675
2018-01-02,19,-1.3,28,2.4,2000,-17.5,0.0,0.0,0.0,0,1,1,1,0,0,0,1,403
2018-01-02,20,-1.9,26,2.2,2000,-18.9,0.0,0.0,0.0,0,1,1,1,0,0,0,1,364
2018-01-02,21,-2.6,28,2.0,2000,-18.6,0.0,0.0,0.0,0,1,1,1,0,0,0,1,304
2018-01-02,22,-3.4,33,2.4,2000,-17.4,0.0,0.0,0.0,0,1,1,1,0,0,0,1,273
2018-01-02,23,-3.8,35,2.3,2000,-17.0,0.0,0.0,0.0,0,1,1,1,0,0,0,1,186
2018-01-03,0,-4.3,38,1.4,2000,-16.5,0.0,0.0,0.0,0,1,1,2,0,0,0,1,160
2018-01-03,1,-5.0,42,1.2,1993,-15.9,0.0,0.0,0.0,0,1,1,2,0,0,0,1,130
2018-01-03,2,-5.5,43,2.0,2000,-16.1,0.0,0.0,0.0,0,1,1,2,0,0,0,1,110
2018-01-03,3,-6.1,45,1.3,1999,-16.1,0.0,0.0,0.0,0,1,1,2,0,0,0,1,67
2018-01-03,4,-6.1,45,2.3,2000,-16.1,0.0,0.0,0.0,0,1,1,2,0,0,0,1,43
2018-01-03,5,-6.4,47,2.4,1981,-15.8,0.0,0.0,0.0,0,1,1,2,0,0,0,1,67
2018-01-03,6,-6.7,48,2.4,1991,-15.9,0.0,0.0,0.0,0,1,1,2,0,0,0,1,137
2018-01-03,7,-6.9,48,2.4,1974,-16.0,0.0,0.0,0.0,0,1,1,2,0,0,0,1,308
2018-01-03,8,-7.0,49,1.5,1971,-15.9,0.0,0.0,0.0,0,1,1,2,0,0,0,1,670
2018-01-03,9,-6.8,44,1.7,1858,-17.0,0.16,0.0,0.0,0,1,1,2,0,0,0,1,342
2018-01-03,10,-5.6,38,2.9,1752,-17.6,0.55,0.0,0.0,0,1,1,2,0,0,0,1,213
2018-01-03,11,-4.5,36,3.2,1736,-17.3,0.77,0.0,0.0,0,1,1,2,0,0,0,1,267
2018-01-03,12,-3.4,32,3.1,1706,-17.7,1.02,0.0,0.0,0,1,1,2,0,0,0,1,297
2018-01-03,13,-2.2,31,2.3,1910,-17.0,1.13,0.0,0.0,0,1,1,2,0,0,0,1,279
2018-01-03,14,-1.5,30,2.8,1903,-16.8,1.1,0.0,0.0,0,1,1,2,0,0,0,1,270
2018-01-03,15,-1.1,29,2.8,1976,-16.9,0.96,0.0,0.0,0,1,1,2,0,0,0,1,286
2018-01-03,16,-0.4,30,2.0,2000,-15.9,0.62,0.0,0.0,0,1,1,2,0,0,0,1,299
2018-01-03,17,-1.9,35,1.8,2000,-15.3,0.25,0.0,0.0,0,1,1,2,0,0,0,1,382
2018-01-03,18,-3.1,39,2.1,2000,-15.1,0.0,0.0,0.0,0,1,1,2,0,0,0,1,637
2018-01-03,19,-3.7,41,2.0,2000,-15.0,0.0,0.0,0.0,0,1,1,2,0,0,0,1,431
2018-01-03,20,-3.9,44,2.5,2000,-14.3,0.0,0.0,0.0,0,1,1,2,0,0,0,1,294
2018-01-03,21,-4.3,47,2.8,1997,-13.9,0.0,0.0,0.0,0,1,1,2,0,0,0,1,335
2018-01-03,22,-5.2,53,1.3,1969,-13.3,0.0,0.0,0.0,0,1,1,2,0,0,0,1,291
2018-01-03,23,-5.9,54,0.8,1968,-13.7,0.0,0.0,0.0,0,1,1,2,0,0,0,1,197
2018-01-04,0,-6.3,54,1.4,1990,-14.1,0.0,0.0,0.0,0,1,1,3,0,0,0,1,159
2018-01-04,1,-6.9,56,2.3,1994,-14.2,0.0,0.0,0.0,0,1,1,3,0,0,0,1,150
2018-01-04,2,-7.3,57,2.0,1978,-14.3,0.0,0.0,0.0,0,1,1,3,0,0,0,1,123
2018-01-04,3,-7.4,54,1.7,1968,-15.1,0.0,0.0,0.0,0,1,1,3,0,0,0,1,57
2018-01-04,4,-7.5,55,1.3,1984,-15.0,0.0,0.0,0.0,0,1,1,3,0,0,0,1,38
2018-01-04,5,-7.6,49,1.3,2000,-16.4,0.0,0.0,0.0,0,1,1,3,0,0,0,1,66
2018-01-04,6,-7.6,47,2.3,2000,-16.9,0.0,0.0,0.0,0,1,1,3,0,0,0,1,120
2018-01-04,7,-8.1,51,0.5,1987,-16.4,0.0,0.0,0.0,0,1,1,3,0,0,0,1,302
2018-01-04,8,-8.6,55,0.6,1984,-16.0,0.0,0.0,0.0,0,1,1,3,0,0,0,1,646
2018-01-04,9,-7.9,48,1.2,1926,-17.0,0.14,0.0,0.0,0,1,1,3,0,0,0,1,340
2018-01-04,10,-6.4,43,1.0,1872,-16.9,0.43,0.0,0.0,0,1,1,3,0,0,0,1,197
2018-01-04,11,-4.4,40,0.8,1671,-16.0,0.69,0.0,0.0,0,1,1,3,0,0,0,1,264
2018-01-04,12,-2.9,33,0.9,1813,-16.9,0.92,0.0,0.0,0,1,1,3,0,0,0,1,290
2018-01-04,13,-2.0,32,1.0,1864,-16.5,0.91,0.0,0.0,0,1,1,3,0,0,0,1,284
2018-01-04,14,-0.8,32,1.4,1846,-15.4,0.78,0.0,0.0,0,1,1,3,0,0,0,1,262
2018-01-04,15,-1.2,31,0.8,1732,-16.2,0.47,0.0,0.0,0,1,1,3,0,0,0,1,281
2018-01-04,16,-1.4,34,1.8,1719,-15.2,0.3,0.0,0.0,0,1,1,3,0,0,0,1,309
2018-01-04,17,-2.1,37,1.4,1591,-14.8,0.09,0.0,0.0,0,1,1,3,0,0,0,1,397
2018-01-04,18,-2.6,38,1.4,1604,-14.9,0.0,0.0,0.0,0,1,1,3,0,0,0,1,603
2018-01-04,19,-2.7,39,1.4,1616,-14.7,0.0,0.0,0.0,0,1,1,3,0,0,0,1,417
2018-01-04,20,-2.8,39,1.7,1702,-14.8,0.0,0.0,0.0,0,1,1,3,0,0,0,1,311
2018-01-04,21,-3.1,41,2.0,1742,-14.5,0.0,0.0,0.0,0,1,1,3,0,0,0,1,310
2018-01-04,22,-3.6,46,1.3,1689,-13.5,0.0,0.0,0.0,0,1,1,3,0,0,0,1,306
2018-01-04,23,-4.0,48,1.5,1536,-13.4,0.0,0.0,0.0,0,1,1,3,0,0,0,1,221
2018-01-05,0,-4.7,52,1.8,1611,-13.0,0.0,0.0,0.0,0,1,1,4,0,0,0,1,202
2018-01-05,1,-5.1,51,1.5,1550,-13.6,0.0,0.0,0.0,0,1,1,4,0,0,0,1,170
2018-01-05,2,-5.3,52,1.6,1481,-13.6,0.0,0.0,0.0,0,1,1,4,0,0,0,1,118
2018-01-05,3,-5.5,56,1.1,1453,-12.9,0.0,0.0,0.0,0,1,1,4,0,0,0,1,67
2018-01-05,4,-5.1,55,1.7,1266,-12.7,0.0,0.0,0.0,0,1,1,4,0,0,0,1,47
2018-01-05,5,-5.1,55,1.5,1452,-12.7,0.0,0.0,0.0,0,1,1,4,0,0,0,1,75
2018-01-05,6,-5.1,54,1.3,1346,-12.9,0.0,0.0,0.0,0,1,1,4,0,0,0,1,123
2018-01-05,7,-5.3,53,1.1,1300,-13.4,0.0,0.0,0.0,0,1,1,4,0,0,0,1,327
2018-01-05,8,-5.3,51,1.0,1319,-13.8,0.0,0.0,0.0,0,1,1,4,0,0,0,1,665
2018-01-05,9,-4.7,49,1.2,1550,-13.8,0.12,0.0,0.0,0,1,1,4,0,0,0,1,354
2018-01-05,10,-3.3,50,1.3,1407,-12.2,0.4,0.0,0.0,0,1,1,4,0,0,0,1,232
2018-01-05,11,-0.7,45,1.5,1429,-11.1,0.76,0.0,0.0,0,1,1,4,0,0,0,1,308
2018-01-05,12,-0.3,45,2.2,1066,-10.8,1.01,0.0,0.0,0,1,1,4,0,0,0,1,362
2018-01-05,13,0.9,43,2.0,1112,-10.2,0.98,0.0,0.0,0,1,1,4,0,0,0,1,312
2018-01-05,14,1.4,41,2.0,1003,-10.4,0.99,0.0,0.0,0,1,1,4,0,0,0,1,343
2018-01-05,15,1.5,34,2.8,1776,-12.6,0.84,0.0,0.0,0,1,1,4,0,0,0,1,333
2018-01-05,16,1.0,34,2.9,2000,-13.1,0.61,0.0,0.0,0,1,1,4,0,0,0,1,329
2018-01-05,17,-0.6,45,3.3,1827,-11.0,0.24,0.0,0.0,0,1,1,4,0,0,0,1,446
2018-01-05,18,-1.8,44,2.2,1709,-12.4,0.01,0.0,0.0,0,1,1,4,0,0,0,1,635
2018-01-05,19,-2.5,49,0.6,1436,-11.7,0.0,0.0,0.0,0,1,1,4,0,0,0,1,443
2018-01-05,20,-3.4,51,1.1,1391,-12.1,0.0,0.0,0.0,0,1,1,4,0,0,0,1,322
2018-01-05,21,-3.5,53,0.9,1353,-11.7,0.0,0.0,0.0,0,1,1,4,0,0,0,1,284
2018-01-05,22,-3.8,53,1.3,1300,-12.0,0.0,0.0,0.0,0,1,1,4,0,0,0,1,281
2018-01-05,23,-3.6,50,1.9,1284,-12.5,0.0,0.0,0.0,0,1,1,4,0,0,0,1,189
2018-01-06,0,-4.3,52,1.6,1247,-12.7,0.0,0.0,0.0,0,1,1,5,0,0,0,1,184
2018-01-06,1,-4.8,54,1.2,1219,-12.7,0.0,0.0,0.0,0,1,1,5,0,0,0,1,222
2018-01-06,2,-5.5,56,1.4,1285,-12.9,0.0,0.0,0.0,0,1,1,5,0,0,0,1,176
2018-01-06,3,-5.6,56,1.0,1367,-13.0,0.0,0.0,0.0,0,1,1,5,0,0,0,1,103
2018-01-06,4,-5.9,61,1.1,1260,-12.2,0.0,0.0,0.0,0,1,1,5,0,0,0,1,61
2018-01-06,5,-6.1,64,1.0,1231,-11.8,0.0,0.0,0.0,0,1,1,5,0,0,0,1,48
2018-01-06,6,-6.5,67,0.7,1175,-11.6,0.0,0.0,0.0,0,1,1,5,0,0,0,1,69
2018-01-06,7,-6.6,65,1.0,1320,-12.0,0.0,0.0,0.0,0,1,1,5,0,0,0,1,105
2018-01-06,8,-6.5,62,1.1,1503,-12.5,0.0,0.0,0.0,0,1,1,5,0,0,0,1,186
2018-01-06,9,-5.8,49,1.4,1728,-14.8,0.16,0.0,0.0,0,1,1,5,0,0,0,1,221
2018-01-06,10,-3.5,39,2.0,1946,-15.4,0.54,0.0,0.0,0,1,1,5,0,0,0,1,204
2018-01-06,11,-1.6,35,2.1,1812,-15.1,0.87,0.0,0.0,0,1,1,5,0,0,0,1,245
2018-01-06,12,0.0,35,2.3,1672,-13.6,1.07,0.0,0.0,0,1,1,5,0,0,0,1,283
2018-01-06,13,0.9,28,2.4,1895,-15.6,1.18,0.0,0.0,0,1,1,5,0,0,0,1,356
2018-01-06,14,1.8,29,2.0,1693,-14.3,1.14,0.0,0.0,0,1,1,5,0,0,0,1,370
2018-01-06,15,2.3,27,2.2,1877,-14.8,0.92,0.0,0.0,0,1,1,5,0,0,0,1,373
2018-01-06,16,2.7,27,2.2,1811,-14.4,0.64,0.0,0.0,0,1,1,5,0,0,0,1,352
2018-01-06,17,1.1,31,1.7,1989,-14.1,0.26,0.0,0.0,0,1,1,5,0,0,0,1,354
2018-01-06,18,-0.6,37,1.6,1797,-13.5,0.01,0.0,0.0,0,1,1,5,0,0,0,1,271
2018-01-06,19,-1.2,37,1.2,1663,-14.0,0.0,0.0,0.0,0,1,1,5,0,0,0,1,207
2018-01-06,20,-2.1,41,1.1,1578,-13.6,0.0,0.0,0.0,0,1,1,5,0,0,0,1,189
2018-01-06,21,-2.5,47,0.8,1495,-12.2,0.0,0.0,0.0,0,1,1,5,0,0,0,1,214
2018-01-06,22,-2.6,47,1.6,1492,-12.3,0.0,0.0,0.0,0,1,1,5,0,0,0,1,218
2018-01-06,23,-3.2,50,0.8,1429,-12.1,0.0,0.0,0.0,0,1,1,5,0,0,0,1,169
2018-01-07,0,-3.8,48,0.7,1574,-13.2,0.0,0.0,0.0,0,1,1,6,0,0,0,1,192
2018-01-07,1,-3.9,51,0.2,1535,-12.5,0.0,0.0,0.0,0,1,1,6,0,0,0,1,162
2018-01-07,2,-4.4,53,0.3,1594,-12.5,0.0,0.0,0.0,0,1,1,6,0,0,0,1,128
2018-01-07,3,-4.8,56,0.6,1505,-12.2,0.0,0.0,0.0,0,1,1,6,0,0,0,1,102
2018-01-07,4,-5.1,60,0.7,1377,-11.6,0.0,0.0,0.0,0,1,1,6,0,0,0,1,62
2018-01-07,5,-5.6,58,0.7,1350,-12.5,0.0,0.0,0.0,0,1,1,6,0,0,0,1,40
2018-01-07,6,-5.5,52,0.7,1503,-13.8,0.0,0.0,0.0,0,1,1,6,0,0,0,1,38
2018-01-07,7,-5.6,58,0.9,1368,-12.5,0.0,0.0,0.0,0,1,1,6,0,0,0,1,60
2018-01-07,8,-5.3,53,1.1,1411,-13.4,0.0,0.0,0.0,0,1,1,6,0,0,0,1,122
2018-01-07,9,-3.8,49,1.6,1371,-12.9,0.18,0.0,0.0,0,1,1,6,0,0,0,1,143
2018-01-07,10,-1.8,40,1.8,1555,-13.6,0.48,0.0,0.0,0,1,1,6,0,0,0,1,179
2018-01-07,11,0.5,35,1.4,1558,-13.2,0.75,0.0,0.0,0,1,1,6,0,0,0,1,214
2018-01-07,12,1.1,34,0.9,1455,-13.0,0.6,0.0,0.0,0,1,1,6,0,0,0,1,278
2018-01-07,13,1.4,34,0.8,1394,-12.7,0.5,0.0,0.0,0,1,1,6,0,0,0,1,265
2018-01-07,14,1.9,32,0.7,1368,-13.0,0.41,0.0,0.0,0,1,1,6,0,0,0,1,331
2018-01-07,15,2.7,31,0.9,1603,-12.7,0.43,0.0,0.0,0,1,1,6,0,0,0,1,368
2018-01-07,16,2.6,32,1.0,1381,-12.4,0.27,0.0,0.0,0,1,1,6,0,0,0,1,333
2018-01-07,17,2.3,33,0.2,1515,-12.3,0.13,0.0,0.0,0,1,1,6,0,0,0,1,349
2018-01-07,18,1.8,34,1.2,1518,-12.4,0.0,0.0,0.0,0,1,1,6,0,0,0,1,270
2018-01-07,19,1.6,35,1.0,1419,-12.2,0.0,0.0,0.0,0,1,1,6,0,0,0,1,246
2018-01-07,20,1.3,38,0.4,1386,-11.4,0.0,0.0,0.0,0,1,1,6,0,0,0,1,233
2018-01-07,21,1.2,39,0.6,1378,-11.2,0.0,0.0,0.0,0,1,1,6,0,0,0,1,236
2018-01-07,22,1.1,40,0.5,1305,-11.0,0.0,0.0,0.0,0,1,1,6,0,0,0,1,214
2018-01-07,23,1.1,39,0.6,1422,-11.3,0.0,0.0,0.0,0,1,1,6,0,0,0,1,149
2018-01-08,0,0.9,42,1.1,1271,-10.5,0.0,0.0,0.0,0,1,1,0,0,0,0,1,149
2018-01-08,1,0.9,42,0.2,1333,-10.5,0.0,0.0,0.0,0,1,1,0,0,0,0,1,109
2018-01-08,2,0.8,42,0.5,1275,-10.6,0.0,0.0,0.0,0,1,1,0,0,0,0,1,77
2018-01-08,3,0.9,43,0.4,1261,-10.2,0.0,0.0,0.0,0,1,1,0,0,0,0,1,53
2018-01-08,4,1.0,43,0.8,1253,-10.2,0.0,0.0,0.0,0,1,1,0,0,0,0,1,46
2018-01-08,5,0.8,42,1.0,1394,-10.6,0.0,0.0,0.0,0,1,1,0,0,0,0,1,67
2018-01-08,6,0.8,45,0.7,1268,-9.8,0.0,0.0,0.0,0,1,1,0,0,0,0,1,159
2018-01-08,7,0.7,44,0.8,1357,-10.1,0.0,0.0,0.0,0,1,1,0,0,0,0,1,374
2018-01-08,8,0.7,45,0.7,1339,-9.9,0.0,0.0,0.0,0,1,1,0,0,0,0,1,701
2018-01-08,9,0.8,47,0.9,1070,-9.2,0.05,0.0,0.0,0,1,1,0,0,0,0,1,387
2018-01-08,10,1.3,43,0.8,971,-9.9,0.16,0.0,0.0,0,1,1,0,0,0,0,1,253
2018-01-08,11,1.7,37,0.6,1062,-11.4,0.23,0.0,0.0,0,1,1,0,0,0,0,1,278
2018-01-08,12,2.7,33,2.7,1281,-12.0,0.6,0.0,0.0,0,1,1,0,0,0,0,1,356
2018-01-08,13,3.0,32,1.6,1518,-12.1,0.38,0.0,0.0,0,1,1,0,0,0,0,1,303
2018-01-08,14,3.4,31,1.4,1267,-12.1,0.36,0.0,0.0,0,1,1,0,0,0,0,1,349
2018-01-08,15,3.9,33,1.8,1293,-10.9,0.39,0.0,0.0,0,1,1,0,0,0,0,1,318
2018-01-08,16,3.5,36,1.7,1702,-10.2,0.16,0.0,0.0,0,1,1,0,0,0,0,1,353
2018-01-08,17,2.7,50,2.8,1957,-6.7,0.06,0.0,0.0,0,1,1,0,0,0,0,1,385
2018-01-08,18,1.5,70,2.5,638,-3.3,0.0,0.0,0.0,0,1,1,0,0,0,0,1,316
2018-01-08,19,0.9,88,1.6,290,-0.8,0.0,0.0,0.5,0,1,1,0,0,0,0,1,127
2018-01-08,20,1.0,89,1.9,407,-0.6,0.0,0.0,1.0,0,1,1,0,0,0,0,1,144
2018-01-08,21,0.7,77,6.7,692,-2.8,0.0,0.9,1.0,0,1,1,0,0,0,0,1,146
2018-01-08,22,0.1,68,4.6,740,-5.1,0.0,0.0,1.0,0,1,1,0,0,0,0,1,149
2018-01-08,23,-0.6,62,4.2,936,-6.9,0.0,0.0,1.0,0,1,1,0,0,0,0,1,112
2018-01-09,0,-1.2,67,4.6,983,-6.5,0.0,0.0,1.0,0,1,1,1,0,0,0,1,100
2018-01-09,1,-1.9,69,5.0,791,-6.8,0.0,0.0,1.0,0,1,1,1,0,0,0,1,107
2018-01-09,2,-2.9,66,3.3,1515,-8.3,0.0,0.0,1.0,0,1,1,1,0,0,0,1,75
2018-01-09,3,-3.4,67,3.2,1420,-8.6,0.0,0.0,0.9,0,1,1,1,0,0,0,1,52
2018-01-09,4,-4.3,59,4.4,1451,-11.1,0.0,0.0,0.9,0,1,1,1,0,0,0,1,38
2018-01-09,5,-5.1,48,3.2,1821,-14.4,0.0,0.0,0.9,0,1,1,1,0,0,0,1,52
2018-01-09,6,-5.6,52,3.7,1785,-13.9,0.0,0.0,0.9,0,1,1,1,0,0,0,1,126
2018-01-09,7,-5.9,57,3.1,1686,-13.0,0.0,0.0,0.8,0,1,1,1,0,0,0,1,245
2018-01-09,8,-6.0,64,3.2,1384,-11.7,0.0,0.0,0.7,0,1,1,1,0,0,0,1,554
2018-01-09,9,-6.0,61,2.5,1547,-12.3,0.13,0.0,0.6,0,1,1,1,0,0,0,1,320
2018-01-09,10,-4.8,57,3.0,1559,-12.0,0.47,0.0,0.5,0,1,1,1,0,0,0,1,190
2018-01-09,11,-3.9,51,4.5,1746,-12.5,0.73,0.0,0.5,0,1,1,1,0,0,0,1,247
2018-01-09,12,-2.7,45,2.4,1707,-13.0,1.05,0.0,0.4,0,1,1,1,0,0,0,1,262
2018-01-09,13,-2.6,45,4.0,1663,-12.9,1.11,0.0,0.3,0,1,1,1,0,0,0,1,265
2018-01-09,14,-1.8,45,3.7,1922,-12.1,1.06,0.0,0.2,0,1,1,1,0,0,0,1,265
2018-01-09,15,-2.4,51,4.6,1458,-11.1,0.46,0.0,0.0,0,1,1,1,0,0,0,1,257
2018-01-09,16,-2.4,56,3.3,1541,-9.9,0.35,0.0,0.0,0,1,1,1,0,0,0,1,262
2018-01-09,17,-2.9,66,3.6,743,-8.3,0.23,0.0,0.0,0,1,1,1,0,0,0,1,332
2018-01-09,18,-3.8,58,1.7,1996,-10.8,0.01,0.0,0.0,0,1,1,1,0,0,0,1,558
2018-01-09,19,-4.5,57,0.6,2000,-11.7,0.0,0.0,0.0,0,1,1,1,0,0,0,1,364
2018-01-09,20,-4.9,59,0.6,1992,-11.6,0.0,0.0,0.0,0,1,1,1,0,0,0,1,302
2018-01-09,21,-4.8,59,0.9,2000,-11.6,0.0,0.0,0.0,0,1,1,1,0,0,0,1,281
2018-01-09,22,-4.2,67,1.6,503,-9.4,0.0,0.0,0.0,0,1,1,1,0,0,0,1,166
2018-01-09,23,-4.9,80,0.7,690,-7.8,0.0,0.0,0.2,0,1,1,1,0,0,0,1,80
2018-01-10,0,-5.2,82,0.8,152,-7.7,0.0,0.5,0.5,0,1,1,2,0,0,0,1,61
2018-01-10,1,-5.6,75,1.7,1982,-9.3,0.0,0.0,0.8,0,1,1,2,0,0,0,1,78
2018-01-10,2,-5.7,72,1.2,1925,-9.9,0.0,0.0,0.8,0,1,1,2,0,0,0,1,63
2018-01-10,3,-6.1,70,1.1,2000,-10.6,0.0,0.3,0.8,0,1,1,2,0,0,0,1,40
2018-01-10,4,-6.6,72,2.2,2000,-10.8,0.0,0.0,0.8,0,1,1,2,0,0,0,1,31
2018-01-10,5,-7.3,75,1.6,2000,-10.9,0.0,0.0,0.8,0,1,1,2,0,0,0,1,39
2018-01-10,6,-7.7,74,1.1,2000,-11.5,0.0,0.0,0.8,0,1,1,2,0,0,0,1,84
2018-01-10,7,-8.0,70,1.8,2000,-12.5,0.0,0.0,0.7,0,1,1,2,0,0,0,1,158
2018-01-10,8,-7.9,67,2.6,1896,-12.9,0.0,0.0,0.7,0,1,1,2,0,0,0,1,387
2018-01-10,9,-7.7,62,3.6,1637,-13.7,0.13,0.0,0.7,0,1,1,2,0,0,0,1,225
2018-01-10,10,-6.9,53,3.2,1576,-14.8,0.52,0.0,0.6,0,1,1,2,0,0,0,1,150
2018-01-10,11,-6.4,49,4.5,1759,-15.3,0.86,0.0,0.5,0,1,1,2,0,0,0,1,168
2018-01-10,12,-5.6,44,4.5,1830,-15.9,1.1,0.0,0.5,0,1,1,2,0,0,0,1,217
2018-01-10,13,-5.1,43,4.7,1901,-15.7,1.18,0.0,0.4,0,1,1,2,0,0,0,1,207
2018-01-10,14,-5.3,37,5.3,2000,-17.7,1.05,0.0,0.3,0,1,1,2,0,0,0,1,177
2018-01-10,15,-5.3,33,4.8,2000,-19.0,0.99,0.0,0.3,0,1,1,2,0,0,0,1,193
2018-01-10,16,-5.4,30,3.9,2000,-20.2,0.69,0.0,0.2,0,1,1,2,0,0,0,1,196
2018-01-10,17,-6.5,34,4.0,2000,-19.8,0.31,0.0,0.0,0,1,1,2,0,0,0,1,266
2018-01-10,18,-7.8,32,4.5,2000,-21.6,0.02,0.0,0.0,0,1,1,2,0,0,0,1,437
2018-01-10,19,-8.5,35,2.9,2000,-21.2,0.0,0.0,0.0,0,1,1,2,0,0,0,1,259
2018-01-10,20,-8.9,41,2.3,2000,-19.7,0.0,0.0,0.0,0,1,1,2,0,0,0,1,207
2018-01-10,21,-9.4,47,2.0,2000,-18.6,0.0,0.0,0.0,0,1,1,2,0,0,0,1,214
2018-01-10,22,-9.7,51,2.8,2000,-17.9,0.0,0.0,0.0,0,1,1,2,0,0,0,1,165
2018-01-10,23,-10.2,53,3.3,1997,-17.9,0.0,0.0,0.0,0,1,1,2,0,0,0,1,139
2018-01-11,0,-10.3,54,2.4,1988,-17.8,0.0,0.0,0.0,0,1,1,3,0,0,0,1,98
2018-01-11,1,-10.6,55,2.9,1987,-17.9,0.0,0.0,0.0,0,1,1,3,0,0,0,1,100
2018-01-11,2,-10.9,57,2.7,1900,-17.7,0.0,0.0,0.0,0,1,1,3,0,0,0,1,89
2018-01-11,3,-11.2,59,2.9,1872,-17.6,0.0,0.0,0.0,0,1,1,3,0,0,0,1,38
2018-01-11,4,-11.5,57,2.3,1899,-18.3,0.0,0.0,0.0,0,1,1,3,0,0,0,1,33
2018-01-11,5,-11.9,61,1.8,1759,-17.9,0.0,0.0,0.0,0,1,1,3,0,0,0,1,42
2018-01-11,6,-12.0,61,2.3,1709,-18.0,0.0,0.0,0.0,0,1,1,3,0,0,0,1,82
2018-01-11,7,-12.3,59,2.3,1738,-18.6,0.0,0.0,0.0,0,1,1,3,0,0,0,1,203
2018-01-11,8,-12.6,61,1.6,1610,-18.5,0.0,0.0,0.0,0,1,1,3,0,0,0,1,443
2018-01-11,9,-12.0,53,2.6,1781,-19.6,0.16,0.0,0.0,0,1,1,3,0,0,0,1,227
2018-01-11,10,-11.1,46,3.7,1638,-20.4,0.48,0.0,0.0,0,1,1,3,0,0,0,1,152
2018-01-11,11,-10.2,41,3.5,1629,-20.9,0.84,0.0,0.0,0,1,1,3,0,0,0,1,146
2018-01-11,12,-8.6,40,2.6,1700,-19.8,1.11,0.0,0.0,0,1,1,3,0,0,0,1,187
2018-01-11,13,-8.6,41,3.4,1593,-19.5,1.2,0.0,0.0,0,1,1,3,0,0,0,1,178
2018-01-11,14,-7.4,38,3.3,1718,-19.3,1.15,0.0,0.0,0,1,1,3,0,0,0,1,187
2018-01-11,15,-8.3,42,3.8,1745,-18.9,0.93,0.0,0.0,0,1,1,3,0,0,0,1,181
2018-01-11,16,-8.2,39,2.8,1807,-19.7,0.63,0.0,0.0,0,1,1,3,0,0,0,1,179
2018-01-11,17,-9.3,43,2.8,1900,-19.6,0.28,0.0,0.0,0,1,1,3,0,0,0,1,219
2018-01-11,18,-10.4,43,2.3,1985,-20.6,0.02,0.0,0.0,0,1,1,3,0,0,0,1,352
2018-01-11,19,-10.9,44,3.0,2000,-20.7,0.0,0.0,0.0,0,1,1,3,0,0,0,1,251
2018-01-11,20,-11.6,49,1.8,1953,-20.1,0.0,0.0,0.0,0,1,1,3,0,0,0,1,177
2018-01-11,21,-12.4,51,2.2,1992,-20.4,0.0,0.0,0.0,0,1,1,3,0,0,0,1,162
2018-01-11,22,-12.9,52,2.8,2000,-20.7,0.0,0.0,0.0,0,1,1,3,0,0,0,1,172
2018-01-11,23,-13.2,51,1.5,1972,-21.2,0.0,0.0,0.0,0,1,1,3,0,0,0,1,119
2018-01-12,0,-13.6,49,1.6,2000,-22.0,0.0,0.0,0.0,0,1,1,4,0,0,0,1,105
2018-01-12,1,-13.7,47,3.0,2000,-22.6,0.0,0.0,0.0,0,1,1,4,0,0,0,1,99
2018-01-12,2,-13.8,43,2.6,2000,-23.7,0.0,0.0,0.0,0,1,1,4,0,0,0,1,83
2018-01-12,3,-14.1,45,1.8,2000,-23.4,0.0,0.0,0.0,0,1,1,4,0,0,0,1,42
2018-01-12,4,-14.3,45,2.0,2000,-23.6,0.0,0.0,0.0,0,1,1,4,0,0,0,1,30
2018-01-12,5,-14.6,45,1.1,2000,-23.9,0.0,0.0,0.0,0,1,1,4,0,0,0,1,35
2018-01-12,6,-14.9,45,2.3,2000,-24.2,0.0,0.0,0.0,0,1,1,4,0,0,0,1,92
2018-01-12,7,-15.1,45,0.9,2000,-24.4,0.0,0.0,0.0,0,1,1,4,0,0,0,1,189
2018-01-12,8,-15.1,44,1.2,2000,-24.6,0.0,0.0,0.0,0,1,1,4,0,0,0,1,419
2018-01-12,9,-14.9,40,1.2,1999,-25.5,0.16,0.0,0.0,0,1,1,4,0,0,0,1,196
2018-01-12,10,-13.0,37,2.2,1960,-24.6,0.59,0.0,0.0,0,1,1,4,0,0,0,1,119
2018-01-12,11,-11.2,31,2.4,1944,-25.0,0.94,0.0,0.0,0,1,1,4,0,0,0,1,140
2018-01-12,12,-9.6,27,2.0,1945,-25.1,1.17,0.0,0.0,0,1,1,4,0,0,0,1,178
2018-01-12,13,-8.2,29,2.0,1920,-23.1,1.19,0.0,0.0,0,1,1,4,0,0,0,1,177
2018-01-12,14,-7.2,28,2.3,1990,-22.6,1.14,0.0,0.0,0,1,1,4,0,0,0,1,173
2018-01-12,15,-6.5,26,2.4,1987,-22.8,0.96,0.0,0.0,0,1,1,4,0,0,0,1,177
2018-01-12,16,-5.8,21,1.1,2000,-24.6,0.66,0.0,0.0,0,1,1,4,0,0,0,1,196
2018-01-12,17,-6.5,22,1.5,2000,-24.7,0.28,0.0,0.0,0,1,1,4,0,0,0,1,259
2018-01-12,18,-7.5,28,2.0,2000,-22.9,0.02,0.0,0.0,0,1,1,4,0,0,0,1,405
2018-01-12,19,-8.2,32,1.1,2000,-22.0,0.0,0.0,0.0,0,1,1,4,0,0,0,1,273
2018-01-12,20,-7.9,31,1.4,2000,-22.1,0.0,0.0,0.0,0,1,1,4,0,0,0,1,210
2018-01-12,21,-7.4,33,1.4,2000,-20.9,0.0,0.0,0.0,0,1,1,4,0,0,0,1,184
2018-01-12,22,-6.9,39,1.6,2000,-18.5,0.0,0.0,0.0,0,1,1,4,0,0,0,1,186
2018-01-12,23,-6.7,36,1.3,1821,-19.3,0.0,0.0,0.0,0,1,1,4,0,0,0,1,144
2018-01-13,0,-6.6,39,1.6,1930,-18.2,0.0,0.0,0.0,0,1,1,5,0,0,0,1,152
2018-01-13,1,-6.5,45,0.5,1964,-16.4,0.0,0.0,0.0,0,1,1,5,0,0,0,1,168
2018-01-13,2,-6.4,40,0.9,2000,-17.8,0.0,0.0,0.0,0,1,1,5,0,0,0,1,145
2018-01-13,3,-6.5,42,0.7,1996,-17.3,0.0,0.0,0.0,0,1,1,5,0,0,0,1,77
2018-01-13,4,-6.4,46,0.8,1993,-16.1,0.0,0.0,0.0,0,1,1,5,0,0,0,1,47
2018-01-13,5,-6.3,51,0.8,2000,-14.8,0.0,0.0,0.0,0,1,1,5,0,0,0,1,40
2018-01-13,6,-6.4,59,0.6,887,-13.1,0.0,0.0,0.0,0,1,1,5,0,0,0,1,42
2018-01-13,7,-6.5,68,0.6,571,-11.4,0.0,0.0,0.0,0,1,1,5,0,0,0,1,43
2018-01-13,8,-6.5,72,0.8,670,-10.7,0.0,0.0,0.2,0,1,1,5,0,0,0,1,67
2018-01-13,9,-6.3,76,0.6,330,-9.8,0.05,0.2,0.4,0,1,1,5,0,0,0,1,102
2018-01-13,10,-5.5,72,0.7,1354,-9.7,0.29,0.0,0.6,0,1,1,5,0,0,0,1,106
2018-01-13,11,-4.8,70,1.0,1244,-9.4,0.21,0.0,0.6,0,1,1,5,0,0,0,1,133
2018-01-13,12,-3.7,66,1.1,1140,-9.1,0.45,0.2,0.4,0,1,1,5,0,0,0,1,174
2018-01-13,13,-2.5,62,1.4,1087,-8.7,0.66,0.0,0.0,0,1,1,5,0,0,0,1,212
2018-01-13,14,-1.8,62,0.7,936,-8.1,0.55,0.0,0.0,0,1,1,5,0,0,0,1,215
2018-01-13,15,-1.5,62,0.9,957,-7.8,0.28,0.0,0.0,0,1,1,5,0,0,0,1,251
2018-01-13,16,-1.2,63,0.9,876,-7.3,0.19,0.0,0.0,0,1,1,5,0,0,0,1,249
2018-01-13,17,-1.4,68,1.0,761,-6.5,0.11,0.0,0.0,0,1,1,5,0,0,0,1,277
2018-01-13,18,-2.6,73,1.0,684,-6.7,0.01,0.0,0.0,0,1,1,5,0,0,0,1,223
2018-01-13,19,-3.3,76,0.8,633,-6.9,0.0,0.0,0.0,0,1,1,5,0,0,0,1,167
2018-01-13,20,-3.9,78,1.1,596,-7.1,0.0,0.0,0.0,0,1,1,5,0,0,0,1,158
2018-01-13,21,-4.1,79,0.7,522,-7.2,0.0,0.0,0.0,0,1,1,5,0,0,0,1,156
2018-01-13,22,-4.3,81,0.4,435,-7.0,0.0,0.0,0.0,0,1,1,5,0,0,0,1,168
2018-01-13,23,-4.4,81,0.7,420,-7.1,0.0,0.0,0.0,0,1,1,5,0,0,0,1,131
2018-01-14,0,-4.4,81,0.7,414,-7.1,0.0,0.0,0.0,0,1,1,6,0,0,0,1,149
2018-01-14,1,-3.7,79,0.9,438,-6.8,0.0,0.0,0.0,0,1,1,6,0,0,0,1,150
2018-01-14,2,-3.5,78,1.0,444,-6.7,0.0,0.0,0.0,0,1,1,6,0,0,0,1,111
2018-01-14,3,-3.6,78,1.6,471,-6.8,0.0,0.0,0.0,0,1,1,6,0,0,0,1,79
2018-01-14,4,-4.0,79,1.2,453,-7.1,0.0,0.0,0.0,0,1,1,6,0,0,0,1,48
2018-01-14,5,-4.2,79,1.2,442,-7.3,0.0,0.0,0.0,0,1,1,6,0,0,0,1,29
2018-01-14,6,-4.3,79,1.1,433,-7.4,0.0,0.0,0.0,0,1,1,6,0,0,0,1,49
2018-01-14,7,-4.4,80,1.4,411,-7.3,0.0,0.0,0.0,0,1,1,6,0,0,0,1,59
2018-01-14,8,-3.8,79,0.8,412,-6.9,0.0,0.0,0.0,0,1,1,6,0,0,0,1,81
2018-01-14,9,-3.4,77,1.6,432,-6.8,0.12,0.0,0.0,0,1,1,6,0,0,0,1,118
2018-01-14,10,-2.1,72,1.7,489,-6.4,0.34,0.0,0.0,0,1,1,6,0,0,0,1,134
2018-01-14,11,-0.5,64,0.7,537,-6.4,0.49,0.0,0.0,0,1,1,6,0,0,0,1,174
2018-01-14,12,1.2,58,0.8,550,-6.1,0.74,0.0,0.0,0,1,1,6,0,0,0,1,226
2018-01-14,13,3.0,52,1.4,568,-5.9,0.9,0.0,0.0,0,1,1,6,0,0,0,1,272
2018-01-14,14,3.7,53,0.6,592,-5.0,0.74,0.0,0.0,0,1,1,6,0,0,0,1,304
2018-01-14,15,4.6,50,0.9,824,-4.9,0.62,0.0,0.0,0,1,1,6,0,0,0,1,353
2018-01-14,16,5.3,49,1.8,982,-4.5,0.43,0.0,0.0,0,1,1,6,0,0,0,1,366
2018-01-14,17,4.5,51,1.1,1244,-4.7,0.17,0.0,0.0,0,1,1,6,0,0,0,1,302
2018-01-14,18,4.1,53,1.3,1132,-4.6,0.0,0.0,0.0,0,1,1,6,0,0,0,1,250
2018-01-14,19,3.9,54,1.1,1102,-4.5,0.0,0.0,0.0,0,1,1,6,0,0,0,1,208
2018-01-14,20,3.5,55,1.0,1100,-4.7,0.0,0.0,0.0,0,1,1,6,0,0,0,1,210
2018-01-14,21,3.1,58,0.4,936,-4.3,0.0,0.0,0.0,0,1,1,6,0,0,0,1,213
2018-01-14,22,2.8,60,0.6,829,-4.2,0.0,0.0,0.0,0,1,1,6,0,0,0,1,196
2018-01-14,23,2.7,60,0.6,794,-4.3,0.0,0.0,0.0,0,1,1,6,0,0,0,1,144
2018-01-15,0,3.0,60,0.5,842,-4.0,0.0,0.0,0.0,0,1,1,0,0,0,0,1,171
2018-01-15,1,3.0,62,0.9,835,-3.5,0.0,0.0,0.0,0,1,1,0,0,0,0,1,122
2018-01-15,2,3.6,65,0.9,959,-2.3,0.0,0.0,0.0,0,1,1,0,0,0,0,1,74
2018-01-15,3,4.4,70,1.7,928,-0.6,0.0,0.0,0.0,0,1,1,0,0,0,0,1,58
2018-01-15,4,4.9,73,1.8,881,0.4,0.0,0.0,0.0,0,1,1,0,0,0,0,1,38
2018-01-15,5,5.0,76,1.9,808,1.1,0.0,0.0,0.0,0,1,1,0,0,0,0,1,55
2018-01-15,6,4.9,83,3.0,582,2.2,0.0,0.0,0.0,0,1,1,0,0,0,0,1,82
2018-01-15,7,4.4,87,1.0,357,2.4,0.0,0.0,0.0,0,1,1,0,0,0,0,1,209
2018-01-15,8,4.1,85,1.1,470,1.7,0.0,0.0,0.0,0,1,1,0,0,0,0,1,444
2018-01-15,9,3.9,86,1.7,399,1.7,0.11,0.2,0.0,0,1,1,0,0,0,0,1,303
2018-01-15,10,4.2,82,2.2,560,1.3,0.22,0.0,0.0,0,1,1,0,0,0,0,1,212
2018-01-15,11,4.7,75,2.3,533,0.6,0.54,0.0,0.0,0,1,1,0,0,0,0,1,254
2018-01-15,12,6.2,64,1.9,549,-0.1,0.79,0.0,0.0,0,1,1,0,0,0,0,1,311
2018-01-15,13,6.1,61,2.3,534,-0.8,0.91,0.0,0.0,0,1,1,0,0,0,0,1,309
2018-01-15,14,7.1,52,2.1,646,-2.1,0.76,0.0,0.0,0,1,1,0,0,0,0,1,306
2018-01-15,15,7.4,38,1.7,817,-6.0,0.63,0.0,0.0,0,1,1,0,0,0,0,1,349
2018-01-15,16,7.5,37,0.9,813,-6.2,0.48,0.0,0.0,0,1,1,0,0,0,0,1,365
2018-01-15,17,6.5,40,0.8,804,-6.1,0.23,0.0,0.0,0,1,1,0,0,0,0,1,455
2018-01-15,18,5.2,44,1.3,647,-6.0,0.0,0.0,0.0,0,1,1,0,0,0,0,1,555
2018-01-15,19,4.4,53,1.2,538,-4.3,0.0,0.0,0.0,0,1,1,0,0,0,0,1,444
2018-01-15,20,3.7,58,1.3,474,-3.8,0.0,0.0,0.0,0,1,1,0,0,0,0,1,321
2018-01-15,21,3.4,59,0.8,471,-3.8,0.0,0.0,0.0,0,1,1,0,0,0,0,1,334
2018-01-15,22,3.0,61,1.6,460,-3.8,0.0,0.0,0.0,0,1,1,0,0,0,0,1,333
2018-01-15,23,2.4,63,0.6,443,-3.9,0.0,0.0,0.0,0,1,1,0,0,0,0,1,230
2018-01-16,0,1.8,67,1.2,387,-3.6,0.0,0.0,0.0,0,1,1,1,0,0,0,1,212
2018-01-16,1,1.2,64,0.7,455,-4.8,0.0,0.0,0.0,0,1,1,1,0,0,0,1,207
2018-01-16,2,0.5,72,0.7,385,-3.9,0.0,0.0,0.0,0,1,1,1,0,0,0,1,141
2018-01-16,3,0.3,70,0.6,438,-4.5,0.0,0.0,0.0,0,1,1,1,0,0,0,1,81
2018-01-16,4,0.8,65,0.7,502,-5.0,0.0,0.0,0.0,0,1,1,1,0,0,0,1,51
2018-01-16,5,1.1,64,0.5,505,-4.9,0.0,0.0,0.0,0,1,1,1,0,0,0,1,58
2018-01-16,6,1.2,69,0.6,436,-3.8,0.0,0.0,0.0,0,1,1,1,0,0,0,1,140
2018-01-16,7,1.1,69,0.6,418,-3.9,0.0,0.0,0.0,0,1,1,1,0,0,0,1,318
2018-01-16,8,1.2,68,0.6,411,-4.0,0.0,0.0,0.0,0,1,1,1,0,0,0,1,650
2018-01-16,9,1.9,65,0.8,402,-3.9,0.06,0.0,0.0,0,1,1,1,0,0,0,1,376
2018-01-16,10,2.7,60,0.5,392,-4.3,0.18,0.0,0.0,0,1,1,1,0,0,0,1,221
2018-01-16,11,3.9,57,0.8,363,-3.8,0.28,0.0,0.0,0,1,1,1,0,0,0,1,256
2018-01-16,12,5.2,52,1.2,349,-3.8,0.45,0.0,0.0,0,1,1,1,0,0,0,1,276
2018-01-16,13,5.8,47,0.8,382,-4.6,0.53,0.0,0.0,0,1,1,1,0,0,0,1,296
2018-01-16,14,6.5,43,0.8,468,-5.2,0.52,0.0,0.0,0,1,1,1,0,0,0,1,276
2018-01-16,15,6.3,40,0.3,498,-6.3,0.19,0.0,0.0,0,1,1,1,0,0,0,1,250
2018-01-16,16,5.8,50,0.9,547,-3.8,0.11,0.0,0.0,0,1,1,1,0,0,0,1,277
2018-01-16,17,5.2,58,0.8,462,-2.4,0.08,0.0,0.0,0,1,1,1,0,0,0,1,381
2018-01-16,18,4.9,59,1.4,427,-2.4,0.0,0.0,0.0,0,1,1,1,0,0,0,1,592
2018-01-16,19,4.6,57,1.0,432,-3.2,0.0,0.0,0.0,0,1,1,1,0,0,0,1,409
2018-01-16,20,4.5,58,0.8,383,-3.0,0.0,0.0,0.0,0,1,1,1,0,0,0,1,332
2018-01-16,21,4.3,56,0.7,434,-3.7,0.0,0.0,0.0,0,1,1,1,0,0,0,1,342
2018-01-16,22,4.0,57,0.3,430,-3.7,0.0,0.0,0.0,0,1,1,1,0,0,0,1,321
2018-01-16,23,3.9,60,0.9,379,-3.1,0.0,0.0,0.0,0,1,1,1,0,0,0,1,242
2018-01-17,0,3.5,62,0.4,382,-3.1,0.0,0.0,0.0,0,1,1,2,0,0,0,1,204
2018-01-17,1,3.3,64,0.4,339,-2.8,0.0,0.0,0.0,0,1,1,2,0,0,0,1,183
2018-01-17,2,3.1,65,0.8,310,-2.8,0.0,0.0,0.0,0,1,1,2,0,0,0,1,140
2018-01-17,3,3.0,67,0.8,297,-2.5,0.0,0.0,0.0,0,1,1,2,0,0,0,1,75
2018-01-17,4,3.0,68,0.5,322,-2.3,0.0,0.0,0.0,0,1,1,2,0,0,0,1,55
2018-01-17,5,2.9,66,0.8,325,-2.8,0.0,0.0,0.0,0,1,1,2,0,0,0,1,72
2018-01-17,6,2.7,71,1.1,270,-2.0,0.0,0.0,0.0,0,1,1,2,0,0,0,1,115
2018-01-17,7,2.5,71,0.9,289,-2.2,0.0,0.0,0.0,0,1,1,2,0,0,0,1,272
2018-01-17,8,2.6,70,0.6,296,-2.3,0.0,0.0,0.0,0,1,1,2,0,0,0,1,537
2018-01-17,9,3.0,66,0.7,306,-2.7,0.12,0.0,0.0,0,1,1,2,0,0,0,1,337
2018-01-17,10,4.3,58,0.5,401,-3.2,0.23,0.0,0.0,0,1,1,2,0,0,0,1,212
2018-01-17,11,6.0,51,1.0,436,-3.3,0.55,0.0,0.0,0,1,1,2,0,0,0,1,270
2018-01-17,12,8.1,51,1.4,367,-1.4,0.75,0.0,0.0,0,1,1,2,0,0,0,1,310
2018-01-17,13,8.0,54,1.8,435,-0.7,0.57,0.0,0.0,0,1,1,2,0,0,0,1,273
2018-01-17,14,7.7,54,2.6,313,-1.0,0.58,0.0,0.0,0,1,1,2,0,0,0,1,258
2018-01-17,15,8.5,49,1.3,400,-1.6,0.73,0.0,0.0,0,1,1,2,0,0,0,1,278
2018-01-17,16,8.3,54,1.2,330,-0.4,0.44,0.0,0.0,0,1,1,2,0,0,0,1,314
2018-01-17,17,7.2,57,3.3,342,-0.7,0.19,0.0,0.0,0,1,1,2,0,0,0,1,380
2018-01-17,18,5.2,62,2.9,503,-1.5,0.01,0.0,0.0,0,1,1,2,0,0,0,1,501
2018-01-17,19,4.2,68,2.4,446,-1.1,0.0,0.0,0.0,0,1,1,2,0,0,0,1,360
2018-01-17,20,3.5,72,1.7,361,-1.0,0.0,0.0,0.0,0,1,1,2,0,0,0,1,286
2018-01-17,21,3.1,74,1.1,333,-1.0,0.0,0.0,0.0,0,1,1,2,0,0,0,1,320
2018-01-17,22,2.8,74,0.5,309,-1.3,0.0,0.0,0.0,0,1,1,2,0,0,0,1,313
2018-01-17,23,2.7,74,0.8,291,-1.4,0.0,0.0,0.0,0,1,1,2,0,0,0,1,227
2018-01-18,0,2.7,73,1.0,290,-1.6,0.0,0.0,0.0,0,1,1,3,0,0,0,1,215
2018-01-18,1,3.2,72,1.9,306,-1.3,0.0,0.0,0.0,0,1,1,3,0,0,0,1,190
2018-01-18,2,3.3,73,1.2,288,-1.0,0.0,0.0,0.0,0,1,1,3,0,0,0,1,137
2018-01-18,3,3.6,74,1.7,273,-0.6,0.0,0.0,0.0,0,1,1,3,0,0,0,1,95
2018-01-18,4,3.3,80,2.1,232,0.1,0.0,0.0,0.0,0,1,1,3,0,0,0,1,50
2018-01-18,5,2.6,82,2.0,229,-0.1,0.0,0.0,0.0,0,1,1,3,0,0,0,1,68
2018-01-18,6,2.2,82,2.0,211,-0.5,0.0,0.0,0.0,0,1,1,3,0,0,0,1,107
2018-01-18,7,1.5,86,1.1,189,-0.5,0.0,0.0,0.0,0,1,1,3,0,0,0,1,279
2018-01-18,8,1.1,86,1.2,197,-0.9,0.0,0.0,0.0,0,1,1,3,0,0,0,1,537
2018-01-18,9,1.2,84,2.1,210,-1.2,0.07,0.0,0.0,0,1,1,3,0,0,0,1,305
2018-01-18,10,1.4,81,2.1,255,-1.5,0.21,0.0,0.0,0,1,1,3,0,0,0,1,188
2018-01-18,11,1.8,75,1.8,301,-2.1,0.35,0.0,0.0,0,1,1,3,0,0,0,1,261
2018-01-18,12,2.5,72,2.4,256,-2.0,0.0,0.0,0.0,0,1,1,3,0,0,0,1,267
2018-01-18,13,3.5,54,3.2,463,-4.9,0.68,0.0,0.0,0,1,1,3,0,0,0,1,307
2018-01-18,14,4.4,42,2.3,719,-7.4,0.72,0.0,0.0,0,1,1,3,0,0,0,1,301
2018-01-18,15,4.2,36,2.3,957,-9.5,0.57,0.0,0.0,0,1,1,3,0,0,0,1,269
2018-01-18,16,3.6,42,2.4,883,-8.1,0.29,0.0,0.0,0,1,1,3,0,0,0,1,328
2018-01-18,17,2.8,46,2.1,858,-7.6,0.14,0.0,0.0,0,1,1,3,0,0,0,1,416
2018-01-18,18,2.0,39,2.1,1259,-10.5,0.01,0.0,0.0,0,1,1,3,0,0,0,1,506
2018-01-18,19,1.5,41,1.0,1210,-10.3,0.0,0.0,0.0,0,1,1,3,0,0,0,1,365
2018-01-18,20,1.1,44,1.2,1171,-9.8,0.0,0.0,0.0,0,1,1,3,0,0,0,1,303
2018-01-18,21,0.8,45,1.5,1184,-9.8,0.0,0.0,0.0,0,1,1,3,0,0,0,1,339
2018-01-18,22,0.7,45,2.0,1084,-9.9,0.0,0.0,0.0,0,1,1,3,0,0,0,1,318
2018-01-18,23,0.6,47,2.3,1046,-9.4,0.0,0.0,0.0,0,1,1,3,0,0,0,1,232
2018-01-19,0,0.3,45,1.8,1154,-10.2,0.0,0.0,0.0,0,1,1,4,0,0,0,1,211
2018-01-19,1,0.0,43,1.7,1250,-11.1,0.0,0.0,0.0,0,1,1,4,0,0,0,1,207
2018-01-19,2,-0.3,44,1.7,1295,-11.1,0.0,0.0,0.0,0,1,1,4,0,0,0,1,140
2018-01-19,3,-0.6,43,1.7,1316,-11.6,0.0,0.0,0.0,0,1,1,4,0,0,0,1,93
2018-01-19,4,-0.7,45,1.4,1241,-11.1,0.0,0.0,0.0,0,1,1,4,0,0,0,1,58
2018-01-19,5,-1.4,47,1.4,1301,-11.2,0.0,0.0,0.0,0,1,1,4,0,0,0,1,61
2018-01-19,6,-1.8,49,1.4,1359,-11.1,0.0,0.0,0.0,0,1,1,4,0,0,0,1,151
2018-01-19,7,-2.0,49,1.9,1281,-11.3,0.0,0.0,0.0,0,1,1,4,0,0,0,1,334
2018-01-19,8,-2.5,50,1.0,1281,-11.5,0.0,0.0,0.0,0,1,1,4,0,0,0,1,648
2018-01-19,9,-2.1,42,1.3,1519,-13.3,0.17,0.0,0.0,0,1,1,4,0,0,0,1,387
2018-01-19,10,0.0,29,1.3,1592,-15.9,0.52,0.0,0.0,0,1,1,4,0,0,0,1,255
2018-01-19,11,2.2,20,0.6,1794,-18.5,0.83,0.0,0.0,0,1,1,4,0,0,0,1,283
2018-01-19,12,4.3,28,1.5,1858,-12.6,0.98,0.0,0.0,0,1,1,4,0,0,0,1,341
2018-01-19,13,4.7,26,2.6,1370,-13.2,1.11,0.0,0.0,0,1,1,4,0,0,0,1,341
2018-01-19,14,4.7,24,3.6,1552,-14.2,1.08,0.0,0.0,0,1,1,4,0,0,0,1,349
2018-01-19,15,5.4,25,2.4,1686,-13.1,0.9,0.0,0.0,0,1,1,4,0,0,0,1,381
2018-01-19,16,4.9,27,2.8,1648,-12.5,0.65,0.0,0.0,0,1,1,4,0,0,0,1,390
2018-01-19,17,4.1,34,3.1,1810,-10.3,0.28,0.0,0.0,0,1,1,4,0,0,0,1,468
2018-01-19,18,2.9,45,1.6,1629,-7.8,0.04,0.0,0.0,0,1,1,4,0,0,0,1,702
2018-01-19,19,2.0,48,1.8,1519,-7.8,0.0,0.0,0.0,0,1,1,4,0,0,0,1,471
2018-01-19,20,1.2,51,0.6,1544,-7.8,0.0,0.0,0.0,0,1,1,4,0,0,0,1,342
2018-01-19,21,0.5,52,0.8,1595,-8.2,0.0,0.0,0.0,0,1,1,4,0,0,0,1,331
2018-01-19,22,0.0,56,0.8,1544,-7.7,0.0,0.0,0.0,0,1,1,4,0,0,0,1,292
2018-01-19,23,-0.5,59,0.9,1487,-7.5,0.0,0.0,0.0,0,1,1,4,0,0,0,1,236
2018-01-20,0,-0.6,60,0.6,1433,-7.4,0.0,0.0,0.0,0,1,1,5,0,0,0,1,228
2018-01-20,1,-0.9,64,0.4,1273,-6.8,0.0,0.0,0.0,0,1,1,5,0,0,0,1,258
2018-01-20,2,-0.9,65,0.6,1369,-6.6,0.0,0.0,0.0,0,1,1,5,0,0,0,1,216
2018-01-20,3,-0.9,65,0.2,1359,-6.6,0.0,0.0,0.0,0,1,1,5,0,0,0,1,118
2018-01-20,4,-0.7,65,0.6,1226,-6.4,0.0,0.0,0.0,0,1,1,5,0,0,0,1,89
2018-01-20,5,-0.3,62,0.6,862,-6.7,0.0,0.0,0.0,0,1,1,5,0,0,0,1,56
2018-01-20,6,-0.1,60,0.4,1080,-6.9,0.0,0.0,0.0,0,1,1,5,0,0,0,1,50
2018-01-20,7,0.2,60,0.3,1145,-6.6,0.0,0.0,0.0,0,1,1,5,0,0,0,1,101
2018-01-20,8,0.3,63,0.4,1140,-5.9,0.0,0.0,0.0,0,1,1,5,0,0,0,1,191
2018-01-20,9,0.9,63,0.9,1090,-5.3,0.07,0.0,0.0,0,1,1,5,0,0,0,1,234
2018-01-20,10,2.1,60,1.2,1005,-4.8,0.3,0.0,0.0,0,1,1,5,0,0,0,1,259
2018-01-20,11,3.7,59,1.8,978,-3.5,0.51,0.0,0.0,0,1,1,5,0,0,0,1,285
2018-01-20,12,5.3,55,2.6,904,-3.0,0.85,0.0,0.0,0,1,1,5,0,0,0,1,325
2018-01-20,13,6.3,55,3.0,792,-2.0,0.85,0.0,0.0,0,1,1,5,0,0,0,1,356
2018-01-20,14,5.9,61,3.2,623,-1.0,0.52,0.0,0.0,0,1,1,5,0,0,0,1,334
2018-01-20,15,6.3,55,3.0,355,-2.0,0.68,0.0,0.0,0,1,1,5,0,0,0,1,406
2018-01-20,16,6.6,42,3.0,355,-5.4,0.48,0.0,0.0,0,1,1,5,0,0,0,1,352
2018-01-20,17,5.7,53,1.8,276,-3.1,0.22,0.0,0.0,0,1,1,5,0,0,0,1,377
2018-01-20,18,4.6,55,3.2,232,-3.6,0.03,0.0,0.0,0,1,1,5,0,0,0,1,283
2018-01-20,19,3.5,66,1.7,187,-2.2,0.0,0.0,0.0,0,1,1,5,0,0,0,1,223
2018-01-20,20,2.9,66,1.2,173,-2.8,0.0,0.0,0.0,0,1,1,5,0,0,0,1,219
2018-01-20,21,2.1,48,2.8,346,-7.7,0.0,0.0,0.0,0,1,1,5,0,0,0,1,220
2018-01-20,22,1.5,48,2.4,422,-8.3,0.0,0.0,0.0,0,1,1,5,0,0,0,1,232
2018-01-20,23,0.8,53,1.7,382,-7.7,0.0,0.0,0.0,0,1,1,5,0,0,0,1,164
2018-01-21,0,-0.3,60,1.9,340,-7.1,0.0,0.0,0.0,0,1,1,6,0,0,0,1,196
2018-01-21,1,-0.8,58,0.4,400,-8.0,0.0,0.0,0.0,0,1,1,6,0,0,0,1,177
2018-01-21,2,-1.5,63,1.0,380,-7.6,0.0,0.0,0.0,0,1,1,6,0,0,0,1,107
2018-01-21,3,-2.0,60,0.5,474,-8.7,0.0,0.0,0.0,0,1,1,6,0,0,0,1,107
2018-01-21,4,-2.3,47,0.7,984,-12.1,0.0,0.0,0.0,0,1,1,6,0,0,0,1,73
2018-01-21,5,-2.6,49,1.1,1065,-11.8,0.0,0.0,0.0,0,1,1,6,0,0,0,1,32
2018-01-21,6,-3.1,54,1.4,1037,-11.1,0.0,0.0,0.0,0,1,1,6,0,0,0,1,36
2018-01-21,7,-3.2,54,1.2,1113,-11.2,0.0,0.0,0.0,0,1,1,6,0,0,0,1,61
2018-01-21,8,-3.6,53,0.5,1227,-11.8,0.0,0.0,0.0,0,1,1,6,0,0,0,1,115
2018-01-21,9,-3.2,46,0.8,1091,-13.2,0.15,0.0,0.0,0,1,1,6,0,0,0,1,152
2018-01-21,10,-1.3,37,0.8,1070,-14.1,0.47,0.0,0.0,0,1,1,6,0,0,0,1,189
2018-01-21,11,1.9,25,1.0,1493,-16.1,0.78,0.0,0.0,0,1,1,6,0,0,0,1,216
2018-01-21,12,3.9,30,1.6,1085,-12.1,0.91,0.0,0.0,0,1,1,6,0,0,0,1,271
2018-01-21,13,4.9,22,2.0,1446,-15.0,1.0,0.0,0.0,0,1,1,6,0,0,0,1,343
2018-01-21,14,5.4,18,1.2,1923,-17.0,0.96,0.0,0.0,0,1,1,6,0,0,0,1,340
2018-01-21,15,5.4,20,2.2,1890,-15.8,0.8,0.0,0.0,0,1,1,6,0,0,0,1,389
2018-01-21,16,4.7,17,2.1,2000,-18.3,0.55,0.0,0.0,0,1,1,6,0,0,0,1,396
2018-01-21,17,3.8,20,1.3,2000,-17.1,0.24,0.0,0.0,0,1,1,6,0,0,0,1,383
2018-01-21,18,2.5,24,2.0,2000,-16.0,0.02,0.0,0.0,0,1,1,6,0,0,0,1,295
2018-01-21,19,1.3,25,1.3,2000,-16.6,0.0,0.0,0.0,0,1,1,6,0,0,0,1,223
2018-01-21,20,0.3,27,0.4,2000,-16.5,0.0,0.0,0.0,0,1,1,6,0,0,0,1,258
2018-01-21,21,-0.1,29,0.5,2000,-16.0,0.0,0.0,0.0,0,1,1,6,0,0,0,1,237
2018-01-21,22,-0.3,32,0.7,2000,-15.0,0.0,0.0,0.0,0,1,1,6,0,0,0,1,207
2018-01-21,23,-0.4,32,0.6,2000,-15.1,0.0,0.0,0.0,0,1,1,6,0,0,0,1,170
2018-01-22,0,-0.2,30,0.4,2000,-15.7,0.0,0.0,0.0,0,1,1,0,0,0,0,1,171
2018-01-22,1,-0.2,32,0.7,2000,-14.9,0.0,0.0,0.0,0,1,1,0,0,0,0,1,97
2018-01-22,2,-0.2,33,1.4,2000,-14.5,0.0,0.0,0.0,0,1,1,0,0,0,0,1,73
2018-01-22,3,-0.3,31,0.3,2000,-15.4,0.0,0.0,0.0,0,1,1,0,0,0,0,1,53
2018-01-22,4,0.0,32,0.4,2000,-14.7,0.0,0.0,0.0,0,1,1,0,0,0,0,1,31
2018-01-22,5,0.0,32,0.7,2000,-14.7,0.0,0.0,0.0,0,1,1,0,0,0,0,1,60
2018-01-22,6,0.0,33,0.4,2000,-14.3,0.0,0.0,0.0,0,1,1,0,0,0,0,1,165
2018-01-22,7,-0.4,34,1.0,1989,-14.3,0.0,0.0,0.0,0,1,1,0,0,0,0,1,316
2018-01-22,8,-0.7,32,0.5,1991,-15.3,0.0,0.0,0.0,0,1,1,0,0,0,0,1,683
2018-01-22,9,0.1,33,0.8,1901,-14.3,0.06,0.0,0.0,0,1,1,0,0,0,0,1,365
2018-01-22,10,1.1,31,0.7,1898,-14.1,0.25,0.0,0.0,0,1,1,0,0,0,0,1,221
2018-01-22,11,2.4,27,0.9,1796,-14.7,0.47,0.0,0.0,0,1,1,0,0,0,0,1,277
2018-01-22,12,3.9,28,0.9,1383,-12.9,0.6,0.0,0.0,0,1,1,0,0,0,0,1,323
2018-01-22,13,3.9,33,0.6,1249,-10.9,0.19,0.0,0.0,0,1,1,0,0,0,0,1,281
2018-01-22,14,3.3,73,0.4,744,-1.0,0.11,0.0,0.0,0,1,1,0,0,0,0,1,249
2018-01-22,15,3.6,69,1.8,655,-1.5,0.17,0.0,0.0,0,1,1,0,0,0,0,1,63
2018-01-22,16,2.0,87,1.9,140,0.0,0.03,0.0,0.0,0,1,1,0,0,0,0,1,18
2018-01-22,17,1.3,93,1.2,81,0.2,0.03,0.0,0.2,0,1,1,0,0,0,0,1,43
2018-01-22,18,1.1,96,3.0,187,0.5,0.0,3.3,1.0,0,1,1,0,0,0,0,1,170
2018-01-22,19,-0.1,88,3.2,582,-1.8,0.0,0.0,1.0,0,1,1,0,0,0,0,1,167
2018-01-22,20,-0.8,85,2.9,836,-3.0,0.0,0.0,1.0,0,1,1,0,0,0,0,1,181
2018-01-22,21,-1.8,85,2.9,590,-3.9,0.0,0.0,1.0,0,1,1,0,0,0,0,1,187
2018-01-22,22,-3.2,81,3.9,492,-6.0,0.0,0.0,1.0,0,1,1,0,0,0,0,1,170
2018-01-22,23,-4.2,79,2.9,554,-7.3,0.0,0.0,1.0,0,1,1,0,0,0,0,1,139
2018-01-23,0,-5.3,77,3.8,894,-8.7,0.0,0.0,1.0,0,1,1,1,0,0,0,1,96
2018-01-23,1,-6.0,76,3.1,1178,-9.5,0.0,0.0,1.0,0,1,1,1,0,0,0,1,120
2018-01-23,2,-7.5,65,3.9,2000,-12.9,0.0,0.0,1.0,0,1,1,1,0,0,0,1,75
2018-01-23,3,-8.6,68,3.3,2000,-13.4,0.0,0.0,1.0,0,1,1,1,0,0,0,1,55
2018-01-23,4,-9.5,49,4.3,2000,-18.2,0.0,0.0,1.0,0,1,1,1,0,0,0,1,45
2018-01-23,5,-10.5,46,3.0,2000,-19.9,0.0,0.0,1.0,0,1,1,1,0,0,0,1,44
2018-01-23,6,-11.5,47,3.2,2000,-20.5,0.0,0.0,1.0,0,1,1,1,0,0,0,1,84
2018-01-23,7,-12.5,41,4.5,2000,-23.0,0.0,0.0,1.0,0,1,1,1,0,0,0,1,211
2018-01-23,8,-13.0,41,4.0,2000,-23.5,0.0,0.0,1.0,0,1,1,1,0,0,0,1,423
2018-01-23,9,-13.3,36,3.5,2000,-25.2,0.19,0.0,1.0,0,1,1,1,0,0,0,1,228
2018-01-23,10,-12.1,34,3.5,1968,-24.8,0.62,0.0,1.0,0,1,1,1,0,0,0,1,132
2018-01-23,11,-11.7,27,4.0,1935,-26.9,0.94,0.0,1.0,0,1,1,1,0,0,0,1,184
2018-01-23,12,-11.3,27,3.7,1955,-26.6,1.18,0.0,1.0,0,1,1,1,0,0,0,1,180
2018-01-23,13,-11.0,27,4.0,1959,-26.3,1.26,0.0,1.0,0,1,1,1,0,0,0,1,189
2018-01-23,14,-10.4,30,4.3,2000,-24.6,1.22,0.0,1.0,0,1,1,1,0,0,0,1,169
2018-01-23,15,-9.7,32,3.6,2000,-23.3,1.04,0.0,1.0,0,1,1,1,0,0,0,1,181
2018-01-23,16,-10.1,34,4.3,2000,-23.0,0.74,0.0,1.0,0,1,1,1,0,0,0,1,181
2018-01-23,17,-10.6,38,3.5,2000,-22.2,0.38,0.0,0.9,0,1,1,1,0,0,0,1,239
2018-01-23,18,-11.5,43,2.4,2000,-21.6,0.05,0.0,0.9,0,1,1,1,0,0,0,1,351
2018-01-23,19,-12.0,47,3.2,2000,-21.0,0.0,0.0,0.9,0,1,1,1,0,0,0,1,248
2018-01-23,20,-12.5,52,3.0,2000,-20.3,0.0,0.0,0.9,0,1,1,1,0,0,0,1,178
2018-01-23,21,-13.2,49,4.1,2000,-21.6,0.0,0.0,0.9,0,1,1,1,0,0,0,1,145
2018-01-23,22,-13.9,45,4.0,2000,-23.2,0.0,0.0,0.9,0,1,1,1,0,0,0,1,117
2018-01-23,23,-14.3,38,4.0,2000,-25.5,0.0,0.0,0.9,0,1,1,1,0,0,0,1,106
2018-01-24,0,-14.6,34,3.9,2000,-27.0,0.0,0.0,0.9,0,1,1,2,0,0,0,1,90
2018-01-24,1,-15.0,31,2.5,2000,-28.3,0.0,0.0,0.9,0,1,1,2,0,0,0,1,89
2018-01-24,2,-15.2,32,3.1,2000,-28.2,0.0,0.0,0.9,0,1,1,2,0,0,0,1,50
2018-01-24,3,-15.2,30,3.4,2000,-28.9,0.0,0.0,0.9,0,1,1,2,0,0,0,1,32
2018-01-24,4,-15.4,30,2.5,2000,-29.1,0.0,0.0,0.9,0,1,1,2,0,0,0,1,24
2018-01-24,5,-15.6,29,3.7,2000,-29.6,0.0,0.0,0.9,0,1,1,2,0,0,0,1,34
2018-01-24,6,-15.7,29,2.5,2000,-29.7,0.0,0.0,0.9,0,1,1,2,0,0,0,1,71
2018-01-24,7,-15.9,30,3.0,2000,-29.5,0.0,0.0,0.9,0,1,1,2,0,0,0,1,164
2018-01-24,8,-16.2,30,1.6,2000,-29.8,0.0,0.0,0.9,0,1,1,2,0,0,0,1,364
2018-01-24,9,-15.8,27,3.4,2000,-30.5,0.2,0.0,0.9,0,1,1,2,0,0,0,1,192
2018-01-24,10,-14.5,24,4.6,1902,-30.6,0.61,0.0,0.9,0,1,1,2,0,0,0,1,90
2018-01-24,11,-13.1,25,3.8,1964,-29.0,0.96,0.0,0.9,0,1,1,2,0,0,0,1,124
2018-01-24,12,-12.2,26,4.0,2000,-27.8,1.17,0.0,0.9,0,1,1,2,0,0,0,1,121
2018-01-24,13,-12.0,25,6.0,1887,-28.0,1.27,0.0,0.9,0,1,1,2,0,0,0,1,140
2018-01-24,14,-11.1,26,3.8,1980,-26.8,1.25,0.0,0.8,0,1,1,2,0,0,0,1,125
2018-01-24,15,-10.8,29,3.8,2000,-25.4,1.06,0.0,0.7,0,1,1,2,0,0,0,1,149
2018-01-24,16,-11.2,30,4.7,2000,-25.3,0.77,0.0,0.7,0,1,1,2,0,0,0,1,124
2018-01-24,17,-11.8,26,3.5,2000,-27.4,0.39,0.0,0.7,0,1,1,2,0,0,0,1,203
2018-01-24,18,-13.0,29,3.4,2000,-27.3,0.05,0.0,0.7,0,1,1,2,0,0,0,1,297
2018-01-24,19,-13.8,32,2.2,2000,-26.9,0.0,0.0,0.7,0,1,1,2,0,0,0,1,211
2018-01-24,20,-14.3,37,1.3,2000,-25.8,0.0,0.0,0.7,0,1,1,2,0,0,0,1,125
2018-01-24,21,-14.7,40,3.2,1933,-25.3,0.0,0.0,0.7,0,1,1,2,0,0,0,1,132
2018-01-24,22,-15.2,45,4.0,2000,-24.4,0.0,0.0,0.7,0,1,1,2,0,0,0,1,121
2018-01-24,23,-15.7,43,3.6,2000,-25.4,0.0,0.0,0.7,0,1,1,2,0,0,0,1,82
2018-01-25,0,-15.9,43,3.8,2000,-25.6,0.0,0.0,0.7,0,1,1,3,0,0,0,1,78
2018-01-25,1,-16.1,42,2.2,2000,-26.0,0.0,0.0,0.7,0,1,1,3,0,0,0,1,68
2018-01-25,2,-16.0,42,1.3,2000,-25.9,0.0,0.0,0.7,0,1,1,3,0,0,0,1,60
2018-01-25,3,-16.0,40,1.9,2000,-26.5,0.0,0.0,0.7,0,1,1,3,0,0,0,1,32
2018-01-25,4,-15.9,37,2.4,1985,-27.2,0.0,0.0,0.7,0,1,1,3,0,0,0,1,22
2018-01-25,5,-15.8,37,2.7,2000,-27.1,0.0,0.0,0.7,0,1,1,3,0,0,0,1,34
2018-01-25,6,-16.1,33,3.0,2000,-28.7,0.0,0.0,0.7,0,1,1,3,0,0,0,1,71
2018-01-25,7,-16.2,33,2.2,2000,-28.7,0.0,0.0,0.7,0,1,1,3,0,0,0,1,165
2018-01-25,8,-16.4,32,3.3,2000,-29.2,0.01,0.0,0.6,0,1,1,3,0,0,0,1,349
2018-01-25,9,-16.2,33,2.9,2000,-28.7,0.19,0.0,0.6,0,1,1,3,0,0,0,1,187
2018-01-25,10,-15.3,33,2.4,2000,-27.9,0.56,0.0,0.6,0,1,1,3,0,0,0,1,105
2018-01-25,11,-13.8,25,3.5,1996,-29.6,0.91,0.0,0.6,0,1,1,3,0,0,0,1,122
2018-01-25,12,-12.8,25,3.2,1981,-28.7,1.16,0.0,0.6,0,1,1,3,0,0,0,1,142
2018-01-25,13,-11.4,27,3.9,2000,-26.7,1.26,0.0,0.6,0,1,1,3,0,0,0,1,130
2018-01-25,14,-10.4,25,2.3,1981,-26.7,1.21,0.0,0.5,0,1,1,3,0,0,0,1,160
2018-01-25,15,-9.7,28,3.7,2000,-24.8,1.0,0.0,0.5,0,1,1,3,0,0,0,1,130
2018-01-25,16,-9.6,31,2.6,1973,-23.6,0.66,0.0,0.5,0,1,1,3,0,0,0,1,152
2018-01-25,17,-10.9,32,4.0,2000,-24.4,0.28,0.0,0.5,0,1,1,3,0,0,0,1,170
2018-01-25,18,-11.8,33,4.0,2000,-24.8,0.04,0.0,0.5,0,1,1,3,0,0,0,1,288
2018-01-25,19,-12.7,33,3.7,2000,-25.6,0.0,0.0,0.5,0,1,1,3,0,0,0,1,178
2018-01-25,20,-13.5,33,2.4,2000,-26.3,0.0,0.0,0.5,0,1,1,3,0,0,0,1,141
2018-01-25,21,-14.1,35,2.2,2000,-26.2,0.0,0.0,0.5,0,1,1,3,0,0,0,1,137
2018-01-25,22,-14.6,35,2.5,2000,-26.7,0.0,0.0,0.5,0,1,1,3,0,0,0,1,113
2018-01-25,23,-14.9,35,2.8,2000,-26.9,0.0,0.0,0.5,0,1,1,3,0,0,0,1,79
2018-01-26,0,-15.1,34,1.7,2000,-27.4,0.0,0.0,0.5,0,1,1,4,0,0,0,1,68
2018-01-26,1,-15.3,34,1.7,2000,-27.6,0.0,0.0,0.5,0,1,1,4,0,0,0,1,93
2018-01-26,2,-15.6,33,2.2,2000,-28.2,0.0,0.0,0.5,0,1,1,4,0,0,0,1,54
2018-01-26,3,-15.9,34,2.9,2000,-28.2,0.0,0.0,0.5,0,1,1,4,0,0,0,1,41
2018-01-26,4,-16.4,36,1.5,2000,-28.0,0.0,0.0,0.5,0,1,1,4,0,0,0,1,24
2018-01-26,5,-16.9,38,2.3,2000,-27.9,0.0,0.0,0.5,0,1,1,4,0,0,0,1,36
2018-01-26,6,-17.4,40,1.6,2000,-27.7,0.0,0.0,0.5,0,1,1,4,0,0,0,1,64
2018-01-26,7,-17.5,38,3.4,2000,-28.4,0.0,0.0,0.5,0,1,1,4,0,0,0,1,142
2018-01-26,8,-17.8,40,2.5,2000,-28.1,0.0,0.0,0.5,0,1,1,4,0,0,0,1,322
2018-01-26,9,-17.5,37,3.8,1941,-28.7,0.21,0.0,0.5,0,1,1,4,0,0,0,1,149
2018-01-26,10,-16.5,33,3.4,1703,-29.0,0.62,0.0,0.5,0,1,1,4,0,0,0,1,96
2018-01-26,11,-15.6,31,3.3,1808,-28.9,0.93,0.0,0.5,0,1,1,4,0,0,0,1,93
2018-01-26,12,-14.4,30,2.7,1906,-28.2,1.17,0.0,0.5,0,1,1,4,0,0,0,1,111
2018-01-26,13,-13.3,28,2.7,1889,-27.9,1.26,0.0,0.5,0,1,1,4,0,0,0,1,115
2018-01-26,14,-12.1,27,2.5,1879,-27.3,1.25,0.0,0.4,0,1,1,4,0,0,0,1,116
2018-01-26,15,-11.4,27,3.3,1805,-26.7,0.0,0.0,0.4,0,1,1,4,0,0,0,1,140
2018-01-26,16,-10.8,28,2.7,1778,-25.8,0.77,0.0,0.4,0,1,1,4,0,0,0,1,147
2018-01-26,17,-11.5,31,3.3,1745,-25.2,0.41,0.0,0.3,0,1,1,4,0,0,0,1,196
2018-01-26,18,-12.7,33,2.5,1835,-25.6,0.05,0.0,0.3,0,1,1,4,0,0,0,1,305
2018-01-26,19,-13.2,33,2.4,1863,-26.1,0.0,0.0,0.3,0,1,1,4,0,0,0,1,171
2018-01-26,20,-13.7,35,1.7,1878,-25.9,0.0,0.0,0.3,0,1,1,4,0,0,0,1,121
2018-01-26,21,-14.1,36,1.8,1869,-25.9,0.0,0.0,0.3,0,1,1,4,0,0,0,1,130
2018-01-26,22,-14.6,40,1.8,1746,-25.2,0.0,0.0,0.3,0,1,1,4,0,0,0,1,108
2018-01-26,23,-14.4,38,2.7,1738,-25.6,0.0,0.0,0.3,0,1,1,4,0,0,0,1,89
2018-01-27,0,-15.0,42,1.2,1766,-25.0,0.0,0.0,0.3,0,1,1,5,0,0,0,1,80
2018-01-27,1,-15.1,43,0.8,1905,-24.9,0.0,0.0,0.3,0,1,1,5,0,0,0,1,94
2018-01-27,2,-15.3,43,0.6,1867,-25.0,0.0,0.0,0.3,0,1,1,5,0,0,0,1,75
2018-01-27,3,-15.3,43,0.8,1963,-25.0,0.0,0.0,0.3,0,1,1,5,0,0,0,1,41
2018-01-27,4,-15.3,47,0.8,1868,-24.0,0.0,0.0,0.3,0,1,1,5,0,0,0,1,36
2018-01-27,5,-15.4,45,0.8,2000,-24.6,0.0,0.0,0.3,0,1,1,5,0,0,0,1,25
2018-01-27,6,-15.3,47,0.7,1921,-24.0,0.0,0.0,0.3,0,1,1,5,0,0,0,1,33
2018-01-27,7,-15.7,53,1.3,1629,-23.1,0.0,0.0,0.3,0,1,1,5,0,0,0,1,57
2018-01-27,8,-15.9,58,0.9,1369,-22.2,0.0,0.0,0.3,0,1,1,5,0,0,0,1,84
2018-01-27,9,-15.1,49,1.1,1401,-23.4,0.2,0.0,0.3,0,1,1,5,0,0,0,1,105
2018-01-27,10,-12.3,35,0.6,1497,-24.6,0.6,0.0,0.3,0,1,1,5,0,0,0,1,96
2018-01-27,11,-9.6,33,1.1,1748,-22.9,0.9,0.0,0.3,0,1,1,5,0,0,0,1,125
2018-01-27,12,-7.7,32,2.5,1763,-21.5,1.13,0.0,0.3,0,1,1,5,0,0,0,1,145
2018-01-27,13,-6.6,27,2.1,1889,-22.5,1.24,0.0,0.3,0,1,1,5,0,0,0,1,189
2018-01-27,14,-4.1,25,2.0,1730,-21.2,1.2,0.0,0.2,0,1,1,5,0,0,0,1,193
2018-01-27,15,-3.7,26,2.2,1739,-20.4,1.04,0.0,0.0,0,1,1,5,0,0,0,1,192
2018-01-27,16,-3.7,25,2.6,1839,-20.9,0.74,0.0,0.0,0,1,1,5,0,0,0,1,195
2018-01-27,17,-4.6,26,1.9,2000,-21.2,0.39,0.0,0.0,0,1,1,5,0,0,0,1,207
2018-01-27,18,-6.6,31,3.0,1988,-20.9,0.06,0.0,0.0,0,1,1,5,0,0,0,1,162
2018-01-27,19,-7.1,33,2.0,1887,-20.6,0.0,0.0,0.0,0,1,1,5,0,0,0,1,122
2018-01-27,20,-7.6,36,1.7,1858,-20.1,0.0,0.0,0.0,0,1,1,5,0,0,0,1,117
2018-01-27,21,-7.9,35,2.6,1878,-20.7,0.0,0.0,0.0,0,1,1,5,0,0,0,1,103
2018-01-27,22,-7.8,43,2.3,1804,-18.2,0.0,0.0,0.0,0,1,1,5,0,0,0,1,114
2018-01-27,23,-7.6,42,1.2,1760,-18.3,0.0,0.0,0.0,0,1,1,5,0,0,0,1,103
2018-01-28,0,-7.5,36,2.3,1972,-20.0,0.0,0.0,0.0,0,1,1,6,0,0,0,1,125
2018-01-28,1,-7.5,45,2.4,1853,-17.4,0.0,0.0,0.0,0,1,1,6,0,0,0,1,103
2018-01-28,2,-7.8,51,1.9,1627,-16.1,0.0,0.0,0.0,0,1,1,6,0,0,0,1,72
2018-01-28,3,-7.7,49,1.8,1573,-16.5,0.0,0.0,0.0,0,1,1,6,0,0,0,1,67
2018-01-28,4,-7.6,37,1.6,1966,-19.8,0.0,0.0,0.0,0,1,1,6,0,0,0,1,38
2018-01-28,5,-7.5,33,1.5,2000,-21.0,0.0,0.0,0.0,0,1,1,6,0,0,0,1,21
2018-01-28,6,-7.8,35,1.9,2000,-20.6,0.0,0.0,0.0,0,1,1,6,0,0,0,1,30
2018-01-28,7,-8.0,39,1.9,2000,-19.5,0.0,0.0,0.0,0,1,1,6,0,0,0,1,42
2018-01-28,8,-8.1,43,1.7,1943,-18.5,0.0,0.0,0.0,0,1,1,6,0,0,0,1,72
2018-01-28,9,-7.8,41,1.8,1923,-18.7,0.17,0.0,0.0,0,1,1,6,0,0,0,1,104
2018-01-28,10,-5.9,35,1.9,1940,-18.9,0.53,0.0,0.0,0,1,1,6,0,0,0,1,111
2018-01-28,11,-4.6,27,2.6,1887,-20.8,0.85,0.0,0.0,0,1,1,6,0,0,0,1,145
2018-01-28,12,-3.5,26,2.5,1756,-20.2,1.07,0.0,0.0,0,1,1,6,0,0,0,1,189
2018-01-28,13,-2.4,22,2.5,1866,-21.2,1.16,0.0,0.0,0,1,1,6,0,0,0,1,206
2018-01-28,14,-1.5,20,3.0,1992,-21.6,1.09,0.0,0.0,0,1,1,6,0,0,0,1,225
2018-01-28,15,-1.9,23,4.3,2000,-20.3,0.7,0.0,0.0,0,1,1,6,0,0,0,1,217
2018-01-28,16,-2.1,27,4.0,2000,-18.6,0.52,0.0,0.0,0,1,1,6,0,0,0,1,187
2018-01-28,17,-3.8,32,5.2,2000,-18.1,0.25,0.0,0.0,0,1,1,6,0,0,0,1,178
2018-01-28,18,-4.9,35,3.7,2000,-18.0,0.04,0.0,0.0,0,1,1,6,0,0,0,1,157
2018-01-28,19,-6.0,31,3.6,2000,-20.4,0.0,0.0,0.0,0,1,1,6,0,0,0,1,134
2018-01-28,20,-7.0,30,2.8,2000,-21.6,0.0,0.0,0.0,0,1,1,6,0,0,0,1,113
2018-01-28,21,-7.3,34,3.5,2000,-20.5,0.0,0.0,0.0,0,1,1,6,0,0,0,1,106
2018-01-28,22,-7.9,40,2.5,1997,-19.1,0.0,0.0,0.0,0,1,1,6,0,0,0,1,105
2018-01-28,23,-8.7,42,2.1,1981,-19.3,0.0,0.0,0.0,0,1,1,6,0,0,0,1,81
2018-01-29,0,-9.3,45,0.7,1976,-19.0,0.0,0.0,0.0,0,1,1,0,0,0,0,1,80
2018-01-29,1,-9.8,47,1.3,1934,-19.0,0.0,0.0,0.0,0,1,1,0,0,0,0,1,62
2018-01-29,2,-10.2,47,0.9,1808,-19.3,0.0,0.0,0.0,0,1,1,0,0,0,0,1,49
2018-01-29,3,-9.8,43,2.8,1963,-20.0,0.0,0.0,0.0,0,1,1,0,0,0,0,1,27
2018-01-29,4,-9.9,45,2.5,1967,-19.6,0.0,0.0,0.0,0,1,1,0,0,0,0,1,26
2018-01-29,5,-10.4,47,1.0,1921,-19.5,0.0,0.0,0.0,0,1,1,0,0,0,0,1,50
2018-01-29,6,-10.9,43,1.0,1967,-21.0,0.0,0.0,0.0,0,1,1,0,0,0,0,1,94
2018-01-29,7,-11.1,37,1.6,2000,-22.9,0.0,0.0,0.0,0,1,1,0,0,0,0,1,231
2018-01-29,8,-11.5,38,1.0,1998,-23.0,0.01,0.0,0.0,0,1,1,0,0,0,0,1,450
2018-01-29,9,-10.8,34,2.9,1975,-23.6,0.17,0.0,0.0,0,1,1,0,0,0,0,1,217
2018-01-29,10,-9.5,28,3.7,1893,-24.6,0.59,0.0,0.0,0,1,1,0,0,0,0,1,135
2018-01-29,11,-8.1,24,3.6,1761,-25.1,0.91,0.0,0.0,0,1,1,0,0,0,0,1,166
2018-01-29,12,-7.3,23,3.8,1903,-24.9,1.17,0.0,0.0,0,1,1,0,0,0,0,1,186
2018-01-29,13,-6.9,23,4.6,1963,-24.6,1.28,0.0,0.0,0,1,1,0,0,0,0,1,166
2018-01-29,14,-5.7,23,4.5,1956,-23.5,1.25,0.0,0.0,0,1,1,0,0,0,0,1,168
2018-01-29,15,-5.2,27,4.5,1927,-21.3,1.06,0.0,0.0,0,1,1,0,0,0,0,1,177
2018-01-29,16,-5.5,28,4.3,1926,-21.1,0.78,0.0,0.0,0,1,1,0,0,0,0,1,195
2018-01-29,17,-5.7,30,3.6,1978,-20.5,0.4,0.0,0.0,0,1,1,0,0,0,0,1,239
2018-01-29,18,-6.6,34,2.5,2000,-19.8,0.06,0.0,0.0,0,1,1,0,0,0,0,1,438
2018-01-29,19,-7.1,40,3.2,2000,-18.4,0.0,0.0,0.0,0,1,1,0,0,0,0,1,282
2018-01-29,20,-7.4,41,3.8,2000,-18.4,0.0,0.0,0.0,0,1,1,0,0,0,0,1,197
2018-01-29,21,-7.7,42,2.9,1905,-18.4,0.0,0.0,0.0,0,1,1,0,0,0,0,1,182
2018-01-29,22,-8.8,40,3.0,1985,-19.9,0.0,0.0,0.0,0,1,1,0,0,0,0,1,172
2018-01-29,23,-9.4,41,1.6,2000,-20.2,0.0,0.0,0.0,0,1,1,0,0,0,0,1,99
2018-01-30,0,-10.0,34,1.1,2000,-22.9,0.0,0.0,0.0,0,1,1,1,0,0,0,1,108
2018-01-30,1,-10.4,37,0.3,2000,-22.3,0.0,0.0,0.0,0,1,1,1,0,0,0,1,129
2018-01-30,2,-10.6,40,1.0,2000,-21.6,0.0,0.0,0.0,0,1,1,1,0,0,0,1,84
2018-01-30,3,-10.7,42,1.4,2000,-21.1,0.0,0.0,0.0,0,1,1,1,0,0,0,1,54
2018-01-30,4,-11.1,50,1.2,1986,-19.4,0.0,0.0,0.0,0,1,1,1,0,0,0,1,33
2018-01-30,5,-11.3,53,1.6,1979,-19.0,0.0,0.0,0.0,0,1,1,1,0,0,0,1,47
2018-01-30,6,-11.2,53,0.9,2000,-18.9,0.0,0.0,0.0,0,1,1,1,0,0,0,1,94
2018-01-30,7,-11.3,57,0.9,1984,-18.1,0.0,0.0,0.0,0,1,1,1,0,0,0,1,214
2018-01-30,8,-11.1,61,0.7,1963,-17.1,0.01,0.0,0.0,0,1,1,1,0,0,0,1,491
2018-01-30,9,-9.9,49,0.8,1624,-18.6,0.2,0.0,0.0,0,1,1,1,0,0,0,1,254
2018-01-30,10,-7.5,42,0.9,1705,-18.2,0.55,0.0,0.0,0,1,1,1,0,0,0,1,170
2018-01-30,11,-4.5,29,1.3,1912,-19.8,0.79,0.0,0.0,0,1,1,1,0,0,0,1,220
2018-01-30,12,-3.2,32,2.7,1900,-17.5,1.01,0.0,0.0,0,1,1,1,0,0,0,1,253
2018-01-30,13,-1.3,35,2.0,1893,-14.8,1.18,0.0,0.0,0,1,1,1,0,0,0,1,225
2018-01-30,14,-1.1,46,2.1,1437,-11.2,0.72,0.0,0.0,0,1,1,1,0,0,0,1,238
2018-01-30,15,-1.6,55,2.5,1891,-9.4,0.64,0.0,0.0,0,1,1,1,0,0,0,1,173
2018-01-30,16,-2.2,76,1.7,233,-5.8,0.25,0.0,0.0,0,1,1,1,0,0,0,1,94
2018-01-30,17,-2.4,85,0.3,174,-4.5,0.06,0.0,0.6,0,1,1,1,0,0,0,1,53
2018-01-30,18,-2.3,91,0.4,202,-3.5,0.0,1.4,2.0,0,1,1,1,0,0,0,1,100
2018-01-30,19,-1.7,91,1.1,167,-2.9,0.0,0.0,3.0,0,1,1,1,0,0,0,1,59
2018-01-30,20,-1.5,91,1.7,270,-2.7,0.0,0.0,3.3,0,1,1,1,0,0,0,1,72
2018-01-30,21,-1.6,91,1.3,508,-2.8,0.0,1.5,3.5,0,1,1,1,0,0,0,1,60
2018-01-30,22,-1.7,85,1.2,1006,-3.8,0.0,0.0,3.5,0,1,1,1,0,0,0,1,73
2018-01-30,23,-1.7,83,1.0,1093,-4.2,0.0,0.0,3.5,0,1,1,1,0,0,0,1,62
2018-01-31,0,-1.7,83,0.8,1113,-4.2,0.0,0.0,3.5,0,1,1,2,0,0,0,1,69
2018-01-31,1,-1.6,81,1.1,1141,-4.4,0.0,0.0,3.5,0,1,1,2,0,0,0,1,96
2018-01-31,2,-1.6,80,1.4,1097,-4.6,0.0,0.0,3.5,0,1,1,2,0,0,0,1,60
2018-01-31,3,-2.2,83,1.0,977,-4.7,0.0,0.0,3.5,0,1,1,2,0,0,0,1,47
2018-01-31,4,-2.4,82,1.5,877,-5.0,0.0,0.0,3.5,0,1,1,2,0,0,0,1,34
2018-01-31,5,-2.8,83,0.6,946,-5.2,0.0,0.0,3.5,0,1,1,2,0,0,0,1,34
2018-01-31,6,-3.1,80,0.7,1215,-6.0,0.0,0.0,3.5,0,1,1,2,0,0,0,1,63
2018-01-31,7,-3.5,83,1.6,953,-5.9,0.0,0.0,3.5,0,1,1,2,0,0,0,1,124
2018-01-31,8,-3.6,83,1.7,915,-6.0,0.0,0.0,3.5,0,1,1,2,0,0,0,1,273
2018-01-31,9,-3.3,77,1.2,916,-6.7,0.1,0.0,3.4,0,1,1,2,0,0,0,1,137
2018-01-31,10,-2.3,63,1.7,1286,-8.4,0.22,0.0,3.2,0,1,1,2,0,0,0,1,102
2018-01-31,11,-1.5,46,2.5,1906,-11.6,0.56,0.0,3.0,0,1,1,2,0,0,0,1,144
2018-01-31,12,-1.0,35,2.7,1921,-14.5,0.64,0.0,3.0,0,1,1,2,0,0,0,1,160
2018-01-31,13,-0.8,39,2.6,1853,-13.0,0.54,0.0,2.8,0,1,1,2,0,0,0,1,171
2018-01-31,14,-0.7,33,2.7,1984,-15.0,0.56,0.0,2.5,0,1,1,2,0,0,0,1,156
2018-01-31,15,-0.5,30,2.3,1997,-15.9,0.45,0.0,2.2,0,1,1,2,0,0,0,1,214
2018-01-31,16,-0.1,29,1.6,2000,-16.0,0.5,0.0,1.8,0,1,1,2,0,0,0,1,216
2018-01-31,17,-0.9,34,2.8,2000,-14.8,0.28,0.0,1.8,0,1,1,2,0,0,0,1,279
2018-01-31,18,-1.8,35,2.1,2000,-15.2,0.05,0.0,1.6,0,1,1,2,0,0,0,1,403
2018-01-31,19,-2.2,36,2.2,2000,-15.2,0.0,0.0,1.6,0,1,1,2,0,0,0,1,270
2018-01-31,20,-2.6,36,3.1,2000,-15.6,0.0,0.0,1.6,0,1,1,2,0,0,0,1,229
2018-01-31,21,-3.4,40,0.9,2000,-15.0,0.0,0.0,1.6,0,1,1,2,0,0,0,1,229
2018-01-31,22,-4.2,48,1.0,2000,-13.5,0.0,0.0,1.6,0,1,1,2,0,0,0,1,188
2018-01-31,23,-4.7,53,1.3,2000,-12.8,0.0,0.0,1.6,0,1,1,2,0,0,0,1,132
2018-02-01,0,-5.2,56,1.4,1996,-12.6,0.0,0.0,1.6,0,1,2,3,0,0,0,1,122
2018-02-01,1,-5.4,54,1.7,1996,-13.2,0.0,0.0,1.6,0,1,2,3,0,0,0,1,149
2018-02-01,2,-5.5,53,2.1,1980,-13.5,0.0,0.0,1.6,0,1,2,3,0,0,0,1,103
2018-02-01,3,-6.2,57,1.6,1874,-13.3,0.0,0.0,1.6,0,1,2,3,0,0,0,1,81
2018-02-01,4,-7.1,56,1.8,1841,-14.4,0.0,0.0,1.6,0,1,2,3,0,0,0,1,37
2018-02-01,5,-7.8,65,2.3,1737,-13.2,0.0,0.0,1.6,0,1,2,3,0,0,0,1,51
2018-02-01,6,-8.1,59,0.7,1915,-14.7,0.0,0.0,1.6,0,1,2,3,0,0,0,1,95
2018-02-01,7,-8.7,64,0.5,1972,-14.2,0.0,0.0,1.6,0,1,2,3,0,0,0,1,244
2018-02-01,8,-8.6,59,1.0,1948,-15.1,0.01,0.0,1.6,0,1,2,3,0,0,0,1,459
2018-02-01,9,-7.9,50,0.6,1805,-16.5,0.23,0.0,1.6,0,1,2,3,0,0,0,1,259
2018-02-01,10,-5.0,41,0.5,1799,-16.2,0.64,0.0,1.5,0,1,2,3,0,0,0,1,168
2018-02-01,11,-2.6,33,1.5,1830,-16.6,0.95,0.0,1.4,0,1,2,3,0,0,0,1,194
2018-02-01,12,-1.1,31,1.3,1869,-16.1,1.2,0.0,1.3,0,1,2,3,0,0,0,1,240
2018-02-01,13,0.3,28,3.1,1988,-16.1,1.3,0.0,1.0,0,1,2,3,0,0,0,1,233
2018-02-01,14,0.8,23,3.2,2000,-18.0,1.29,0.0,0.5,0,1,2,3,0,0,0,1,256
2018-02-01,15,0.7,25,3.0,1987,-17.1,1.12,0.0,0.0,0,1,2,3,0,0,0,1,293
2018-02-01,16,1.1,26,2.1,1957,-16.3,0.82,0.0,0.0,0,1,2,3,0,0,0,1,268
2018-02-01,17,0.3,26,2.4,1977,-17.0,0.45,0.0,0.0,0,1,2,3,0,0,0,1,341
2018-02-01,18,-1.0,28,1.9,2000,-17.2,0.08,0.0,0.0,0,1,2,3,0,0,0,1,542
2018-02-01,19,-1.8,32,1.5,2000,-16.3,0.0,0.0,0.0,0,1,2,3,0,0,0,1,344
2018-02-01,20,-2.4,36,1.0,2000,-15.4,0.0,0.0,0.0,0,1,2,3,0,0,0,1,263
2018-02-01,21,-3.2,47,1.8,1917,-12.9,0.0,0.0,0.0,0,1,2,3,0,0,0,1,257
2018-02-01,22,-3.9,52,1.2,1871,-12.3,0.0,0.0,0.0,0,1,2,3,0,0,0,1,235
2018-02-01,23,-4.5,55,0.4,1908,-12.1,0.0,0.0,0.0,0,1,2,3,0,0,0,1,143
2018-02-02,0,-4.9,56,1.1,1982,-12.3,0.0,0.0,0.0,0,1,2,4,0,0,0,1,138
2018-02-02,1,-5.2,56,0.9,1973,-12.6,0.0,0.0,0.0,0,1,2,4,0,0,0,1,159
2018-02-02,2,-5.7,59,0.3,1951,-12.4,0.0,0.0,0.0,0,1,2,4,0,0,0,1,102
2018-02-02,3,-6.3,63,0.9,1425,-12.2,0.0,0.0,0.0,0,1,2,4,0,0,0,1,65
2018-02-02,4,-6.7,65,1.1,1705,-12.1,0.0,0.0,0.0,0,1,2,4,0,0,0,1,47
2018-02-02,5,-6.8,61,0.2,1724,-13.0,0.0,0.0,0.0,0,1,2,4,0,0,0,1,48
2018-02-02,6,-7.0,62,1.3,1830,-13.0,0.0,0.0,0.0,0,1,2,4,0,0,0,1,115
2018-02-02,7,-7.4,62,1.5,1909,-13.4,0.0,0.0,0.0,0,1,2,4,0,0,0,1,267
2018-02-02,8,-7.4,58,2.2,1882,-14.2,0.01,0.0,0.0,0,1,2,4,0,0,0,1,558
2018-02-02,9,-6.5,54,1.2,1541,-14.2,0.22,0.0,0.0,0,1,2,4,0,0,0,1,280
2018-02-02,10,-4.1,43,1.2,1187,-14.8,0.59,0.0,0.0,0,1,2,4,0,0,0,1,187
2018-02-02,11,-1.4,37,1.0,1317,-14.2,0.91,0.0,0.0,0,1,2,4,0,0,0,1,234
2018-02-02,12,0.9,37,1.5,1283,-12.1,1.12,0.0,0.0,0,1,2,4,0,0,0,1,303
2018-02-02,13,1.6,29,2.2,1662,-14.5,1.2,0.0,0.0,0,1,2,4,0,0,0,1,294
2018-02-02,14,3.2,26,2.2,1499,-14.5,1.16,0.0,0.0,0,1,2,4,0,0,0,1,293
2018-02-02,15,3.6,26,2.4,1687,-14.1,0.99,0.0,0.0,0,1,2,4,0,0,0,1,310
2018-02-02,16,2.9,26,3.0,1968,-14.7,0.69,0.0,0.0,0,1,2,4,0,0,0,1,330
2018-02-02,17,2.0,25,2.3,1998,-16.0,0.34,0.0,0.0,0,1,2,4,0,0,0,1,382
2018-02-02,18,0.5,37,3.0,1733,-12.5,0.06,0.0,0.0,0,1,2,4,0,0,0,1,592
2018-02-02,19,-0.5,43,2.5,1666,-11.5,0.0,0.0,0.0,0,1,2,4,0,0,0,1,379
2018-02-02,20,-1.3,51,2.4,1481,-10.1,0.0,0.0,0.0,0,1,2,4,0,0,0,1,241
2018-02-02,21,-2.0,61,1.7,1655,-8.5,0.0,0.0,0.0,0,1,2,4,0,0,0,1,225
2018-02-02,22,-2.4,63,1.3,1523,-8.4,0.0,0.0,0.0,0,1,2,4,0,0,0,1,227
2018-02-02,23,-2.6,69,2.0,1434,-7.5,0.0,0.0,0.0,0,1,2,4,0,0,0,1,178
2018-02-03,0,-2.5,69,2.2,1366,-7.4,0.0,0.0,0.0,0,1,2,5,0,0,0,1,182
2018-02-03,1,-2.3,71,3.2,1078,-6.8,0.0,0.0,0.0,0,1,2,5,0,0,0,1,184
2018-02-03,2,-3.4,82,4.2,184,-6.0,0.0,0.0,0.0,0,1,2,5,0,0,0,1,123
2018-02-03,3,-4.4,80,4.3,346,-7.3,0.0,0.1,0.1,0,1,2,5,0,0,0,1,60
2018-02-03,4,-5.6,74,4.0,387,-9.5,0.0,0.0,0.2,0,1,2,5,0,0,0,1,35
2018-02-03,5,-6.3,65,3.9,1521,-11.8,0.0,0.0,0.3,0,1,2,5,0,0,0,1,31
2018-02-03,6,-7.8,57,4.8,1867,-14.8,0.0,0.4,0.3,0,1,2,5,0,0,0,1,33
2018-02-03,7,-8.8,58,4.0,1942,-15.5,0.0,0.0,0.3,0,1,2,5,0,0,0,1,67
2018-02-03,8,-9.5,56,3.5,1979,-16.6,0.01,0.0,0.3,0,1,2,5,0,0,0,1,116
2018-02-03,9,-9.4,47,3.3,1995,-18.6,0.42,0.0,0.3,0,1,2,5,0,0,0,1,168
2018-02-03,10,-8.5,43,4.0,1797,-18.8,1.09,0.0,0.2,0,1,2,5,0,0,0,1,144
2018-02-03,11,-7.7,41,4.6,1984,-18.7,1.65,0.0,0.2,0,1,2,5,0,0,0,1,195
2018-02-03,12,-6.0,38,3.4,1930,-18.0,2.04,0.0,0.0,0,1,2,5,0,0,0,1,192
2018-02-03,13,-5.8,38,3.7,1961,-17.8,2.25,0.0,0.0,0,1,2,5,0,0,0,1,229
2018-02-03,14,-5.0,31,4.0,2000,-19.5,2.18,0.0,0.0,0,1,2,5,0,0,0,1,196
2018-02-03,15,-4.5,31,4.3,1979,-19.1,1.91,0.0,0.0,0,1,2,5,0,0,0,1,210
2018-02-03,16,-4.2,31,3.5,1974,-18.8,1.42,0.0,0.0,0,1,2,5,0,0,0,1,205
2018-02-03,17,-5.6,32,4.6,2000,-19.7,0.53,0.0,0.0,0,1,2,5,0,0,0,1,211
2018-02-03,18,-6.6,36,4.4,2000,-19.2,0.15,0.0,0.0,0,1,2,5,0,0,0,1,175
2018-02-03,19,-7.6,32,4.8,2000,-21.4,0.0,0.0,0.0,0,1,2,5,0,0,0,1,135
2018-02-03,20,-8.5,31,4.1,2000,-22.6,0.0,0.0,0.0,0,1,2,5,0,0,0,1,109
2018-02-03,21,-9.1,38,2.7,2000,-20.8,0.0,0.0,0.0,0,1,2,5,0,0,0,1,107
2018-02-03,22,-9.7,45,3.0,2000,-19.4,0.0,0.0,0.0,0,1,2,5,0,0,0,1,92
2018-02-03,23,-10.0,48,2.6,2000,-18.9,0.0,0.0,0.0,0,1,2,5,0,0,0,1,91
2018-02-04,0,-10.4,49,2.4,2000,-19.0,0.0,0.0,0.0,0,1,2,6,0,0,0,1,98
2018-02-04,1,-10.5,48,3.1,2000,-19.4,0.0,0.0,0.0,0,1,2,6,0,0,0,1,90
2018-02-04,2,-10.5,49,2.0,2000,-19.1,0.0,0.0,0.0,0,1,2,6,0,0,0,1,60
2018-02-04,3,-10.6,47,3.7,2000,-19.7,0.0,0.0,0.0,0,1,2,6,0,0,0,1,54
2018-02-04,4,-11.2,47,2.3,2000,-20.3,0.0,0.0,0.0,0,1,2,6,0,0,0,1,35
2018-02-04,5,-11.5,51,3.3,1996,-19.6,0.0,0.0,0.0,0,1,2,6,0,0,0,1,21
2018-02-04,6,-11.8,54,2.4,1917,-19.2,0.0,0.0,0.0,0,1,2,6,0,0,0,1,23
2018-02-04,7,-12.4,54,2.5,1790,-19.8,0.0,0.0,0.0,0,1,2,6,0,0,0,1,34
2018-02-04,8,-12.8,56,2.4,1507,-19.7,0.02,0.0,0.0,0,1,2,6,0,0,0,1,70
2018-02-04,9,-12.4,51,3.8,1415,-20.4,0.38,0.0,0.0,0,1,2,6,0,0,0,1,97
2018-02-04,10,-11.2,43,3.5,1359,-21.3,1.04,0.0,0.0,0,1,2,6,0,0,0,1,103
2018-02-04,11,-9.7,37,2.8,1436,-21.6,1.57,0.0,0.0,0,1,2,6,0,0,0,1,115
2018-02-04,12,-8.3,32,1.8,1295,-22.1,1.99,0.0,0.0,0,1,2,6,0,0,0,1,165
2018-02-04,13,-8.3,34,4.0,1561,-21.4,2.22,0.0,0.0,0,1,2,6,0,0,0,1,152
2018-02-04,14,-7.4,33,4.0,1713,-20.9,2.17,0.0,0.0,0,1,2,6,0,0,0,1,177
2018-02-04,15,-6.4,30,4.9,1939,-21.1,1.89,0.0,0.0,0,1,2,6,0,0,0,1,190
2018-02-04,16,-5.4,29,3.6,1979,-20.6,1.4,0.0,0.0,0,1,2,6,0,0,0,1,181
2018-02-04,17,-5.9,27,3.6,1974,-21.9,0.81,0.0,0.0,0,1,2,6,0,0,0,1,184
2018-02-04,18,-7.0,26,4.1,2000,-23.3,0.16,0.0,0.0,0,1,2,6,0,0,0,1,154
2018-02-04,19,-7.7,31,3.3,2000,-21.9,0.0,0.0,0.0,0,1,2,6,0,0,0,1,124
2018-02-04,20,-8.2,28,3.5,2000,-23.5,0.0,0.0,0.0,0,1,2,6,0,0,0,1,98
2018-02-04,21,-8.9,35,3.2,2000,-21.6,0.0,0.0,0.0,0,1,2,6,0,0,0,1,107
2018-02-04,22,-9.7,45,1.3,2000,-19.4,0.0,0.0,0.0,0,1,2,6,0,0,0,1,78
2018-02-04,23,-10.3,48,2.0,2000,-19.2,0.0,0.0,0.0,0,1,2,6,0,0,0,1,77
2018-02-05,0,-10.5,52,2.4,2000,-18.4,0.0,0.0,0.0,0,1,2,0,0,0,0,1,82
2018-02-05,1,-11.2,54,1.0,2000,-18.6,0.0,0.0,0.0,0,1,2,0,0,0,0,1,52
2018-02-05,2,-11.2,55,1.5,2000,-18.4,0.0,0.0,0.0,0,1,2,0,0,0,0,1,39
2018-02-05,3,-11.3,54,0.6,2000,-18.7,0.0,0.0,0.0,0,1,2,0,0,0,0,1,33
2018-02-05,4,-11.7,51,1.2,2000,-19.8,0.0,0.0,0.0,0,1,2,0,0,0,0,1,20
2018-02-05,5,-11.6,45,2.4,2000,-21.1,0.0,0.0,0.0,0,1,2,0,0,0,0,1,37
2018-02-05,6,-11.5,40,2.3,2000,-22.4,0.0,0.0,0.0,0,1,2,0,0,0,0,1,110
2018-02-05,7,-11.6,44,1.6,2000,-21.4,0.0,0.0,0.0,0,1,2,0,0,0,0,1,227
2018-02-05,8,-11.5,40,2.8,2000,-22.4,0.02,0.0,0.0,0,1,2,0,0,0,0,1,433
2018-02-05,9,-11.1,38,2.4,1945,-22.6,0.43,0.0,0.0,0,1,2,0,0,0,0,1,216
2018-02-05,10,-9.6,32,3.7,2000,-23.2,1.14,0.0,0.0,0,1,2,0,0,0,0,1,123
2018-02-05,11,-8.5,27,4.7,1894,-24.2,1.73,0.0,0.0,0,1,2,0,0,0,0,1,156
2018-02-05,12,-7.8,28,4.1,2000,-23.1,2.12,0.0,0.0,0,1,2,0,0,0,0,1,157
2018-02-05,13,-7.0,25,4.2,1999,-23.7,2.29,0.0,0.0,0,1,2,0,0,0,0,1,169
2018-02-05,14,-6.4,24,4.6,1970,-23.7,2.23,0.0,0.0,0,1,2,0,0,0,0,1,170
2018-02-05,15,-5.7,25,4.4,1995,-22.6,1.94,0.0,0.0,0,1,2,0,0,0,0,1,169
2018-02-05,16,-5.4,25,3.4,1985,-22.3,1.44,0.0,0.0,0,1,2,0,0,0,0,1,199
2018-02-05,17,-6.4,28,4.5,2000,-21.9,0.81,0.0,0.0,0,1,2,0,0,0,0,1,225
2018-02-05,18,-7.6,29,3.5,2000,-22.6,0.16,0.0,0.0,0,1,2,0,0,0,0,1,388
2018-02-05,19,-8.3,29,4.1,2000,-23.2,0.0,0.0,0.0,0,1,2,0,0,0,0,1,246
2018-02-05,20,-9.1,35,3.8,2000,-21.7,0.0,0.0,0.0,0,1,2,0,0,0,0,1,206
2018-02-05,21,-9.8,41,3.9,1949,-20.6,0.0,0.0,0.0,0,1,2,0,0,0,0,1,177
2018-02-05,22,-10.3,43,3.7,1876,-20.5,0.0,0.0,0.0,0,1,2,0,0,0,0,1,183
2018-02-05,23,-10.5,47,2.8,1794,-19.6,0.0,0.0,0.0,0,1,2,0,0,0,0,1,115
2018-02-06,0,-10.6,47,3.5,1803,-19.7,0.0,0.0,0.0,0,1,2,1,0,0,0,1,126
2018-02-06,1,-10.9,36,3.3,2000,-23.0,0.0,0.0,0.0,0,1,2,1,0,0,0,1,87
2018-02-06,2,-11.2,36,2.9,1981,-23.3,0.0,0.0,0.0,0,1,2,1,0,0,0,1,59
2018-02-06,3,-11.6,35,3.2,1992,-24.0,0.0,0.0,0.0,0,1,2,1,0,0,0,1,36
2018-02-06,4,-12.0,36,2.7,1998,-24.0,0.0,0.0,0.0,0,1,2,1,0,0,0,1,32
2018-02-06,5,-12.3,37,2.9,2000,-24.0,0.0,0.0,0.0,0,1,2,1,0,0,0,1,40
2018-02-06,6,-12.5,40,3.4,1991,-23.3,0.0,0.0,0.0,0,1,2,1,0,0,0,1,94
2018-02-06,7,-12.7,41,3.7,1982,-23.2,0.0,0.0,0.0,0,1,2,1,0,0,0,1,213
2018-02-06,8,-12.7,41,3.1,2000,-23.2,0.02,0.0,0.0,0,1,2,1,0,0,0,1,438
2018-02-06,9,-12.3,39,3.7,1984,-23.4,0.45,0.0,0.0,0,1,2,1,0,0,0,1,217
2018-02-06,10,-11.3,35,4.2,1848,-23.7,1.15,0.0,0.0,0,1,2,1,0,0,0,1,128
2018-02-06,11,-9.9,32,3.3,1863,-23.5,1.72,0.0,0.0,0,1,2,1,0,0,0,1,175
2018-02-06,12,-8.2,31,2.7,1858,-22.3,2.09,0.0,0.0,0,1,2,1,0,0,0,1,172
2018-02-06,13,-7.5,28,4.3,1904,-22.9,2.3,0.0,0.0,0,1,2,1,0,0,0,1,165
2018-02-06,14,-7.0,26,4.4,1986,-23.3,2.24,0.0,0.0,0,1,2,1,0,0,0,1,147
2018-02-06,15,-5.9,25,3.1,1936,-22.8,1.93,0.0,0.0,0,1,2,1,0,0,0,1,171
2018-02-06,16,-5.9,24,3.5,2000,-23.2,1.44,0.0,0.0,0,1,2,1,0,0,0,1,175
2018-02-06,17,-6.6,29,2.5,2000,-21.7,0.68,0.0,0.0,0,1,2,1,0,0,0,1,227
2018-02-06,18,-7.6,36,3.3,2000,-20.1,0.11,0.0,0.0,0,1,2,1,0,0,0,1,392
2018-02-06,19,-8.4,37,4.0,2000,-20.5,0.0,0.0,0.0,0,1,2,1,0,0,0,1,251
2018-02-06,20,-9.6,34,2.6,2000,-22.5,0.0,0.0,0.0,0,1,2,1,0,0,0,1,193
2018-02-06,21,-10.6,39,3.1,2000,-21.9,0.0,0.0,0.0,0,1,2,1,0,0,0,1,175
2018-02-06,22,-11.1,43,1.8,1960,-21.2,0.0,0.0,0.0,0,1,2,1,0,0,0,1,169
2018-02-06,23,-11.8,46,1.1,1860,-21.1,0.0,0.0,0.0,0,1,2,1,0,0,0,1,106
2018-02-07,0,-12.3,47,0.4,1848,-21.3,0.0,0.0,0.0,0,1,2,2,0,0,0,1,116
2018-02-07,1,-12.3,47,1.9,1837,-21.3,0.0,0.0,0.0,0,1,2,2,0,0,0,1,96
2018-02-07,2,-12.5,50,1.0,1722,-20.8,0.0,0.0,0.0,0,1,2,2,0,0,0,1,83
2018-02-07,3,-12.5,49,1.5,1885,-21.0,0.0,0.0,0.0,0,1,2,2,0,0,0,1,51
2018-02-07,4,-13.1,54,0.7,1369,-20.4,0.0,0.0,0.0,0,1,2,2,0,0,0,1,34
2018-02-07,5,-13.0,53,0.7,1810,-20.5,0.0,0.0,0.0,0,1,2,2,0,0,0,1,45
2018-02-07,6,-13.2,50,0.5,1873,-21.4,0.0,0.0,0.0,0,1,2,2,0,0,0,1,92
2018-02-07,7,-13.2,56,0.9,1665,-20.1,0.0,0.0,0.0,0,1,2,2,0,0,0,1,214
2018-02-07,8,-13.3,60,0.6,1598,-19.4,0.02,0.0,0.0,0,1,2,2,0,0,0,1,469
2018-02-07,9,-12.0,50,1.3,1523,-20.3,0.43,0.0,0.0,0,1,2,2,0,0,0,1,237
2018-02-07,10,-9.6,39,0.7,1580,-21.0,1.06,0.0,0.0,0,1,2,2,0,0,0,1,155
2018-02-07,11,-7.0,28,3.3,1829,-22.4,1.56,0.0,0.0,0,1,2,2,0,0,0,1,176
2018-02-07,12,-6.0,24,2.6,1964,-23.3,1.97,0.0,0.0,0,1,2,2,0,0,0,1,188
2018-02-07,13,-4.5,23,2.6,1937,-22.5,2.12,0.0,0.0,0,1,2,2,0,0,0,1,228
2018-02-07,14,-3.5,20,1.5,1976,-23.2,2.02,0.0,0.0,0,1,2,2,0,0,0,1,199
2018-02-07,15,-2.1,20,2.3,1961,-22.1,1.87,0.0,0.0,0,1,2,2,0,0,0,1,221
2018-02-07,16,-1.7,18,2.0,1919,-22.9,1.41,0.0,0.0,0,1,2,2,0,0,0,1,240
2018-02-07,17,-2.3,20,2.2,1994,-22.2,0.77,0.0,0.0,0,1,2,2,0,0,0,1,320
2018-02-07,18,-4.0,27,2.5,2000,-20.2,0.16,0.0,0.0,0,1,2,2,0,0,0,1,448
2018-02-07,19,-5.2,33,2.6,2000,-19.0,0.0,0.0,0.0,0,1,2,2,0,0,0,1,280
2018-02-07,20,-5.8,44,2.1,1994,-16.1,0.0,0.0,0.0,0,1,2,2,0,0,0,1,218
2018-02-07,21,-6.3,48,2.2,1965,-15.5,0.0,0.0,0.0,0,1,2,2,0,0,0,1,223
2018-02-07,22,-6.8,50,1.7,1856,-15.5,0.0,0.0,0.0,0,1,2,2,0,0,0,1,200
2018-02-07,23,-7.6,50,1.0,1839,-16.2,0.0,0.0,0.0,0,1,2,2,0,0,0,1,164
2018-02-08,0,-8.2,50,1.1,1850,-16.8,0.0,0.0,0.0,0,1,2,3,0,0,0,1,136
2018-02-08,1,-8.5,60,1.2,1908,-14.8,0.0,0.0,0.0,0,1,2,3,0,0,0,1,126
2018-02-08,2,-8.3,65,0.4,1750,-13.7,0.0,0.0,0.0,0,1,2,3,0,0,0,1,103
2018-02-08,3,-8.6,64,0.9,1754,-14.1,0.0,0.0,0.0,0,1,2,3,0,0,0,1,57
2018-02-08,4,-9.0,54,0.6,1833,-16.6,0.0,0.0,0.0,0,1,2,3,0,0,0,1,46
2018-02-08,5,-9.0,56,0.4,1678,-16.1,0.0,0.0,0.0,0,1,2,3,0,0,0,1,39
2018-02-08,6,-9.3,61,0.7,1684,-15.4,0.0,0.0,0.0,0,1,2,3,0,0,0,1,99
2018-02-08,7,-9.6,67,1.0,1503,-14.5,0.0,0.0,0.0,0,1,2,3,0,0,0,1,255
2018-02-08,8,-9.7,65,0.8,1508,-15.0,0.02,0.0,0.0,0,1,2,3,0,0,0,1,507
2018-02-08,9,-8.5,55,1.0,1482,-15.9,0.4,0.0,0.0,0,1,2,3,0,0,0,1,270
2018-02-08,10,-6.3,46,1.3,1346,-16.0,1.01,0.0,0.0,0,1,2,3,0,0,0,1,160
2018-02-08,11,-3.1,39,1.2,1495,-15.1,1.54,0.0,0.0,0,1,2,3,0,0,0,1,217
2018-02-08,12,-1.5,35,1.2,1551,-15.0,1.9,0.0,0.0,0,1,2,3,0,0,0,1,253
2018-02-08,13,0.3,30,1.4,1697,-15.2,2.11,0.0,0.0,0,1,2,3,0,0,0,1,270
2018-02-08,14,0.9,25,2.4,1730,-16.9,2.09,0.0,0.0,0,1,2,3,0,0,0,1,253
2018-02-08,15,1.4,25,2.2,1686,-16.5,1.81,0.0,0.0,0,1,2,3,0,0,0,1,286
2018-02-08,16,2.0,25,2.3,1755,-16.0,1.3,0.0,0.0,0,1,2,3,0,0,0,1,284
2018-02-08,17,1.5,24,1.9,1788,-16.9,0.72,0.0,0.0,0,1,2,3,0,0,0,1,337
2018-02-08,18,-0.5,26,1.7,1999,-17.7,0.15,0.0,0.0,0,1,2,3,0,0,0,1,564
2018-02-08,19,-1.8,35,1.4,1558,-15.2,0.0,0.0,0.0,0,1,2,3,0,0,0,1,378
2018-02-08,20,-2.8,40,1.5,1593,-14.5,0.0,0.0,0.0,0,1,2,3,0,0,0,1,277
2018-02-08,21,-3.3,42,1.1,1596,-14.4,0.0,0.0,0.0,0,1,2,3,0,0,0,1,268
2018-02-08,22,-3.9,41,0.4,1462,-15.2,0.0,0.0,0.0,0,1,2,3,0,0,0,1,233
2018-02-08,23,-4.3,44,0.7,1247,-14.7,0.0,0.0,0.0,0,1,2,3,0,0,0,1,195
2018-02-09,0,-4.6,38,0.1,1551,-16.7,0.0,0.0,0.0,0,1,2,4,0,0,0,1,178
2018-02-09,1,-4.8,44,1.1,1432,-15.2,0.0,0.0,0.0,0,1,2,4,0,0,0,1,159
2018-02-09,2,-5.1,47,0.9,1460,-14.6,0.0,0.0,0.0,0,1,2,4,0,0,0,1,107
2018-02-09,3,-5.2,48,0.7,1309,-14.5,0.0,0.0,0.0,0,1,2,4,0,0,0,1,78
2018-02-09,4,-4.4,47,0.9,1343,-14.0,0.0,0.0,0.0,0,1,2,4,0,0,0,1,46
2018-02-09,5,-4.2,44,1.1,1196,-14.6,0.0,0.0,0.0,0,1,2,4,0,0,0,1,36
2018-02-09,6,-4.0,41,0.8,1242,-15.3,0.0,0.0,0.0,0,1,2,4,0,0,0,1,117
2018-02-09,7,-3.6,42,0.9,1258,-14.6,0.0,0.0,0.0,0,1,2,4,0,0,0,1,273
2018-02-09,8,-3.3,39,0.9,1279,-15.3,0.02,0.0,0.0,0,1,2,4,0,0,0,1,589
2018-02-09,9,-2.4,36,1.2,1276,-15.4,0.2,0.0,0.0,0,1,2,4,0,0,0,1,308
2018-02-09,10,-1.3,34,0.5,1192,-15.1,0.32,0.0,0.0,0,1,2,4,0,0,0,1,199
2018-02-09,11,-0.2,31,0.8,1269,-15.3,0.5,0.0,0.0,0,1,2,4,0,0,0,1,238
2018-02-09,12,1.6,28,0.5,1193,-14.9,0.88,0.0,0.0,0,1,2,4,0,0,0,1,260
2018-02-09,13,2.6,27,0.8,1120,-14.5,0.82,0.0,0.0,0,1,2,4,0,0,0,1,268
2018-02-09,14,4.0,25,0.9,1009,-14.3,1.06,0.0,0.0,0,1,2,4,0,0,0,1,283
2018-02-09,15,5.0,24,1.0,1037,-13.9,1.16,0.0,0.0,0,1,2,4,0,0,0,1,315
2018-02-09,16,6.0,28,1.7,1183,-11.1,1.03,0.0,0.0,0,1,2,4,0,0,0,1,319
2018-02-09,17,4.8,38,3.0,1582,-8.3,0.47,0.0,0.0,0,1,2,4,0,0,0,1,422
2018-02-09,18,4.1,40,2.1,1327,-8.3,0.1,0.0,0.0,0,1,2,4,0,0,0,1,659
2018-02-09,19,3.3,58,1.7,1024,-4.1,0.0,0.0,0.0,0,1,2,4,0,0,0,1,407
2018-02-09,20,3.0,61,1.9,842,-3.8,0.0,0.0,0.0,0,1,2,4,0,0,0,1,308
2018-02-09,21,2.9,63,1.0,786,-3.4,0.0,0.0,0.0,0,1,2,4,0,0,0,1,243
2018-02-09,22,2.5,66,1.1,759,-3.2,0.0,0.0,0.0,0,1,2,4,0,0,0,1,263
2018-02-09,23,2.0,70,0.7,689,-2.9,0.0,0.0,0.0,0,1,2,4,0,0,0,1,193
2018-02-10,0,1.5,71,1.1,590,-3.1,0.0,0.0,0.0,0,1,2,5,0,0,0,1,197
2018-02-10,1,1.7,71,1.2,584,-3.0,0.0,0.0,0.0,0,1,2,5,0,0,0,1,237
2018-02-10,2,1.9,71,1.5,584,-2.8,0.0,0.0,0.0,0,1,2,5,0,0,0,1,169
2018-02-10,3,2.0,71,1.2,534,-2.7,0.0,0.0,0.0,0,1,2,5,0,0,0,1,145
2018-02-10,4,1.9,74,1.2,514,-2.2,0.0,0.0,0.0,0,1,2,5,0,0,0,1,79
2018-02-10,5,1.8,75,2.0,484,-2.1,0.0,0.0,0.0,0,1,2,5,0,0,0,1,41
2018-02-10,6,1.6,78,1.6,448,-1.8,0.0,0.0,0.0,0,1,2,5,0,0,0,1,48
2018-02-10,7,1.6,81,1.4,393,-1.3,0.0,0.0,0.0,0,1,2,5,0,0,0,1,97
2018-02-10,8,1.6,82,1.3,349,-1.1,0.01,0.0,0.0,0,1,2,5,0,0,0,1,188
2018-02-10,9,1.6,78,2.0,260,-1.8,0.17,0.0,0.0,0,1,2,5,0,0,0,1,222
2018-02-10,10,1.8,73,2.8,270,-2.5,0.69,0.0,0.0,0,1,2,5,0,0,0,1,223
2018-02-10,11,2.6,62,2.9,294,-3.9,1.12,0.0,0.0,0,1,2,5,0,0,0,1,235
2018-02-10,12,2.9,53,4.7,354,-5.7,1.37,0.0,0.0,0,1,2,5,0,0,0,1,248
2018-02-10,13,2.8,31,4.0,967,-12.6,1.42,0.0,0.0,0,1,2,5,0,0,0,1,296
2018-02-10,14,2.2,24,4.5,1700,-16.3,1.66,0.0,0.0,0,1,2,5,0,0,0,1,286
2018-02-10,15,2.0,20,4.1,1942,-18.6,1.49,0.0,0.0,0,1,2,5,0,0,0,1,277
2018-02-10,16,0.3,17,4.9,2000,-21.9,0.87,0.0,0.0,0,1,2,5,0,0,0,1,291
2018-02-10,17,-0.9,19,5.0,2000,-21.6,0.48,0.0,0.0,0,1,2,5,0,0,0,1,277
2018-02-10,18,-2.0,15,5.6,2000,-25.2,0.13,0.0,0.0,0,1,2,5,0,0,0,1,216
2018-02-10,19,-3.1,14,5.1,2000,-26.9,0.0,0.0,0.0,0,1,2,5,0,0,0,1,151
2018-02-10,20,-4.4,19,5.8,2000,-24.6,0.0,0.0,0.0,0,1,2,5,0,0,0,1,132
2018-02-10,21,-5.6,28,4.1,2000,-21.2,0.0,0.0,0.0,0,1,2,5,0,0,0,1,124
2018-02-10,22,-6.2,32,3.5,2000,-20.2,0.0,0.0,0.0,0,1,2,5,0,0,0,1,128
2018-02-10,23,-6.7,35,2.1,2000,-19.6,0.0,0.0,0.0,0,1,2,5,0,0,0,1,118
2018-02-11,0,-6.9,36,2.1,2000,-19.5,0.0,0.0,0.0,0,1,2,6,0,0,0,1,112
2018-02-11,1,-7.0,38,2.6,2000,-18.9,0.0,0.0,0.0,0,1,2,6,0,0,0,1,95
2018-02-11,2,-7.0,42,1.6,2000,-17.7,0.0,0.0,0.0,0,1,2,6,0,0,0,1,93
2018-02-11,3,-7.2,43,2.0,2000,-17.6,0.0,0.0,0.0,0,1,2,6,0,0,0,1,58
2018-02-11,4,-7.5,42,2.4,1998,-18.2,0.0,0.0,0.0,0,1,2,6,0,0,0,1,34
2018-02-11,5,-7.8,39,2.8,2000,-19.3,0.0,0.0,0.0,0,1,2,6,0,0,0,1,19
2018-02-11,6,-8.4,33,1.4,1963,-21.8,0.0,0.0,0.0,0,1,2,6,0,0,0,1,39
2018-02-11,7,-9.2,34,2.0,1945,-22.2,0.0,0.0,0.0,0,1,2,6,0,0,0,1,40
2018-02-11,8,-9.4,29,1.9,1967,-24.1,0.03,0.0,0.0,0,1,2,6,0,0,0,1,81
2018-02-11,9,-8.6,28,1.5,1786,-23.8,0.49,0.0,0.0,0,1,2,6,0,0,0,1,126
2018-02-11,10,-6.9,21,3.4,1827,-25.6,1.16,0.0,0.0,0,1,2,6,0,0,0,1,130
2018-02-11,11,-5.0,25,3.2,1853,-22.0,1.75,0.0,0.0,0,1,2,6,0,0,0,1,155
2018-02-11,12,-3.9,28,2.9,1921,-19.7,2.12,0.0,0.0,0,1,2,6,0,0,0,1,174
2018-02-11,13,-2.4,28,3.0,1953,-18.4,2.35,0.0,0.0,0,1,2,6,0,0,0,1,212
2018-02-11,14,-2.2,29,4.1,1983,-17.8,1.93,0.0,0.0,0,1,2,6,0,0,0,1,191
2018-02-11,15,-2.6,31,2.7,1987,-17.4,1.36,0.0,0.0,0,1,2,6,0,0,0,1,181
2018-02-11,16,-3.6,36,4.4,2000,-16.5,0.67,0.0,0.0,0,1,2,6,0,0,0,1,175
2018-02-11,17,-4.2,47,2.7,2000,-13.8,0.31,0.0,0.0,0,1,2,6,0,0,0,1,198
2018-02-11,18,-4.6,56,3.6,2000,-12.0,0.09,0.0,0.0,0,1,2,6,0,0,0,1,150
2018-02-11,19,-5.2,66,3.1,2000,-10.5,0.0,0.0,0.0,0,1,2,6,0,0,0,1,147
2018-02-11,20,-5.7,67,2.6,2000,-10.8,0.0,0.0,0.0,0,1,2,6,0,0,0,1,127
2018-02-11,21,-5.6,69,2.2,1984,-10.3,0.0,0.0,0.0,0,1,2,6,0,0,0,1,119
2018-02-11,22,-5.8,57,3.2,1980,-12.9,0.0,0.0,0.0,0,1,2,6,0,0,0,1,103
2018-02-11,23,-7.0,49,3.4,1984,-15.9,0.0,0.0,0.0,0,1,2,6,0,0,0,1,91
2018-02-12,0,-7.7,52,3.2,1982,-15.8,0.0,0.0,0.0,0,1,2,0,0,0,0,1,103
2018-02-12,1,-7.9,52,3.7,1961,-16.0,0.0,0.0,0.0,0,1,2,0,0,0,0,1,69
2018-02-12,2,-8.3,49,2.7,2000,-17.1,0.0,0.0,0.0,0,1,2,0,0,0,0,1,45
2018-02-12,3,-8.5,35,2.7,2000,-21.2,0.0,0.0,0.0,0,1,2,0,0,0,0,1,21
2018-02-12,4,-8.6,31,3.5,2000,-22.7,0.0,0.0,0.0,0,1,2,0,0,0,0,1,33
2018-02-12,5,-9.2,37,1.1,2000,-21.2,0.0,0.0,0.0,0,1,2,0,0,0,0,1,30
2018-02-12,6,-9.5,36,1.5,2000,-21.8,0.0,0.0,0.0,0,1,2,0,0,0,0,1,109
2018-02-12,7,-9.5,35,1.1,2000,-22.1,0.0,0.0,0.0,0,1,2,0,0,0,0,1,236
2018-02-12,8,-9.1,33,2.1,1998,-22.4,0.03,0.0,0.0,0,1,2,0,0,0,0,1,517
2018-02-12,9,-8.4,28,2.2,1947,-23.7,0.49,0.0,0.0,0,1,2,0,0,0,0,1,262
2018-02-12,10,-6.7,23,2.4,1938,-24.4,1.25,0.0,0.0,0,1,2,0,0,0,0,1,161
2018-02-12,11,-6.1,25,2.8,1976,-22.9,1.28,0.0,0.0,0,1,2,0,0,0,0,1,190
2018-02-12,12,-4.6,32,4.2,1874,-18.8,1.43,0.0,0.0,0,1,2,0,0,0,0,1,202
2018-02-12,13,-2.7,29,2.9,1961,-18.3,2.29,0.0,0.0,0,1,2,0,0,0,0,1,246
2018-02-12,14,-2.4,30,3.4,1824,-17.6,2.08,0.0,0.0,0,1,2,0,0,0,0,1,182
2018-02-12,15,-2.1,30,3.9,1933,-17.3,2.22,0.0,0.0,0,1,2,0,0,0,0,1,228
2018-02-12,16,-2.4,33,4.5,1815,-16.5,1.55,0.0,0.0,0,1,2,0,0,0,0,1,239
2018-02-12,17,-3.1,36,4.4,1988,-16.0,0.89,0.0,0.0,0,1,2,0,0,0,0,1,288
2018-02-12,18,-4.4,46,3.5,2000,-14.3,0.23,0.0,0.0,0,1,2,0,0,0,0,1,475
2018-02-12,19,-4.9,52,2.0,2000,-13.2,0.0,0.0,0.0,0,1,2,0,0,0,0,1,340
2018-02-12,20,-4.7,55,1.7,2000,-12.3,0.0,0.0,0.0,0,1,2,0,0,0,0,1,244
2018-02-12,21,-4.3,59,3.0,1239,-11.1,0.0,0.0,0.0,0,1,2,0,0,0,0,1,253
2018-02-12,22,-4.2,57,1.7,2000,-11.4,0.0,0.0,0.0,0,1,2,0,0,0,0,1,200
2018-02-12,23,-4.4,58,2.4,2000,-11.4,0.0,0.0,0.0,0,1,2,0,0,0,0,1,140
2018-02-13,0,-5.0,60,1.8,1995,-11.5,0.0,0.0,0.0,0,1,2,1,0,0,0,1,158
2018-02-13,1,-5.5,60,1.3,1994,-12.0,0.0,0.0,0.0,0,1,2,1,0,0,0,1,146
2018-02-13,2,-6.0,58,2.0,2000,-12.9,0.0,0.0,0.0,0,1,2,1,0,0,0,1,106
2018-02-13,3,-6.2,61,1.3,1992,-12.5,0.0,0.0,0.0,0,1,2,1,0,0,0,1,70
2018-02-13,4,-6.4,62,1.8,1978,-12.4,0.0,0.0,0.0,0,1,2,1,0,0,0,1,46
2018-02-13,5,-6.7,64,1.6,1981,-12.3,0.0,0.0,0.0,0,1,2,1,0,0,0,1,51
2018-02-13,6,-7.1,70,1.0,1977,-11.6,0.0,0.0,0.0,0,1,2,1,0,0,0,1,96
2018-02-13,7,-7.2,70,1.9,1946,-11.7,0.0,0.0,0.0,0,1,2,1,0,0,0,1,294
2018-02-13,8,-7.1,68,0.6,1931,-12.0,0.03,0.0,0.0,0,1,2,1,0,0,0,1,568
2018-02-13,9,-5.9,52,1.4,1935,-14.1,0.53,0.0,0.0,0,1,2,1,0,0,0,1,285
2018-02-13,10,-2.4,41,1.5,1905,-13.8,1.19,0.0,0.0,0,1,2,1,0,0,0,1,200
2018-02-13,11,-0.3,40,3.4,1728,-12.2,1.73,0.0,0.0,0,1,2,1,0,0,0,1,252
2018-02-13,12,1.0,41,3.3,1794,-10.8,2.11,0.0,0.0,0,1,2,1,0,0,0,1,281
2018-02-13,13,2.6,40,3.5,1854,-9.6,2.28,0.0,0.0,0,1,2,1,0,0,0,1,256
2018-02-13,14,3.7,39,3.8,1908,-9.0,2.19,0.0,0.0,0,1,2,1,0,0,0,1,300
2018-02-13,15,3.7,40,5.3,1950,-8.6,1.96,0.0,0.0,0,1,2,1,0,0,0,1,295
2018-02-13,16,3.9,41,4.0,1973,-8.1,1.24,0.0,0.0,0,1,2,1,0,0,0,1,328
2018-02-13,17,3.5,46,3.1,1992,-7.0,0.39,0.0,0.0,0,1,2,1,0,0,0,1,410
2018-02-13,18,3.1,50,3.7,2000,-6.3,0.07,0.0,0.0,0,1,2,1,0,0,0,1,604
2018-02-13,19,2.4,57,3.2,1995,-5.2,0.0,0.0,0.0,0,1,2,1,0,0,0,1,406
2018-02-13,20,2.3,59,3.8,1981,-4.9,0.0,0.0,0.0,0,1,2,1,0,0,0,1,323
2018-02-13,21,2.6,57,3.8,2000,-5.0,0.0,0.0,0.0,0,1,2,1,0,0,0,1,290
2018-02-13,22,2.6,57,3.1,2000,-5.0,0.0,0.0,0.0,0,1,2,1,0,0,0,1,291
2018-02-13,23,2.4,59,3.2,2000,-4.8,0.0,0.0,0.0,0,1,2,1,0,0,0,1,211
2018-02-14,0,2.0,65,2.2,1885,-3.9,0.0,0.0,0.0,0,1,2,2,0,0,0,1,178
2018-02-14,1,1.3,67,1.2,1738,-4.1,0.0,0.0,0.0,0,1,2,2,0,0,0,1,213
2018-02-14,2,1.2,64,0.9,1680,-4.8,0.0,0.0,0.0,0,1,2,2,0,0,0,1,129
2018-02-14,3,1.1,65,1.0,1596,-4.7,0.0,0.0,0.0,0,1,2,2,0,0,0,1,101
2018-02-14,4,1.1,67,1.7,1506,-4.3,0.0,0.0,0.0,0,1,2,2,0,0,0,1,51
2018-02-14,5,1.0,68,0.6,1519,-4.2,0.0,0.0,0.0,0,1,2,2,0,0,0,1,56
2018-02-14,6,1.1,66,0.9,1550,-4.5,0.0,0.0,0.0,0,1,2,2,0,0,0,1,108
2018-02-14,7,1.3,66,1.1,1534,-4.3,0.0,0.0,0.0,0,1,2,2,0,0,0,1,292
2018-02-14,8,2.1,65,1.1,1559,-3.8,0.01,0.0,0.0,0,1,2,2,0,0,0,1,606
2018-02-14,9,3.9,64,2.9,1483,-2.3,0.18,0.0,0.0,0,1,2,2,0,0,0,1,326
2018-02-14,10,5.2,65,3.9,1313,-0.8,0.56,0.0,0.0,0,1,2,2,0,0,0,1,241
2018-02-14,11,6.3,67,3.5,1179,0.6,0.52,0.0,0.0,0,1,2,2,0,0,0,1,288
2018-02-14,12,6.9,67,3.9,986,1.1,0.42,0.0,0.0,0,1,2,2,0,0,0,1,312
2018-02-14,13,7.2,65,3.8,773,1.0,0.61,0.0,0.0,0,1,2,2,0,0,0,1,349
2018-02-14,14,7.8,57,3.5,675,-0.2,1.34,0.0,0.0,0,1,2,2,0,0,0,1,398
2018-02-14,15,8.7,48,4.1,767,-1.7,1.68,0.0,0.0,0,1,2,2,0,0,0,1,461
2018-02-14,16,8.0,36,3.5,1013,-6.1,1.09,0.0,0.0,0,1,2,2,0,0,0,1,447
2018-02-14,17,6.6,34,2.8,1300,-8.1,0.42,0.0,0.0,0,1,2,2,0,0,0,1,484
2018-02-14,18,5.1,34,2.3,1440,-9.5,0.09,0.0,0.0,0,1,2,2,0,0,0,1,559
2018-02-14,19,3.9,37,1.4,1417,-9.4,0.0,0.0,0.0,0,1,2,2,0,0,0,1,316
2018-02-14,20,2.8,29,2.8,1473,-13.5,0.0,0.0,0.0,0,1,2,2,0,0,0,1,262
2018-02-14,21,1.7,27,3.1,1734,-15.3,0.0,0.0,0.0,0,1,2,2,0,0,0,1,216
2018-02-14,22,0.3,33,4.0,1436,-14.1,0.0,0.0,0.0,0,1,2,2,0,0,0,1,218
2018-02-14,23,-0.3,35,2.1,1577,-13.9,0.0,0.0,0.0,0,1,2,2,0,0,0,1,160
2018-02-15,0,-0.7,37,3.5,1716,-13.6,0.0,0.0,0.0,1,1,2,3,0,0,0,1,126
2018-02-15,1,-1.1,38,2.8,1999,-13.6,0.0,0.0,0.0,1,1,2,3,0,0,0,1,123
2018-02-15,2,-1.2,35,2.2,2000,-14.7,0.0,0.0,0.0,1,1,2,3,0,0,0,1,112
2018-02-15,3,-1.4,34,2.1,2000,-15.2,0.0,0.0,0.0,1,1,2,3,0,0,0,1,74
2018-02-15,4,-1.9,34,3.0,2000,-15.7,0.0,0.0,0.0,1,1,2,3,0,0,0,1,58
2018-02-15,5,-2.4,33,3.1,2000,-16.5,0.0,0.0,0.0,1,1,2,3,0,0,0,1,32
2018-02-15,6,-2.6,38,1.0,2000,-15.0,0.0,0.0,0.0,1,1,2,3,0,0,0,1,39
2018-02-15,7,-3.0,40,0.9,2000,-14.7,0.0,0.0,0.0,1,1,2,3,0,0,0,1,55
2018-02-15,8,-3.0,38,1.0,2000,-15.4,0.0,0.0,0.0,1,1,2,3,0,0,0,1,112
2018-02-15,9,-3.5,30,1.5,1980,-18.6,0.0,0.0,0.0,1,1,2,3,0,0,0,1,112
2018-02-15,10,-1.6,26,1.9,1980,-18.6,1.29,0.0,0.0,1,1,2,3,0,0,0,1,127
2018-02-15,11,0.1,22,2.0,2000,-19.1,1.84,0.0,0.0,1,1,2,3,0,0,0,1,170
2018-02-15,12,1.7,20,3.0,1983,-18.9,2.28,0.0,0.0,1,1,2,3,0,0,0,1,174
2018-02-15,13,2.2,18,3.4,1942,-19.7,2.3,0.0,0.0,1,1,2,3,0,0,0,1,240
2018-02-15,14,2.9,14,4.3,2000,-22.0,2.29,0.0,0.0,1,1,2,3,0,0,0,1,270
2018-02-15,15,3.8,17,3.2,2000,-19.0,1.97,0.0,0.0,1,1,2,3,0,0,0,1,276
2018-02-15,16,3.2,16,3.0,2000,-20.2,1.45,0.0,0.0,1,1,2,3,0,0,0,1,273
2018-02-15,17,2.4,17,3.1,1990,-20.2,0.78,0.0,0.0,1,1,2,3,0,0,0,1,236
2018-02-15,18,1.1,18,2.5,2000,-20.6,0.2,0.0,0.0,1,1,2,3,0,0,0,1,190
2018-02-15,19,0.1,21,2.9,2000,-19.7,0.0,0.0,0.0,1,1,2,3,0,0,0,1,166
2018-02-15,20,-0.4,27,2.2,2000,-17.1,0.0,0.0,0.0,1,1,2,3,0,0,0,1,148
2018-02-15,21,-1.1,32,2.4,2000,-15.7,0.0,0.0,0.0,1,1,2,3,0,0,0,1,134
2018-02-15,22,-1.9,30,0.8,2000,-17.2,0.0,0.0,0.0,1,1,2,3,0,0,0,1,145
2018-02-15,23,-2.5,31,1.4,1996,-17.3,0.0,0.0,0.0,1,1,2,3,0,0,0,1,92
2018-02-16,0,-3.3,35,1.8,1977,-16.6,0.0,0.0,0.0,1,1,2,4,0,0,0,1,105
2018-02-16,1,-3.6,35,2.0,1943,-16.8,0.0,0.0,0.0,1,1,2,4,0,0,0,1,77
2018-02-16,2,-4.1,38,1.2,1996,-16.3,0.0,0.0,0.0,1,1,2,4,0,0,0,1,47
2018-02-16,3,-4.4,37,1.7,1989,-16.9,0.0,0.0,0.0,1,1,2,4,0,0,0,1,36
2018-02-16,4,-4.5,42,1.4,1944,-15.5,0.0,0.0,0.0,1,1,2,4,0,0,0,1,35
2018-02-16,5,-5.0,44,0.9,1976,-15.3,0.0,0.0,0.0,1,1,2,4,0,0,0,1,28
2018-02-16,6,-5.2,42,0.7,1980,-16.1,0.0,0.0,0.0,1,1,2,4,0,0,0,1,30
2018-02-16,7,-5.4,41,0.3,2000,-16.6,0.0,0.0,0.0,1,1,2,4,0,0,0,1,49
2018-02-16,8,-5.4,38,0.7,2000,-17.5,0.04,0.0,0.0,1,1,2,4,0,0,0,1,68
2018-02-16,9,-4.3,33,0.7,1923,-18.2,0.6,0.0,0.0,1,1,2,4,0,0,0,1,48
2018-02-16,10,-1.3,32,1.5,1933,-15.9,1.24,0.0,0.0,1,1,2,4,0,0,0,1,78
2018-02-16,11,1.0,25,1.4,1782,-16.8,1.7,0.0,0.0,1,1,2,4,0,0,0,1,93
2018-02-16,12,2.2,19,1.4,1946,-19.1,2.01,0.0,0.0,1,1,2,4,0,0,0,1,137
2018-02-16,13,3.5,17,3.2,1971,-19.3,2.2,0.0,0.0,1,1,2,4,0,0,0,1,169
2018-02-16,14,4.2,18,3.3,1976,-18.0,2.25,0.0,0.0,1,1,2,4,0,0,0,1,196
2018-02-16,15,4.0,26,3.5,2000,-13.8,1.75,0.0,0.0,1,1,2,4,0,0,0,1,243
2018-02-16,16,3.3,38,3.8,1921,-9.6,1.33,0.0,0.0,1,1,2,4,0,0,0,1,189
2018-02-16,17,2.5,48,4.2,1979,-7.4,0.76,0.0,0.0,1,1,2,4,0,0,0,1,210
2018-02-16,18,1.4,56,3.2,1932,-6.4,0.22,0.0,0.0,1,1,2,4,0,0,0,1,165
2018-02-16,19,0.6,59,2.3,1939,-6.5,0.0,0.0,0.0,1,1,2,4,0,0,0,1,126
2018-02-16,20,0.2,61,1.9,1956,-6.4,0.0,0.0,0.0,1,1,2,4,0,0,0,1,150
2018-02-16,21,0.1,67,2.5,1451,-5.3,0.0,0.0,0.0,1,1,2,4,0,0,0,1,114
2018-02-16,22,-0.6,70,3.4,1204,-5.4,0.0,0.0,0.0,1,1,2,4,0,0,0,1,116
2018-02-16,23,-2.0,51,3.2,1336,-10.8,0.0,0.0,0.0,1,1,2,4,0,0,0,1,84
2018-02-17,0,-2.7,41,3.2,1695,-14.1,0.0,0.0,0.0,1,1,2,5,0,0,0,1,79
2018-02-17,1,-3.1,36,3.5,2000,-16.0,0.0,0.0,0.0,1,1,2,5,0,0,0,1,71
2018-02-17,2,-3.8,30,3.9,2000,-18.8,0.0,0.0,0.0,1,1,2,5,0,0,0,1,56
2018-02-17,3,-4.5,28,3.0,2000,-20.3,0.0,0.0,0.0,1,1,2,5,0,0,0,1,34
2018-02-17,4,-5.2,28,2.5,2000,-20.9,0.0,0.0,0.0,1,1,2,5,0,0,0,1,20
2018-02-17,5,-5.7,31,2.3,1999,-20.1,0.0,0.0,0.0,1,1,2,5,0,0,0,1,14
2018-02-17,6,-6.2,32,2.5,2000,-20.2,0.0,0.0,0.0,1,1,2,5,0,0,0,1,39
2018-02-17,7,-6.8,32,1.6,2000,-20.7,0.0,0.0,0.0,1,1,2,5,0,0,0,1,35
2018-02-17,8,-7.1,30,1.7,1991,-21.7,0.04,0.0,0.0,1,1,2,5,0,0,0,1,80
2018-02-17,9,-6.5,26,2.4,1874,-22.8,0.64,0.0,0.0,1,1,2,5,0,0,0,1,98
2018-02-17,10,-4.3,21,1.4,1908,-23.4,1.34,0.0,0.0,1,1,2,5,0,0,0,1,103
2018-02-17,11,-2.8,19,2.6,1957,-23.2,1.91,0.0,0.0,1,1,2,5,0,0,0,1,155
2018-02-17,12,-1.3,17,1.5,1998,-23.2,2.28,0.0,0.0,1,1,2,5,0,0,0,1,183
2018-02-17,13,-0.4,15,2.4,1938,-23.9,2.46,0.0,0.0,1,1,2,5,0,0,0,1,193
2018-02-17,14,-0.1,15,4.0,2000,-23.7,2.39,0.0,0.0,1,1,2,5,0,0,0,1,258
2018-02-17,15,1.0,14,4.6,2000,-23.5,2.12,0.0,0.0,1,1,2,5,0,0,0,1,273
2018-02-17,16,1.3,15,4.2,2000,-22.5,1.63,0.0,0.0,1,1,2,5,0,0,0,1,267
2018-02-17,17,0.6,17,3.3,2000,-21.7,0.79,0.0,0.0,1,1,2,5,0,0,0,1,250
2018-02-17,18,-0.3,17,1.9,2000,-22.4,0.2,0.0,0.0,1,1,2,5,0,0,0,1,223
2018-02-17,19,-1.5,32,2.5,2000,-16.0,0.0,0.0,0.0,1,1,2,5,0,0,0,1,169
2018-02-17,20,-2.1,38,2.0,2000,-14.5,0.0,0.0,0.0,1,1,2,5,0,0,0,1,145
2018-02-17,21,-2.3,38,2.3,2000,-14.7,0.0,0.0,0.0,1,1,2,5,0,0,0,1,133
2018-02-17,22,-2.7,42,2.2,2000,-13.8,0.0,0.0,0.0,1,1,2,5,0,0,0,1,123
2018-02-17,23,-2.9,31,3.8,2000,-17.7,0.0,0.0,0.0,1,1,2,5,0,0,0,1,117
2018-02-18,0,-3.6,33,1.7,2000,-17.5,0.0,0.0,0.0,0,1,2,6,0,0,0,1,99
2018-02-18,1,-4.4,33,1.4,2000,-18.2,0.0,0.0,0.0,0,1,2,6,0,0,0,1,103
2018-02-18,2,-4.7,33,0.1,2000,-18.5,0.0,0.0,0.0,0,1,2,6,0,0,0,1,86
2018-02-18,3,-4.5,26,0.0,2000,-21.1,0.0,0.0,0.0,0,1,2,6,0,0,0,1,56
2018-02-18,4,-4.1,27,0.6,2000,-20.3,0.0,0.0,0.0,0,1,2,6,0,0,0,1,37
2018-02-18,5,-4.0,28,0.5,2000,-19.8,0.0,0.0,0.0,0,1,2,6,0,0,0,1,22
2018-02-18,6,-4.1,30,1.1,2000,-19.1,0.0,0.0,0.0,0,1,2,6,0,0,0,1,38
2018-02-18,7,-4.6,31,1.2,2000,-19.2,0.0,0.0,0.0,0,1,2,6,0,0,0,1,52
2018-02-18,8,-4.8,31,0.8,2000,-19.3,0.02,0.0,0.0,0,1,2,6,0,0,0,1,92
2018-02-18,9,-4.1,30,0.5,2000,-19.1,0.28,0.0,0.0,0,1,2,6,0,0,0,1,137
2018-02-18,10,-1.8,23,0.6,2000,-20.2,0.8,0.0,0.0,0,1,2,6,0,0,0,1,156
2018-02-18,11,0.0,20,0.8,1975,-20.3,1.05,0.0,0.0,0,1,2,6,0,0,0,1,183
2018-02-18,12,2.2,17,1.0,1979,-20.4,1.75,0.0,0.0,0,1,2,6,0,0,0,1,263
2018-02-18,13,3.7,17,1.4,2000,-19.1,1.98,0.0,0.0,0,1,2,6,0,0,0,1,337
2018-02-18,14,4.1,17,1.8,1996,-18.8,1.87,0.0,0.0,0,1,2,6,0,0,0,1,372
2018-02-18,15,5.0,16,2.0,1970,-18.8,1.42,0.0,0.0,0,1,2,6,0,0,0,1,440
2018-02-18,16,5.1,16,1.8,1998,-18.7,1.17,0.0,0.0,0,1,2,6,0,0,0,1,404
2018-02-18,17,4.2,17,2.5,1990,-18.7,0.66,0.0,0.0,0,1,2,6,0,0,0,1,354
2018-02-18,18,2.8,25,3.0,2000,-15.3,0.22,0.0,0.0,0,1,2,6,0,0,0,1,310
2018-02-18,19,1.5,30,2.6,2000,-14.2,0.0,0.0,0.0,0,1,2,6,0,0,0,1,238
2018-02-18,20,0.6,33,1.9,2000,-13.8,0.0,0.0,0.0,0,1,2,6,0,0,0,1,213
2018-02-18,21,0.2,32,1.1,1951,-14.5,0.0,0.0,0.0,0,1,2,6,0,0,0,1,226
2018-02-18,22,-0.3,34,1.6,1981,-14.2,0.0,0.0,0.0,0,1,2,6,0,0,0,1,191
2018-02-18,23,-0.7,37,0.9,1814,-13.6,0.0,0.0,0.0,0,1,2,6,0,0,0,1,153
2018-02-19,0,-1.1,39,1.7,1832,-13.3,0.0,0.0,0.0,0,1,2,0,0,0,0,1,148
2018-02-19,1,-1.4,42,1.1,1805,-12.6,0.0,0.0,0.0,0,1,2,0,0,0,0,1,101
2018-02-19,2,-1.4,41,1.1,1582,-12.9,0.0,0.0,0.0,0,1,2,0,0,0,0,1,59
2018-02-19,3,-1.4,41,1.6,1870,-12.9,0.0,0.0,0.0,0,1,2,0,0,0,0,1,42
2018-02-19,4,-1.9,44,0.7,1907,-12.5,0.0,0.0,0.0,0,1,2,0,0,0,0,1,50
2018-02-19,5,-1.8,44,0.5,1862,-12.4,0.0,0.0,0.0,0,1,2,0,0,0,0,1,59
2018-02-19,6,-1.4,46,0.3,1651,-11.5,0.0,0.0,0.0,0,1,2,0,0,0,0,1,139
2018-02-19,7,-0.9,45,0.9,1820,-11.3,0.0,0.0,0.0,0,1,2,0,0,0,0,1,349
2018-02-19,8,-1.2,51,0.8,1800,-10.0,0.05,0.0,0.0,0,1,2,0,0,0,0,1,646
2018-02-19,9,-0.6,43,0.5,1596,-11.6,0.52,0.0,0.0,0,1,2,0,0,0,0,1,347
2018-02-19,10,2.6,45,1.2,1230,-8.1,1.17,0.0,0.0,0,1,2,0,0,0,0,1,235
2018-02-19,11,4.3,44,2.3,1091,-6.9,1.77,0.0,0.0,0,1,2,0,0,0,0,1,314
2018-02-19,12,4.7,43,2.1,1131,-6.8,1.38,0.0,0.0,0,1,2,0,0,0,0,1,361
2018-02-19,13,5.1,41,1.8,1097,-7.0,1.03,0.0,0.0,0,1,2,0,0,0,0,1,332
2018-02-19,14,5.6,38,1.6,1087,-7.6,1.1,0.0,0.0,0,1,2,0,0,0,0,1,373
2018-02-19,15,6.3,35,2.6,991,-8.0,1.2,0.0,0.0,0,1,2,0,0,0,0,1,392
2018-02-19,16,6.3,35,2.9,1117,-8.0,1.1,0.0,0.0,0,1,2,0,0,0,0,1,403
2018-02-19,17,5.7,36,3.0,1073,-8.2,0.57,0.0,0.0,0,1,2,0,0,0,0,1,522
2018-02-19,18,4.7,43,2.4,938,-6.8,0.19,0.0,0.0,0,1,2,0,0,0,0,1,819
2018-02-19,19,3.6,55,1.6,728,-4.6,0.0,0.0,0.0,0,1,2,0,0,0,0,1,533
2018-02-19,20,2.4,60,1.9,661,-4.5,0.0,0.0,0.0,0,1,2,0,0,0,0,1,417
2018-02-19,21,1.8,63,1.2,604,-4.5,0.0,0.0,0.0,0,1,2,0,0,0,0,1,388
2018-02-19,22,1.0,69,0.7,525,-4.0,0.0,0.0,0.0,0,1,2,0,0,0,0,1,357
2018-02-19,23,0.5,73,1.5,465,-3.7,0.0,0.0,0.0,0,1,2,0,0,0,0,1,218
2018-02-20,0,0.0,75,2.3,394,-3.9,0.0,0.0,0.0,0,1,2,1,0,0,0,1,177
2018-02-20,1,-0.5,76,1.6,402,-4.2,0.0,0.0,0.0,0,1,2,1,0,0,0,1,172
2018-02-20,2,-0.8,76,0.8,421,-4.5,0.0,0.0,0.0,0,1,2,1,0,0,0,1,115
2018-02-20,3,-1.3,80,0.7,392,-4.3,0.0,0.0,0.0,0,1,2,1,0,0,0,1,63
2018-02-20,4,-1.6,83,0.6,368,-4.1,0.0,0.0,0.0,0,1,2,1,0,0,0,1,64
2018-02-20,5,-1.8,82,1.3,375,-4.4,0.0,0.0,0.0,0,1,2,1,0,0,0,1,79
2018-02-20,6,-2.1,82,1.8,381,-4.7,0.0,0.0,0.0,0,1,2,1,0,0,0,1,164
2018-02-20,7,-2.2,76,1.9,527,-5.8,0.0,0.0,0.0,0,1,2,1,0,0,0,1,404
2018-02-20,8,-2.1,71,1.7,610,-6.6,0.06,0.0,0.0,0,1,2,1,0,0,0,1,727
2018-02-20,9,-1.4,56,1.4,709,-9.0,0.54,0.0,0.0,0,1,2,1,0,0,0,1,384
2018-02-20,10,1.1,38,3.1,1184,-11.6,1.13,0.0,0.0,0,1,2,1,0,0,0,1,265
2018-02-20,11,2.8,35,3.9,1265,-11.1,1.71,0.0,0.0,0,1,2,1,0,0,0,1,322
2018-02-20,12,4.0,23,3.5,1785,-15.3,2.03,0.0,0.0,0,1,2,1,0,0,0,1,356
2018-02-20,13,4.2,22,3.9,1812,-15.6,2.21,0.0,0.0,0,1,2,1,0,0,0,1,370
2018-02-20,14,5.0,20,3.7,1866,-16.1,2.12,0.0,0.0,0,1,2,1,0,0,0,1,335
2018-02-20,15,5.4,18,3.7,1940,-17.0,1.82,0.0,0.0,0,1,2,1,0,0,0,1,431
2018-02-20,16,5.1,17,3.4,2000,-18.0,1.2,0.0,0.0,0,1,2,1,0,0,0,1,393
2018-02-20,17,3.9,19,3.6,2000,-17.6,0.58,0.0,0.0,0,1,2,1,0,0,0,1,514
2018-02-20,18,3.2,20,2.9,2000,-17.6,0.16,0.0,0.0,0,1,2,1,0,0,0,1,764
2018-02-20,19,2.5,21,2.2,2000,-17.6,0.0,0.0,0.0,0,1,2,1,0,0,0,1,522
2018-02-20,20,1.8,19,3.1,2000,-19.4,0.0,0.0,0.0,0,1,2,1,0,0,0,1,358
2018-02-20,21,1.1,21,1.6,2000,-18.8,0.0,0.0,0.0,0,1,2,1,0,0,0,1,415
2018-02-20,22,0.5,22,2.9,2000,-18.8,0.0,0.0,0.0,0,1,2,1,0,0,0,1,319
2018-02-20,23,-0.5,26,3.3,2000,-17.7,0.0,0.0,0.0,0,1,2,1,0,0,0,1,242
2018-02-21,0,-1.4,28,3.4,1990,-17.6,0.0,0.0,0.0,0,1,2,2,0,0,0,1,171
2018-02-21,1,-2.2,31,1.1,1970,-17.0,0.0,0.0,0.0,0,1,2,2,0,0,0,1,162
2018-02-21,2,-2.9,31,1.6,1931,-17.7,0.0,0.0,0.0,0,1,2,2,0,0,0,1,105
2018-02-21,3,-3.4,32,0.9,1977,-17.7,0.0,0.0,0.0,0,1,2,2,0,0,0,1,59
2018-02-21,4,-3.8,32,1.1,2000,-18.1,0.0,0.0,0.0,0,1,2,2,0,0,0,1,50
2018-02-21,5,-4.0,35,1.8,2000,-17.2,0.0,0.0,0.0,0,1,2,2,0,0,0,1,63
2018-02-21,6,-4.0,34,3.4,2000,-17.5,0.0,0.0,0.0,0,1,2,2,0,0,0,1,159
2018-02-21,7,-4.1,35,3.5,1980,-17.3,0.0,0.0,0.0,0,1,2,2,0,0,0,1,385
2018-02-21,8,-4.3,36,1.9,1955,-17.1,0.06,0.0,0.0,0,1,2,2,0,0,0,1,718
2018-02-21,9,-3.8,28,1.7,1904,-19.6,0.63,0.0,0.0,0,1,2,2,0,0,0,1,373
2018-02-21,10,-1.8,25,2.6,1913,-19.2,1.17,0.0,0.0,0,1,2,2,0,0,0,1,244
2018-02-21,11,0.2,22,2.2,1907,-19.0,1.57,0.0,0.0,0,1,2,2,0,0,0,1,276
2018-02-21,12,2.2,17,2.0,1824,-20.4,1.99,0.0,0.0,0,1,2,2,0,0,0,1,351
2018-02-21,13,2.9,14,3.3,2000,-22.0,2.14,0.0,0.0,0,1,2,2,0,0,0,1,299
2018-02-21,14,3.3,14,2.9,1985,-21.7,2.49,0.0,0.0,0,1,2,2,0,0,0,1,365
2018-02-21,15,4.2,15,2.7,1995,-20.2,2.21,0.0,0.0,0,1,2,2,0,0,0,1,366
2018-02-21,16,3.7,14,3.9,2000,-21.4,1.71,0.0,0.0,0,1,2,2,0,0,0,1,409
2018-02-21,17,3.1,14,3.7,2000,-21.9,1.0,0.0,0.0,0,1,2,2,0,0,0,1,469
2018-02-21,18,1.8,16,3.4,2000,-21.4,0.31,0.0,0.0,0,1,2,2,0,0,0,1,784
2018-02-21,19,-0.1,39,2.8,2000,-12.4,0.0,0.0,0.0,0,1,2,2,0,0,0,1,460
2018-02-21,20,-1.1,43,1.5,2000,-12.1,0.0,0.0,0.0,0,1,2,2,0,0,0,1,356
2018-02-21,21,-1.6,52,2.2,2000,-10.1,0.0,0.0,0.0,0,1,2,2,0,0,0,1,345
2018-02-21,22,-2.2,55,1.4,2000,-10.0,0.0,0.0,0.0,0,1,2,2,0,0,0,1,299
2018-02-21,23,-2.7,58,1.1,2000,-9.8,0.0,0.0,0.0,0,1,2,2,0,0,0,1,223
2018-02-22,0,-2.7,58,1.7,2000,-9.8,0.0,0.0,0.0,0,1,2,3,0,0,0,1,195
2018-02-22,1,-2.2,58,1.0,2000,-9.3,0.0,0.0,0.0,0,1,2,3,0,0,0,1,190
2018-02-22,2,-2.9,57,0.0,1985,-10.2,0.0,0.0,0.0,0,1,2,3,0,0,0,1,116
2018-02-22,3,-2.8,57,0.5,1995,-10.1,0.0,0.0,0.0,0,1,2,3,0,0,0,1,71
2018-02-22,4,-2.4,58,0.3,2000,-9.5,0.0,0.0,0.0,0,1,2,3,0,0,0,1,66
2018-02-22,5,-2.4,59,1.1,1984,-9.3,0.0,0.0,0.0,0,1,2,3,0,0,0,1,75
2018-02-22,6,-3.0,62,0.8,1996,-9.2,0.0,0.0,0.0,0,1,2,3,0,0,0,1,151
2018-02-22,7,-3.7,64,0.7,1891,-9.5,0.0,0.0,0.0,0,1,2,3,0,0,0,1,373
2018-02-22,8,-3.6,63,0.9,1473,-9.6,0.07,0.0,0.0,0,1,2,3,0,0,0,1,783
2018-02-22,9,-1.9,51,0.9,1654,-10.7,0.58,0.0,0.0,0,1,2,3,0,0,0,1,383
2018-02-22,10,0.9,44,1.1,1826,-10.0,1.16,0.0,0.0,0,1,2,3,0,0,0,1,259
2018-02-22,11,2.7,44,0.9,1761,-8.3,1.45,0.0,0.0,0,1,2,3,0,0,0,1,308
2018-02-22,12,4.8,47,2.6,1373,-5.5,1.72,0.0,0.0,0,1,2,3,0,0,0,1,352
2018-02-22,13,4.5,51,3.8,1108,-4.7,1.08,0.0,0.0,0,1,2,3,0,0,0,1,316
2018-02-22,14,4.8,50,4.3,1168,-4.7,1.01,0.0,0.0,0,1,2,3,0,0,0,1,331
2018-02-22,15,5.0,49,4.4,1138,-4.8,0.96,0.0,0.0,0,1,2,3,0,0,0,1,356
2018-02-22,16,5.0,50,4.3,1121,-4.5,0.74,0.0,0.0,0,1,2,3,0,0,0,1,404
2018-02-22,17,4.6,52,3.9,1059,-4.4,0.5,0.0,0.0,0,1,2,3,0,0,0,1,465
2018-02-22,18,3.9,56,4.0,1004,-4.0,0.18,0.0,0.0,0,1,2,3,0,0,0,1,730
2018-02-22,19,3.5,60,2.7,936,-3.5,0.0,0.0,0.0,0,1,2,3,0,0,0,1,499
2018-02-22,20,3.0,62,2.4,975,-3.5,0.0,0.0,0.0,0,1,2,3,0,0,0,1,348
2018-02-22,21,2.9,64,2.5,1154,-3.2,0.0,0.0,0.0,0,1,2,3,0,0,0,1,393
2018-02-22,22,2.9,65,2.3,1150,-3.0,0.0,0.0,0.0,0,1,2,3,0,0,0,1,346
2018-02-22,23,2.9,63,2.6,1253,-3.4,0.0,0.0,0.0,0,1,2,3,0,0,0,1,202
2018-02-23,0,1.7,86,2.7,54,-0.3,0.0,0.4,0.4,0,1,2,4,0,0,0,1,42
2018-02-23,1,0.6,96,2.1,118,0.0,0.0,0.0,4.0,0,1,2,4,0,0,0,1,55
2018-02-23,2,0.7,97,1.4,197,0.2,0.0,0.0,4.1,0,1,2,4,0,0,0,1,62
2018-02-23,3,0.9,97,1.2,243,0.4,0.0,3.7,4.1,0,1,2,4,0,0,0,1,32
2018-02-23,4,1.1,96,2.5,241,0.5,0.0,0.0,3.9,0,1,2,4,0,0,0,1,36
2018-02-23,5,1.0,91,0.7,257,-0.3,0.0,0.0,3.8,0,1,2,4,0,0,0,1,39
2018-02-23,6,0.4,95,0.3,197,-0.3,0.0,0.0,3.8,0,1,2,4,0,0,0,1,63
2018-02-23,7,-0.1,97,0.5,179,-0.5,0.0,0.0,3.8,0,1,2,4,0,0,0,1,174
2018-02-23,8,-0.2,97,0.4,197,-0.6,0.05,0.0,3.7,0,1,2,4,0,0,0,1,391
2018-02-23,9,0.5,94,0.6,199,-0.3,0.37,0.0,3.7,0,1,2,4,0,0,0,1,214
2018-02-23,10,2.2,83,0.8,221,-0.3,0.92,0.0,3.7,0,1,2,4,0,0,0,1,184
2018-02-23,11,3.8,72,0.9,236,-0.7,1.1,0.0,3.4,0,1,2,4,0,0,0,1,230
2018-02-23,12,5.3,70,0.9,226,0.2,1.73,0.0,1.7,0,1,2,4,0,0,0,1,283
2018-02-23,13,6.7,64,2.0,241,0.3,1.94,0.0,0.6,0,1,2,4,0,0,0,1,304
2018-02-23,14,7.8,57,2.1,277,-0.2,1.39,0.0,0.0,0,1,2,4,0,0,0,1,312
2018-02-23,15,8.2,62,0.6,291,1.3,1.22,0.0,0.0,0,1,2,4,0,0,0,1,312
2018-02-23,16,8.3,60,2.7,354,0.9,0.36,0.0,0.0,0,1,2,4,0,0,0,1,354
2018-02-23,17,7.9,68,4.2,352,2.3,0.27,0.0,0.0,0,1,2,4,0,0,0,1,470
2018-02-23,18,7.5,70,5.0,374,2.3,0.08,0.0,0.0,0,1,2,4,0,0,0,1,669
2018-02-23,19,6.9,73,3.7,369,2.3,0.0,0.0,0.0,0,1,2,4,0,0,0,1,421
2018-02-23,20,6.4,77,2.8,316,2.6,0.0,0.0,0.0,0,1,2,4,0,0,0,1,295
2018-02-23,21,6.0,79,2.7,306,2.6,0.0,0.0,0.0,0,1,2,4,0,0,0,1,321
2018-02-23,22,5.7,81,2.5,292,2.6,0.0,0.0,0.0,0,1,2,4,0,0,0,1,291
2018-02-23,23,5.5,80,2.7,258,2.3,0.0,0.0,0.0,0,1,2,4,0,0,0,1,243
2018-02-24,0,4.6,82,3.0,240,1.7,0.0,0.0,0.0,0,1,2,5,0,0,0,1,226
2018-02-24,1,4.0,83,1.7,235,1.3,0.0,0.0,0.0,0,1,2,5,0,0,0,1,263
2018-02-24,2,3.7,82,1.6,229,0.9,0.0,0.0,0.0,0,1,2,5,0,0,0,1,197
2018-02-24,3,3.5,82,2.9,217,0.7,0.0,0.0,0.0,0,1,2,5,0,0,0,1,133
2018-02-24,4,2.7,82,2.8,222,0.0,0.0,0.0,0.0,0,1,2,5,0,0,0,1,63
2018-02-24,5,1.8,84,2.7,214,-0.6,0.0,0.0,0.0,0,1,2,5,0,0,0,1,58
2018-02-24,6,1.2,83,2.5,245,-1.3,0.0,0.0,0.0,0,1,2,5,0,0,0,1,72
2018-02-24,7,0.6,86,1.6,211,-1.4,0.0,0.0,0.0,0,1,2,5,0,0,0,1,108
2018-02-24,8,0.0,77,2.8,289,-3.5,0.06,0.0,0.0,0,1,2,5,0,0,0,1,203
2018-02-24,9,0.6,64,3.8,430,-5.4,0.65,0.0,0.0,0,1,2,5,0,0,0,1,253
2018-02-24,10,0.8,60,2.9,497,-6.0,0.71,0.0,0.0,0,1,2,5,0,0,0,1,259
2018-02-24,11,2.2,50,2.4,608,-7.1,1.1,0.0,0.0,0,1,2,5,0,0,0,1,298
2018-02-24,12,4.0,37,1.4,763,-9.4,1.75,0.0,0.0,0,1,2,5,0,0,0,1,363
2018-02-24,13,5.3,29,2.1,1007,-11.3,2.08,0.0,0.0,0,1,2,5,0,0,0,1,412
2018-02-24,14,6.9,19,1.9,1843,-15.1,2.36,0.0,0.0,0,1,2,5,0,0,0,1,454
2018-02-24,15,6.7,24,2.7,1536,-12.4,1.95,0.0,0.0,0,1,2,5,0,0,0,1,467
2018-02-24,16,5.9,21,3.0,1864,-14.8,1.34,0.0,0.0,0,1,2,5,0,0,0,1,509
2018-02-24,17,4.9,28,3.1,1477,-12.1,0.77,0.0,0.0,0,1,2,5,0,0,0,1,462
2018-02-24,18,3.5,30,2.9,1726,-12.4,0.31,0.0,0.0,0,1,2,5,0,0,0,1,379
2018-02-24,19,2.1,27,2.8,1883,-15.0,0.01,0.0,0.0,0,1,2,5,0,0,0,1,306
2018-02-24,20,1.1,32,1.4,1785,-13.8,0.0,0.0,0.0,0,1,2,5,0,0,0,1,233
2018-02-24,21,0.7,31,1.3,1923,-14.5,0.0,0.0,0.0,0,1,2,5,0,0,0,1,232
2018-02-24,22,0.1,32,0.9,1937,-14.6,0.0,0.0,0.0,0,1,2,5,0,0,0,1,219
2018-02-24,23,-0.6,39,1.3,1731,-12.8,0.0,0.0,0.0,0,1,2,5,0,0,0,1,187
2018-02-25,0,-1.1,44,1.2,1741,-11.8,0.0,0.0,0.0,0,1,2,6,0,0,0,1,182
2018-02-25,1,-1.4,43,0.6,1791,-12.3,0.0,0.0,0.0,0,1,2,6,0,0,0,1,189
2018-02-25,2,-1.5,46,1.1,1744,-11.6,0.0,0.0,0.0,0,1,2,6,0,0,0,1,124
2018-02-25,3,-1.3,42,0.8,1648,-12.5,0.0,0.0,0.0,0,1,2,6,0,0,0,1,103
2018-02-25,4,-1.1,43,0.7,1558,-12.1,0.0,0.0,0.0,0,1,2,6,0,0,0,1,52
2018-02-25,5,-0.7,41,0.9,1442,-12.3,0.0,0.0,0.0,0,1,2,6,0,0,0,1,37
2018-02-25,6,-0.8,44,0.6,1541,-11.5,0.0,0.0,0.0,0,1,2,6,0,0,0,1,54
2018-02-25,7,-1.0,47,0.9,1552,-10.9,0.0,0.0,0.0,0,1,2,6,0,0,0,1,77
2018-02-25,8,-1.3,54,0.6,1597,-9.4,0.06,0.0,0.0,0,1,2,6,0,0,0,1,158
2018-02-25,9,-0.3,48,1.1,1394,-10.0,0.43,0.0,0.0,0,1,2,6,0,0,0,1,173
2018-02-25,10,2.1,42,1.1,1564,-9.5,1.12,0.0,0.0,0,1,2,6,0,0,0,1,195
2018-02-25,11,4.3,29,2.6,1293,-12.2,1.87,0.0,0.0,0,1,2,6,0,0,0,1,244
2018-02-25,12,5.5,25,3.1,1652,-13.0,2.28,0.0,0.0,0,1,2,6,0,0,0,1,396
2018-02-25,13,6.1,22,2.4,1710,-14.0,2.5,0.0,0.0,0,1,2,6,0,0,0,1,482
2018-02-25,14,7.0,23,2.4,1645,-12.7,2.52,0.0,0.0,0,1,2,6,0,0,0,1,572
2018-02-25,15,7.5,21,2.7,1900,-13.4,2.22,0.0,0.0,0,1,2,6,0,0,0,1,612
2018-02-25,16,7.6,18,3.2,1930,-15.2,1.73,0.0,0.0,0,1,2,6,0,0,0,1,688
2018-02-25,17,6.9,25,2.9,1795,-11.8,1.07,0.0,0.0,0,1,2,6,0,0,0,1,589
2018-02-25,18,5.2,30,2.8,1877,-11.0,0.36,0.0,0.0,0,1,2,6,0,0,0,1,402
2018-02-25,19,3.1,40,2.6,1804,-9.2,0.01,0.0,0.0,0,1,2,6,0,0,0,1,297
2018-02-25,20,1.3,49,2.8,1683,-8.2,0.0,0.0,0.0,0,1,2,6,0,0,0,1,232
2018-02-25,21,0.2,55,2.5,1942,-7.7,0.0,0.0,0.0,0,1,2,6,0,0,0,1,239
2018-02-25,22,0.0,54,2.5,1929,-8.2,0.0,0.0,0.0,0,1,2,6,0,0,0,1,230
2018-02-25,23,-0.3,58,1.0,1945,-7.5,0.0,0.0,0.0,0,1,2,6,0,0,0,1,173
2018-02-26,0,-0.9,60,0.7,1844,-7.7,0.0,0.0,0.0,0,1,2,0,0,0,0,1,135
2018-02-26,1,-1.2,63,0.9,1846,-7.3,0.0,0.0,0.0,0,1,2,0,0,0,0,1,122
2018-02-26,2,-1.7,66,0.8,1631,-7.2,0.0,0.0,0.0,0,1,2,0,0,0,0,1,80
2018-02-26,3,-1.9,67,1.0,1575,-7.2,0.0,0.0,0.0,0,1,2,0,0,0,0,1,46
2018-02-26,4,-2.3,69,1.1,1411,-7.2,0.0,0.0,0.0,0,1,2,0,0,0,0,1,46
2018-02-26,5,-2.5,73,0.8,1134,-6.6,0.0,0.0,0.0,0,1,2,0,0,0,0,1,65
2018-02-26,6,-2.7,72,0.5,1253,-7.0,0.0,0.0,0.0,0,1,2,0,0,0,0,1,161
2018-02-26,7,-3.1,68,0.8,1417,-8.1,0.0,0.0,0.0,0,1,2,0,0,0,0,1,402
2018-02-26,8,-2.9,63,0.7,1386,-8.9,0.11,0.0,0.0,0,1,2,0,0,0,0,1,786
2018-02-26,9,-1.1,53,0.9,1308,-9.4,0.72,0.0,0.0,0,1,2,0,0,0,0,1,416
2018-02-26,10,1.9,46,1.1,1233,-8.5,1.39,0.0,0.0,0,1,2,0,0,0,0,1,289
2018-02-26,11,4.6,37,1.6,1309,-8.8,1.95,0.0,0.0,0,1,2,0,0,0,0,1,356
2018-02-26,12,6.9,28,1.1,1301,-10.3,2.35,0.0,0.0,0,1,2,0,0,0,0,1,428
2018-02-26,13,8.1,26,1.2,1422,-10.2,2.48,0.0,0.0,0,1,2,0,0,0,0,1,444
2018-02-26,14,9.9,25,1.5,1401,-9.2,2.43,0.0,0.0,0,1,2,0,0,0,0,1,455
2018-02-26,15,10.3,23,2.1,1317,-9.9,2.09,0.0,0.0,0,1,2,0,0,0,0,1,521
2018-02-26,16,9.5,31,3.1,973,-6.8,1.54,0.0,0.0,0,1,2,0,0,0,0,1,555
2018-02-26,17,8.7,30,3.1,1117,-7.9,0.96,0.0,0.0,0,1,2,0,0,0,0,1,646
2018-02-26,18,7.2,26,2.3,1398,-11.0,0.33,0.0,0.0,0,1,2,0,0,0,0,1,929
2018-02-26,19,5.5,30,2.7,1150,-10.7,0.01,0.0,0.0,0,1,2,0,0,0,0,1,619
2018-02-26,20,4.3,32,1.7,1101,-10.9,0.0,0.0,0.0,0,1,2,0,0,0,0,1,483
2018-02-26,21,3.3,36,1.4,1110,-10.3,0.0,0.0,0.0,0,1,2,0,0,0,0,1,512
2018-02-26,22,2.7,40,1.0,1089,-9.5,0.0,0.0,0.0,0,1,2,0,0,0,0,1,443
2018-02-26,23,2.8,39,0.7,1065,-9.8,0.0,0.0,0.0,0,1,2,0,0,0,0,1,308
2018-02-27,0,2.6,40,1.8,1095,-9.6,0.0,0.0,0.0,0,1,2,1,0,0,0,1,236
2018-02-27,1,2.1,44,0.9,1107,-8.9,0.0,0.0,0.0,0,1,2,1,0,0,0,1,213
2018-02-27,2,1.5,44,1.2,1079,-9.4,0.0,0.0,0.0,0,1,2,1,0,0,0,1,145
2018-02-27,3,1.1,44,1.0,1128,-9.8,0.0,0.0,0.0,0,1,2,1,0,0,0,1,102
2018-02-27,4,0.9,46,0.8,1140,-9.4,0.0,0.0,0.0,0,1,2,1,0,0,0,1,62
2018-02-27,5,0.6,50,0.1,1026,-8.6,0.0,0.0,0.0,0,1,2,1,0,0,0,1,72
2018-02-27,6,0.6,50,0.4,985,-8.6,0.0,0.0,0.0,0,1,2,1,0,0,0,1,183
2018-02-27,7,1.3,47,0.7,1084,-8.7,0.0,0.0,0.0,0,1,2,1,0,0,0,1,443
2018-02-27,8,2.0,51,0.7,990,-7.0,0.0,0.0,0.0,0,1,2,1,0,0,0,1,767
2018-02-27,9,2.5,51,1.0,866,-6.6,0.07,0.0,0.0,0,1,2,1,0,0,0,1,455
2018-02-27,10,3.3,47,0.7,818,-6.9,0.22,0.0,0.0,0,1,2,1,0,0,0,1,261
2018-02-27,11,4.8,41,0.8,792,-7.3,0.53,0.0,0.0,0,1,2,1,0,0,0,1,342
2018-02-27,12,5.4,37,0.7,815,-8.1,0.43,0.0,0.0,0,1,2,1,0,0,0,1,353
2018-02-27,13,5.8,39,0.6,931,-7.1,0.35,0.0,0.0,0,1,2,1,0,0,0,1,335
2018-02-27,14,6.3,40,0.8,943,-6.3,0.34,0.0,0.0,0,1,2,1,0,0,0,1,357
2018-02-27,15,6.7,48,0.8,817,-3.5,0.39,0.0,0.0,0,1,2,1,0,0,0,1,402
2018-02-27,16,6.9,54,1.1,692,-1.7,0.32,0.0,0.0,0,1,2,1,0,0,0,1,411
2018-02-27,17,6.8,57,1.0,623,-1.1,0.16,0.0,0.0,0,1,2,1,0,0,0,1,529
2018-02-27,18,6.6,62,0.8,522,-0.1,0.05,0.0,0.0,0,1,2,1,0,0,0,1,897
2018-02-27,19,6.1,44,1.0,750,-5.2,0.0,0.0,0.0,0,1,2,1,0,0,0,1,616
2018-02-27,20,5.9,44,1.3,733,-5.4,0.0,0.0,0.0,0,1,2,1,0,0,0,1,461
2018-02-27,21,5.7,46,0.8,727,-5.0,0.0,0.0,0.0,0,1,2,1,0,0,0,1,449
2018-02-27,22,5.4,49,1.1,687,-4.4,0.0,0.0,0.0,0,1,2,1,0,0,0,1,461
2018-02-27,23,5.3,53,1.5,582,-3.5,0.0,0.0,0.0,0,1,2,1,0,0,0,1,310
2018-02-28,0,5.1,52,1.1,614,-3.9,0.0,0.0,0.0,0,1,2,2,0,0,0,1,266
2018-02-28,1,5.0,53,1.4,557,-3.8,0.0,0.0,0.0,0,1,2,2,0,0,0,1,229
2018-02-28,2,5.2,54,1.3,516,-3.3,0.0,0.0,0.0,0,1,2,2,0,0,0,1,174
2018-02-28,3,5.3,55,1.7,488,-3.0,0.0,0.0,0.0,0,1,2,2,0,0,0,1,116
2018-02-28,4,5.4,56,1.7,472,-2.6,0.0,0.0,0.0,0,1,2,2,0,0,0,1,72
2018-02-28,5,5.2,59,1.7,437,-2.1,0.0,0.0,0.0,0,1,2,2,0,0,0,1,62
2018-02-28,6,5.2,60,1.9,430,-1.9,0.0,0.0,0.0,0,1,2,2,0,0,0,1,165
2018-02-28,7,5.5,59,2.8,448,-1.8,0.0,0.0,0.0,0,1,2,2,0,0,0,1,426
2018-02-28,8,5.7,57,2.5,458,-2.1,0.04,0.0,0.0,0,1,2,2,0,0,0,1,816
2018-02-28,9,6.2,55,2.4,478,-2.1,0.13,0.0,0.0,0,1,2,2,0,0,0,1,419
2018-02-28,10,6.5,53,2.0,518,-2.4,0.21,0.0,0.0,0,1,2,2,0,0,0,1,285
2018-02-28,11,7.1,50,2.2,534,-2.6,0.33,0.0,0.0,0,1,2,2,0,0,0,1,332
2018-02-28,12,7.6,48,2.6,600,-2.7,0.39,0.0,0.0,0,1,2,2,0,0,0,1,305
2018-02-28,13,7.6,57,2.3,554,-0.3,0.33,0.0,0.0,0,1,2,2,0,0,0,1,28
2018-02-28,14,5.7,80,3.7,348,2.5,0.13,0.0,0.0,0,1,2,2,0,0,0,1,17
2018-02-28,15,4.8,87,2.9,312,2.8,0.08,4.5,0.0,0,1,2,2,0,0,0,1,7
2018-02-28,16,4.2,89,2.5,479,2.5,0.07,0.0,0.0,0,1,2,2,0,0,0,1,9
2018-02-28,17,3.8,90,2.7,654,2.3,0.0,0.0,0.0,0,1,2,2,0,0,0,1,8
2018-02-28,18,3.6,90,2.1,845,2.1,0.0,9.5,0.0,0,1,2,2,0,0,0,1,11
2018-02-28,19,2.5,95,1.9,838,1.7,0.0,0.0,0.0,0,1,2,2,0,0,0,1,19
2018-02-28,20,2.7,96,1.5,1479,2.1,0.0,0.0,0.0,0,1,2,2,0,0,0,1,8
2018-02-28,21,2.4,95,2.5,1349,1.6,0.0,9.0,0.0,0,1,2,2,0,0,0,1,10
2018-02-28,22,2.3,96,1.9,1207,1.7,0.0,0.0,0.0,0,1,2,2,0,0,0,1,13
2018-02-28,23,1.8,96,1.2,745,1.2,0.0,0.0,0.0,0,1,2,2,0,0,0,1,23
2018-03-01,0,2.0,96,1.3,1894,1.4,0.0,2.0,0.0,1,1,3,3,0,1,0,0,71
2018-03-01,1,2.1,97,0.2,859,1.6,0.0,0.0,0.0,1,1,3,3,0,1,0,0,147
2018-03-01,2,2.0,97,1.0,580,1.5,0.0,0.0,0.0,1,1,3,3,0,1,0,0,180
2018-03-01,3,1.6,97,2.3,469,1.1,0.0,0.1,0.0,1,1,3,3,0,1,0,0,92
2018-03-01,4,1.6,97,1.1,636,1.1,0.0,0.0,0.0,1,1,3,3,0,1,0,0,28
2018-03-01,5,2.2,97,2.9,362,1.7,0.0,0.0,0.0,1,1,3,3,0,1,0,0,11
2018-03-01,6,3.0,96,2.7,303,2.4,0.0,0.4,0.0,1,1,3,3,0,1,0,0,33
2018-03-01,7,2.6,89,4.3,320,0.9,0.0,0.0,0.0,1,1,3,3,0,1,0,0,61
2018-03-01,8,1.5,80,3.2,1246,-1.5,0.04,0.0,0.0,1,1,3,3,0,1,0,0,148
2018-03-01,9,0.1,78,4.9,615,-3.2,0.09,0.0,0.0,1,1,3,3,0,1,0,0,160
2018-03-01,10,0.1,53,5.3,1022,-8.3,1.12,0.0,0.0,1,1,3,3,0,1,0,0,191
2018-03-01,11,0.8,52,4.6,1035,-7.9,2.2,0.0,0.0,1,1,3,3,0,1,0,0,239
2018-03-01,12,0.5,46,4.7,1172,-9.8,2.49,0.0,0.0,1,1,3,3,0,1,0,0,311
2018-03-01,13,1.4,37,4.0,1681,-11.7,2.95,0.0,0.0,1,1,3,3,0,1,0,0,358
2018-03-01,14,1.2,36,6.0,1430,-12.2,2.86,0.0,0.0,1,1,3,3,0,1,0,0,375
2018-03-01,15,1.6,35,4.5,1567,-12.2,2.54,0.0,0.0,1,1,3,3,0,1,0,0,458
2018-03-01,16,1.4,33,4.8,1480,-13.1,1.98,0.0,0.0,1,1,3,3,0,1,0,0,460
2018-03-01,17,0.4,37,5.2,1366,-12.6,1.23,0.0,0.0,1,1,3,3,0,1,0,0,423
2018-03-01,18,-0.8,40,4.7,1429,-12.7,0.43,0.0,0.0,1,1,3,3,0,1,0,0,317
2018-03-01,19,-1.7,45,3.3,1375,-12.1,0.01,0.0,0.0,1,1,3,3,0,1,0,0,231
2018-03-01,20,-2.2,49,3.5,1325,-11.4,0.0,0.0,0.0,1,1,3,3,0,1,0,0,246
2018-03-01,21,-3.0,50,3.7,1301,-11.9,0.0,0.0,0.0,1,1,3,3,0,1,0,0,212
2018-03-01,22,-3.6,52,3.7,1277,-12.0,0.0,0.0,0.0,1,1,3,3,0,1,0,0,190
2018-03-01,23,-4.0,52,3.4,1272,-12.4,0.0,0.0,0.0,1,1,3,3,0,1,0,0,190
2018-03-02,0,-4.3,53,2.6,1334,-12.4,0.0,0.0,0.0,0,1,3,4,0,1,0,0,156
2018-03-02,1,-4.6,52,2.1,1372,-12.9,0.0,0.0,0.0,0,1,3,4,0,1,0,0,108
2018-03-02,2,-5.3,52,1.2,1434,-13.6,0.0,0.0,0.0,0,1,3,4,0,1,0,0,71
2018-03-02,3,-5.7,50,1.7,1559,-14.4,0.0,0.0,0.0,0,1,3,4,0,1,0,0,49
2018-03-02,4,-5.8,48,1.5,1552,-15.0,0.0,0.0,0.0,0,1,3,4,0,1,0,0,47
2018-03-02,5,-6.1,49,1.0,1621,-15.1,0.0,0.0,0.0,0,1,3,4,0,1,0,0,65
2018-03-02,6,-6.4,50,1.5,1593,-15.1,0.0,0.0,0.0,0,1,3,4,0,1,0,0,135
2018-03-02,7,-6.6,52,0.5,1555,-14.8,0.0,0.0,0.0,0,1,3,4,0,1,0,0,401
2018-03-02,8,-6.2,45,0.4,1600,-16.2,0.17,0.0,0.0,0,1,3,4,0,1,0,0,617
2018-03-02,9,-4.6,34,1.2,1583,-18.1,0.87,0.0,0.0,0,1,3,4,0,1,0,0,343
2018-03-02,10,-1.8,30,2.1,1608,-17.1,1.59,0.0,0.0,0,1,3,4,0,1,0,0,274
2018-03-02,11,0.1,30,1.8,1640,-15.4,2.19,0.0,0.0,0,1,3,4,0,1,0,0,343
2018-03-02,12,1.8,26,2.2,1556,-15.7,2.61,0.0,0.0,0,1,3,4,0,1,0,0,388
2018-03-02,13,2.3,22,3.1,1627,-17.2,2.83,0.0,0.0,0,1,3,4,0,1,0,0,375
2018-03-02,14,3.4,23,2.4,1545,-15.8,2.74,0.0,0.0,0,1,3,4,0,1,0,0,450
2018-03-02,15,4.3,22,1.3,1837,-15.6,2.48,0.0,0.0,0,1,3,4,0,1,0,0,463
2018-03-02,16,5.2,21,2.1,1721,-15.4,1.97,0.0,0.0,0,1,3,4,0,1,0,0,574
2018-03-02,17,4.3,21,2.5,1961,-16.1,1.13,0.0,0.0,0,1,3,4,0,1,0,0,631
2018-03-02,18,3.5,22,0.9,1961,-16.2,0.43,0.0,0.0,0,1,3,4,0,1,0,0,854
2018-03-02,19,2.0,26,2.3,1985,-15.5,0.02,0.0,0.0,0,1,3,4,0,1,0,0,568
2018-03-02,20,1.2,35,2.5,1977,-12.6,0.0,0.0,0.0,0,1,3,4,0,1,0,0,427
2018-03-02,21,1.0,34,1.4,1880,-13.1,0.0,0.0,0.0,0,1,3,4,0,1,0,0,396
2018-03-02,22,0.5,38,0.9,1907,-12.2,0.0,0.0,0.0,0,1,3,4,0,1,0,0,414
2018-03-02,23,0.3,38,0.2,1895,-12.3,0.0,0.0,0.0,0,1,3,4,0,1,0,0,284
2018-03-03,0,0.5,34,0.4,1889,-13.5,0.0,0.0,0.0,0,1,3,5,0,1,0,0,218
2018-03-03,1,0.6,36,0.4,1933,-12.7,0.0,0.0,0.0,0,1,3,5,0,1,0,0,229
2018-03-03,2,0.9,35,0.5,1856,-12.8,0.0,0.0,0.0,0,1,3,5,0,1,0,0,176
2018-03-03,3,0.8,38,0.8,1594,-11.9,0.0,0.0,0.0,0,1,3,5,0,1,0,0,149
2018-03-03,4,0.6,43,0.9,1599,-10.5,0.0,0.0,0.0,0,1,3,5,0,1,0,0,93
2018-03-03,5,0.8,39,1.0,1463,-11.6,0.0,0.0,0.0,0,1,3,5,0,1,0,0,55
2018-03-03,6,0.5,42,0.9,1543,-10.9,0.0,0.0,0.0,0,1,3,5,0,1,0,0,71
2018-03-03,7,0.1,43,1.4,1502,-11.0,0.0,0.0,0.0,0,1,3,5,0,1,0,0,159
2018-03-03,8,0.4,38,1.8,1564,-12.3,0.16,0.0,0.0,0,1,3,5,0,1,0,0,306
2018-03-03,9,2.2,30,1.5,1513,-13.6,0.81,0.0,0.0,0,1,3,5,0,1,0,0,329
2018-03-03,10,5.1,27,1.2,1563,-12.4,1.54,0.0,0.0,0,1,3,5,0,1,0,0,354
2018-03-03,11,8.1,21,2.1,1738,-12.9,2.15,0.0,0.0,0,1,3,5,0,1,0,0,431
2018-03-03,12,10.7,16,1.7,1657,-14.1,2.56,0.0,0.0,0,1,3,5,0,1,0,0,605
2018-03-03,13,12.2,14,1.6,1896,-14.5,2.75,0.0,0.0,0,1,3,5,0,1,0,0,771
2018-03-03,14,14.4,14,1.4,1833,-12.8,2.66,0.0,0.0,0,1,3,5,0,1,0,0,1025
2018-03-03,15,16.0,14,2.2,1828,-11.5,2.33,0.0,0.0,0,1,3,5,0,1,0,0,1238
2018-03-03,16,15.8,15,2.6,1867,-10.8,1.7,0.0,0.0,0,1,3,5,0,1,0,0,1285
2018-03-03,17,15.0,22,2.5,1946,-6.5,0.96,0.0,0.0,0,1,3,5,0,1,0,0,1197
2018-03-03,18,13.9,26,1.9,1995,-5.3,0.41,0.0,0.0,0,1,3,5,0,1,0,0,920
2018-03-03,19,12.7,32,2.3,2000,-3.6,0.01,0.0,0.0,0,1,3,5,0,1,0,0,630
2018-03-03,20,11.1,51,3.7,1957,1.3,0.0,0.0,0.0,0,1,3,5,0,1,0,0,631
2018-03-03,21,10.3,52,2.2,1843,0.8,0.0,0.0,0.0,0,1,3,5,0,1,0,0,588
2018-03-03,22,10.2,49,1.7,1972,0.0,0.0,0.0,0.0,0,1,3,5,0,1,0,0,516
2018-03-03,23,9.4,74,1.6,559,4.9,0.0,0.0,0.0,0,1,3,5,0,1,0,0,215
2018-03-04,0,8.5,87,0.9,303,6.4,0.0,0.0,0.0,0,1,3,6,0,1,0,0,161
2018-03-04,1,8.3,91,0.1,282,6.9,0.0,0.0,0.0,0,1,3,6,0,1,0,0,118
2018-03-04,2,8.3,95,0.3,243,7.5,0.0,0.0,0.0,0,1,3,6,0,1,0,0,95
2018-03-04,3,8.5,96,0.4,238,7.8,0.0,0.1,0.0,0,1,3,6,0,1,0,0,90
2018-03-04,4,8.8,95,0.2,218,8.0,0.0,0.0,0.0,0,1,3,6,0,1,0,0,34
2018-03-04,5,8.8,96,1.2,196,8.1,0.0,0.0,0.0,0,1,3,6,0,1,0,0,15
2018-03-04,6,8.6,96,0.7,224,7.9,0.0,0.2,0.0,0,1,3,6,0,1,0,0,20
2018-03-04,7,8.4,97,2.6,122,7.9,0.0,0.0,0.0,0,1,3,6,0,1,0,0,23
2018-03-04,8,8.3,97,0.6,152,7.8,0.01,0.0,0.0,0,1,3,6,0,1,0,0,70
2018-03-04,9,8.8,97,1.3,196,8.3,0.2,0.2,0.0,0,1,3,6,0,1,0,0,157
2018-03-04,10,9.8,90,0.8,335,8.2,0.64,0.0,0.0,0,1,3,6,0,1,0,0,239
2018-03-04,11,10.1,88,0.7,453,8.1,0.34,0.0,0.0,0,1,3,6,0,1,0,0,273
2018-03-04,12,10.7,85,0.9,393,8.2,0.52,0.0,0.0,0,1,3,6,0,1,0,0,358
2018-03-04,13,10.8,84,1.2,400,8.1,0.44,0.0,0.0,0,1,3,6,0,1,0,0,429
2018-03-04,14,11.2,83,1.1,518,8.4,0.45,0.0,0.0,0,1,3,6,0,1,0,0,475
2018-03-04,15,11.7,81,1.2,616,8.5,0.53,0.0,0.0,0,1,3,6,0,1,0,0,468
2018-03-04,16,11.7,82,1.1,753,8.7,0.32,0.0,0.0,0,1,3,6,0,1,0,0,396
2018-03-04,17,11.8,82,1.7,990,8.8,0.4,0.0,0.0,0,1,3,6,0,1,0,0,492
2018-03-04,18,11.5,81,1.5,1475,8.3,0.07,0.0,0.0,0,1,3,6,0,1,0,0,436
2018-03-04,19,11.2,81,2.3,1614,8.0,0.0,0.0,0.0,0,1,3,6,0,1,0,0,289
2018-03-04,20,11.3,80,1.2,1978,7.9,0.0,0.0,0.0,0,1,3,6,0,1,0,0,26
2018-03-04,21,10.6,89,2.1,606,8.8,0.0,2.0,0.0,0,1,3,6,0,1,0,0,7
2018-03-04,22,9.6,92,2.5,721,8.3,0.0,0.0,0.0,0,1,3,6,0,1,0,0,8
2018-03-04,23,8.7,91,2.9,957,7.3,0.0,0.0,0.0,0,1,3,6,0,1,0,0,9
2018-03-05,0,7.6,88,2.5,1974,5.7,0.0,9.0,0.0,0,1,3,0,0,1,0,0,22
2018-03-05,1,7.0,88,2.5,2000,5.1,0.0,0.0,0.0,0,1,3,0,0,1,0,0,23
2018-03-05,2,6.3,89,2.2,1456,4.6,0.0,0.0,0.0,0,1,3,0,0,1,0,0,9
2018-03-05,3,5.7,92,2.0,458,4.4,0.0,1.5,0.0,0,1,3,0,0,1,0,0,2
2018-03-05,4,5.1,90,2.6,1005,3.5,0.0,0.0,0.0,0,1,3,0,0,1,0,0,4
2018-03-05,5,4.7,89,2.3,1242,3.0,0.0,0.0,0.0,0,1,3,0,0,1,0,0,22
2018-03-05,6,4.2,87,2.0,1979,2.2,0.0,2.0,0.0,0,1,3,0,0,1,0,0,20
2018-03-05,7,3.8,87,2.2,2000,1.8,0.0,0.0,0.0,0,1,3,0,0,1,0,0,85
2018-03-05,8,3.6,88,2.3,2000,1.7,0.03,0.0,0.0,0,1,3,0,0,1,0,0,184
2018-03-05,9,3.7,85,1.8,2000,1.4,0.17,0.0,0.0,0,1,3,0,0,1,0,0,211
2018-03-05,10,4.4,80,1.8,2000,1.2,0.56,0.0,0.0,0,1,3,0,0,1,0,0,232
2018-03-05,11,6.1,66,1.9,2000,0.2,1.42,0.0,0.0,0,1,3,0,0,1,0,0,322
2018-03-05,12,7.6,58,2.4,2000,-0.1,1.85,0.0,0.0,0,1,3,0,0,1,0,0,438
2018-03-05,13,8.3,51,2.0,2000,-1.2,1.42,0.0,0.0,0,1,3,0,0,1,0,0,465
2018-03-05,14,10.0,44,1.9,2000,-1.7,2.46,0.0,0.0,0,1,3,0,0,1,0,0,550
2018-03-05,15,10.3,43,2.5,2000,-1.7,2.45,0.0,0.0,0,1,3,0,0,1,0,0,637
2018-03-05,16,11.0,39,1.2,2000,-2.4,1.96,0.0,0.0,0,1,3,0,0,1,0,0,718
2018-03-05,17,10.0,43,1.4,2000,-2.0,1.12,0.0,0.0,0,1,3,0,0,1,0,0,865
2018-03-05,18,8.1,47,1.7,2000,-2.5,0.34,0.0,0.0,0,1,3,0,0,1,0,0,1155
2018-03-05,19,5.8,53,1.7,2000,-3.0,0.02,0.0,0.0,0,1,3,0,0,1,0,0,782
2018-03-05,20,4.3,57,1.3,2000,-3.4,0.0,0.0,0.0,0,1,3,0,0,1,0,0,578
2018-03-05,21,3.1,59,1.5,2000,-4.1,0.0,0.0,0.0,0,1,3,0,0,1,0,0,533
2018-03-05,22,2.3,63,1.0,2000,-4.0,0.0,0.0,0.0,0,1,3,0,0,1,0,0,466
2018-03-05,23,1.9,60,1.3,2000,-5.0,0.0,0.0,0.0,0,1,3,0,0,1,0,0,274
2018-03-06,0,1.3,69,0.8,2000,-3.7,0.0,0.0,0.0,0,1,3,1,0,1,0,0,224
2018-03-06,1,0.8,67,0.8,2000,-4.6,0.0,0.0,0.0,0,1,3,1,0,1,0,0,188
2018-03-06,2,0.3,71,0.9,1999,-4.3,0.0,0.0,0.0,0,1,3,1,0,1,0,0,122
2018-03-06,3,0.1,71,0.4,2000,-4.5,0.0,0.0,0.0,0,1,3,1,0,1,0,0,82
2018-03-06,4,-0.5,75,0.6,1967,-4.3,0.0,0.0,0.0,0,1,3,1,0,1,0,0,79
2018-03-06,5,-0.9,78,0.6,1687,-4.2,0.0,0.0,0.0,0,1,3,1,0,1,0,0,80
2018-03-06,6,-1.0,77,0.4,1578,-4.5,0.0,0.0,0.0,0,1,3,1,0,1,0,0,214
2018-03-06,7,-1.0,78,0.6,1484,-4.3,0.0,0.0,0.0,0,1,3,1,0,1,0,0,583
2018-03-06,8,-0.7,76,1.0,1461,-4.4,0.2,0.0,0.0,0,1,3,1,0,1,0,0,997
2018-03-06,9,1.2,62,0.8,1338,-5.2,0.85,0.0,0.0,0,1,3,1,0,1,0,0,556
2018-03-06,10,3.7,51,1.3,1596,-5.5,1.56,0.0,0.0,0,1,3,1,0,1,0,0,380
2018-03-06,11,6.3,41,1.3,1519,-6.0,2.12,0.0,0.0,0,1,3,1,0,1,0,0,475
2018-03-06,12,8.5,34,1.9,1876,-6.4,2.55,0.0,0.0,0,1,3,1,0,1,0,0,504
2018-03-06,13,9.3,27,2.2,1816,-8.7,2.65,0.0,0.0,0,1,3,1,0,1,0,0,528
2018-03-06,14,9.2,27,2.9,1880,-8.8,2.32,0.0,0.0,0,1,3,1,0,1,0,0,567
2018-03-06,15,10.1,24,1.8,1839,-9.6,2.12,0.0,0.0,0,1,3,1,0,1,0,0,616
2018-03-06,16,10.6,26,1.9,1955,-8.1,1.75,0.0,0.0,0,1,3,1,0,1,0,0,680
2018-03-06,17,10.2,27,2.8,1826,-8.0,1.22,0.0,0.0,0,1,3,1,0,1,0,0,883
2018-03-06,18,8.7,28,3.2,2000,-8.8,0.49,0.0,0.0,0,1,3,1,0,1,0,0,1246
2018-03-06,19,7.1,30,2.7,2000,-9.3,0.02,0.0,0.0,0,1,3,1,0,1,0,0,833
2018-03-06,20,6.1,31,2.8,2000,-9.8,0.0,0.0,0.0,0,1,3,1,0,1,0,0,666
2018-03-06,21,5.5,33,3.2,1995,-9.5,0.0,0.0,0.0,0,1,3,1,0,1,0,0,625
2018-03-06,22,4.5,40,1.3,1871,-7.9,0.0,0.0,0.0,0,1,3,1,0,1,0,0,514
2018-03-06,23,3.5,44,0.9,1905,-7.6,0.0,0.0,0.0,0,1,3,1,0,1,0,0,361
2018-03-07,0,2.8,45,1.7,1493,-7.9,0.0,0.0,0.0,0,1,3,2,0,1,0,0,289
2018-03-07,1,2.8,46,2.0,1709,-7.6,0.0,0.0,0.0,0,1,3,2,0,1,0,0,194
2018-03-07,2,2.6,50,1.3,1962,-6.8,0.0,0.0,0.0,0,1,3,2,0,1,0,0,134
2018-03-07,3,2.7,55,1.5,1989,-5.4,0.0,0.0,0.0,0,1,3,2,0,1,0,0,92
2018-03-07,4,2.6,61,1.7,1998,-4.1,0.0,0.0,0.0,0,1,3,2,0,1,0,0,49
2018-03-07,5,2.5,63,1.3,1987,-3.8,0.0,0.0,0.0,0,1,3,2,0,1,0,0,97
2018-03-07,6,2.4,65,1.8,1989,-3.5,0.0,0.0,0.0,0,1,3,2,0,1,0,0,232
2018-03-07,7,2.2,65,1.9,2000,-3.7,0.0,0.0,0.0,0,1,3,2,0,1,0,0,598
2018-03-07,8,2.6,63,1.6,1857,-3.7,0.14,0.0,0.0,0,1,3,2,0,1,0,0,1032
2018-03-07,9,3.8,58,2.0,1785,-3.7,0.49,0.0,0.0,0,1,3,2,0,1,0,0,566
2018-03-07,10,5.2,52,1.5,1808,-3.8,0.74,0.0,0.0,0,1,3,2,0,1,0,0,410
2018-03-07,11,8.0,43,1.7,1909,-3.8,1.74,0.0,0.0,0,1,3,2,0,1,0,0,441
2018-03-07,12,9.6,39,1.8,1982,-3.7,2.09,0.0,0.0,0,1,3,2,0,1,0,0,550
2018-03-07,13,9.9,39,1.9,1911,-3.4,1.61,0.0,0.0,0,1,3,2,0,1,0,0,509
2018-03-07,14,9.8,38,0.9,1908,-3.8,0.93,0.0,0.0,0,1,3,2,0,1,0,0,505
2018-03-07,15,10.2,34,2.3,1919,-4.9,1.19,0.0,0.0,0,1,3,2,0,1,0,0,620
2018-03-07,16,10.4,36,3.2,1963,-4.0,1.02,0.0,0.0,0,1,3,2,0,1,0,0,646
2018-03-07,17,10.4,37,1.0,2000,-3.6,0.67,0.0,0.0,0,1,3,2,0,1,0,0,849
2018-03-07,18,9.6,42,2.0,2000,-2.7,0.14,0.0,0.0,0,1,3,2,0,1,0,0,1365
2018-03-07,19,8.9,44,2.3,2000,-2.7,0.0,0.0,0.0,0,1,3,2,0,1,0,0,799
2018-03-07,20,8.5,46,1.0,1977,-2.4,0.0,0.0,0.0,0,1,3,2,0,1,0,0,587
2018-03-07,21,7.9,56,1.4,1975,-0.3,0.0,0.0,0.0,0,1,3,2,0,1,0,0,411
2018-03-07,22,7.2,60,1.4,1928,0.0,0.0,0.0,0.0,0,1,3,2,0,1,0,0,147
2018-03-07,23,6.0,79,2.0,918,2.6,0.0,0.0,0.0,0,1,3,2,0,1,0,0,48
2018-03-08,0,5.2,83,1.5,733,2.5,0.0,0.5,0.0,0,1,3,3,0,1,0,0,49
2018-03-08,1,4.7,86,0.7,717,2.5,0.0,0.0,0.0,0,1,3,3,0,1,0,0,23
2018-03-08,2,4.2,88,0.9,553,2.3,0.0,0.0,0.0,0,1,3,3,0,1,0,0,19
2018-03-08,3,3.8,90,0.8,448,2.3,0.0,2.0,0.0,0,1,3,3,0,1,0,0,12
2018-03-08,4,3.3,90,1.3,682,1.8,0.0,0.0,0.0,0,1,3,3,0,1,0,0,8
2018-03-08,5,3.1,90,1.2,974,1.6,0.0,0.0,0.0,0,1,3,3,0,1,0,0,17
2018-03-08,6,3.1,89,0.2,903,1.4,0.0,1.5,0.0,0,1,3,3,0,1,0,0,32
2018-03-08,7,3.0,90,0.7,578,1.5,0.0,0.0,0.0,0,1,3,3,0,1,0,0,64
2018-03-08,8,3.0,94,0.3,444,2.1,0.01,0.0,0.0,0,1,3,3,0,1,0,0,88
2018-03-08,9,3.4,90,1.5,386,1.9,0.21,0.5,0.0,0,1,3,3,0,1,0,0,100
2018-03-08,10,3.6,88,2.6,681,1.7,0.44,0.0,0.0,0,1,3,3,0,1,0,0,165
2018-03-08,11,4.5,82,2.0,1226,1.6,0.73,0.0,0.0,0,1,3,3,0,1,0,0,290
2018-03-08,12,5.6,72,3.0,1700,0.9,0.89,0.0,0.0,0,1,3,3,0,1,0,0,375
2018-03-08,13,6.7,65,3.2,1651,0.5,1.76,0.0,0.0,0,1,3,3,0,1,0,0,405
2018-03-08,14,7.7,62,2.4,1758,0.8,1.64,0.0,0.0,0,1,3,3,0,1,0,0,452
2018-03-08,15,9.2,53,3.3,1896,0.1,2.23,0.0,0.0,0,1,3,3,0,1,0,0,555
2018-03-08,16,9.5,56,3.1,994,1.1,1.1,0.0,0.0,0,1,3,3,0,1,0,0,594
2018-03-08,17,7.5,64,4.3,538,1.1,0.88,0.0,0.0,0,1,3,3,0,1,0,0,757
2018-03-08,18,5.9,68,3.4,543,0.4,0.38,0.0,0.0,0,1,3,3,0,1,0,0,1091
2018-03-08,19,4.5,72,2.7,529,-0.1,0.03,0.0,0.0,0,1,3,3,0,1,0,0,683
2018-03-08,20,3.3,74,2.6,494,-0.8,0.0,0.0,0.0,0,1,3,3,0,1,0,0,586
2018-03-08,21,3.1,74,3.2,465,-1.0,0.0,0.0,0.0,0,1,3,3,0,1,0,0,533
2018-03-08,22,2.8,74,2.1,469,-1.3,0.0,0.0,0.0,0,1,3,3,0,1,0,0,498
2018-03-08,23,2.8,73,1.8,468,-1.5,0.0,0.0,0.0,0,1,3,3,0,1,0,0,315
2018-03-09,0,3.0,72,2.3,473,-1.5,0.0,0.0,0.0,0,1,3,4,0,1,0,0,272
2018-03-09,1,2.8,73,2.6,413,-1.5,0.0,0.0,0.0,0,1,3,4,0,1,0,0,228
2018-03-09,2,2.8,74,1.2,415,-1.3,0.0,0.0,0.0,0,1,3,4,0,1,0,0,155
2018-03-09,3,2.7,75,0.7,417,-1.2,0.0,0.0,0.0,0,1,3,4,0,1,0,0,105
2018-03-09,4,2.5,76,1.0,403,-1.3,0.0,0.0,0.0,0,1,3,4,0,1,0,0,66
2018-03-09,5,2.5,76,0.7,544,-1.3,0.0,0.0,0.0,0,1,3,4,0,1,0,0,88
2018-03-09,6,2.5,71,1.1,1055,-2.2,0.0,0.0,0.0,0,1,3,4,0,1,0,0,195
2018-03-09,7,1.6,76,0.7,1024,-2.1,0.0,0.0,0.0,0,1,3,4,0,1,0,0,574
2018-03-09,8,1.8,67,0.7,1917,-3.6,0.19,0.0,0.0,0,1,3,4,0,1,0,0,1041
2018-03-09,9,3.5,60,1.3,1969,-3.5,0.71,0.0,0.0,0,1,3,4,0,1,0,0,570
2018-03-09,10,4.8,54,1.3,1921,-3.7,0.78,0.0,0.0,0,1,3,4,0,1,0,0,361
2018-03-09,11,5.9,51,0.7,1866,-3.4,0.91,0.0,0.0,0,1,3,4,0,1,0,0,444
2018-03-09,12,6.8,51,1.0,1617,-2.6,1.13,0.0,0.0,0,1,3,4,0,1,0,0,510
2018-03-09,13,7.5,44,2.0,1526,-3.9,1.24,0.0,0.0,0,1,3,4,0,1,0,0,509
2018-03-09,14,8.0,42,1.5,1690,-4.1,1.24,0.0,0.0,0,1,3,4,0,1,0,0,542
2018-03-09,15,7.7,51,2.9,670,-1.8,0.94,0.0,0.0,0,1,3,4,0,1,0,0,611
2018-03-09,16,9.6,38,1.7,1052,-4.0,1.71,0.0,0.0,0,1,3,4,0,1,0,0,686
2018-03-09,17,8.9,46,1.8,789,-2.1,1.0,0.0,0.0,0,1,3,4,0,1,0,0,834
2018-03-09,18,7.0,55,2.0,705,-1.4,0.35,0.0,0.0,0,1,3,4,0,1,0,0,1231
2018-03-09,19,5.4,60,3.9,990,-1.7,0.02,0.0,0.0,0,1,3,4,0,1,0,0,718
2018-03-09,20,4.3,67,1.1,1125,-1.2,0.0,0.0,0.0,0,1,3,4,0,1,0,0,535
2018-03-09,21,3.5,69,1.4,1177,-1.6,0.0,0.0,0.0,0,1,3,4,0,1,0,0,537
2018-03-09,22,2.9,69,1.2,1179,-2.2,0.0,0.0,0.0,0,1,3,4,0,1,0,0,521
2018-03-09,23,2.5,72,1.5,1071,-2.0,0.0,0.0,0.0,0,1,3,4,0,1,0,0,309
2018-03-10,0,2.1,74,1.4,970,-2.0,0.0,0.0,0.0,0,1,3,5,0,1,0,0,328
2018-03-10,1,2.0,75,1.0,658,-1.9,0.0,0.0,0.0,0,1,3,5,0,1,0,0,305
2018-03-10,2,1.6,79,0.9,685,-1.6,0.0,0.0,0.0,0,1,3,5,0,1,0,0,241
2018-03-10,3,1.3,80,0.6,705,-1.7,0.0,0.0,0.0,0,1,3,5,0,1,0,0,139
2018-03-10,4,0.9,81,0.6,620,-1.9,0.0,0.0,0.0,0,1,3,5,0,1,0,0,91
2018-03-10,5,0.8,80,0.3,565,-2.2,0.0,0.0,0.0,0,1,3,5,0,1,0,0,79
2018-03-10,6,1.1,78,1.1,538,-2.3,0.0,0.0,0.0,0,1,3,5,0,1,0,0,74
2018-03-10,7,0.9,78,1.1,535,-2.5,0.0,0.0,0.0,0,1,3,5,0,1,0,0,208
2018-03-10,8,1.5,73,1.2,466,-2.8,0.11,0.0,0.0,0,1,3,5,0,1,0,0,340
2018-03-10,9,2.7,71,1.3,418,-2.0,0.3,0.0,0.0,0,1,3,5,0,1,0,0,381
2018-03-10,10,3.5,65,2.4,539,-2.4,0.87,0.0,0.0,0,1,3,5,0,1,0,0,416
2018-03-10,11,5.7,58,2.3,700,-1.9,2.08,0.0,0.0,0,1,3,5,0,1,0,0,497
2018-03-10,12,7.1,50,2.2,909,-2.6,2.47,0.0,0.0,0,1,3,5,0,1,0,0,650
2018-03-10,13,8.2,42,3.1,1261,-3.9,2.66,0.0,0.0,0,1,3,5,0,1,0,0,757
2018-03-10,14,9.2,38,2.6,1377,-4.4,2.53,0.0,0.0,0,1,3,5,0,1,0,0,906
2018-03-10,15,8.1,36,4.7,1964,-6.1,2.23,0.0,0.0,0,1,3,5,0,1,0,0,931
2018-03-10,16,8.3,37,3.8,1867,-5.5,1.73,0.0,0.0,0,1,3,5,0,1,0,0,972
2018-03-10,17,7.7,46,2.8,1635,-3.2,1.05,0.0,0.0,0,1,3,5,0,1,0,0,829
2018-03-10,18,6.2,61,3.2,1411,-0.7,0.4,0.0,0.0,0,1,3,5,0,1,0,0,664
2018-03-10,19,5.3,67,2.6,1314,-0.3,0.02,0.0,0.0,0,1,3,5,0,1,0,0,573
2018-03-10,20,5.2,69,1.8,1196,0.0,0.0,0.0,0.0,0,1,3,5,0,1,0,0,447
2018-03-10,21,5.0,73,2.2,1173,0.5,0.0,0.0,0.0,0,1,3,5,0,1,0,0,470
2018-03-10,22,5.0,75,2.2,1084,0.9,0.0,0.0,0.0,0,1,3,5,0,1,0,0,421
2018-03-10,23,5.1,75,1.4,950,1.0,0.0,0.0,0.0,0,1,3,5,0,1,0,0,345
2018-03-11,0,5.1,77,1.9,718,1.3,0.0,0.0,0.0,0,1,3,6,0,1,0,0,376
2018-03-11,1,4.8,80,1.3,583,1.6,0.0,0.0,0.0,0,1,3,6,0,1,0,0,222
2018-03-11,2,4.7,78,1.5,466,1.1,0.0,0.0,0.0,0,1,3,6,0,1,0,0,171
2018-03-11,3,4.4,80,1.6,393,1.2,0.0,0.0,0.0,0,1,3,6,0,1,0,0,115
2018-03-11,4,4.2,81,1.3,333,1.2,0.0,0.0,0.0,0,1,3,6,0,1,0,0,80
2018-03-11,5,3.9,85,1.6,264,1.6,0.0,0.0,0.0,0,1,3,6,0,1,0,0,45
2018-03-11,6,3.4,85,1.5,234,1.1,0.0,0.0,0.0,0,1,3,6,0,1,0,0,63
2018-03-11,7,2.9,84,1.9,241,0.4,0.0,0.0,0.0,0,1,3,6,0,1,0,0,119
2018-03-11,8,2.8,82,1.2,240,0.0,0.19,0.0,0.0,0,1,3,6,0,1,0,0,212
2018-03-11,9,3.9,77,2.0,263,0.2,0.65,0.0,0.0,0,1,3,6,0,1,0,0,289
2018-03-11,10,5.9,69,2.6,330,0.6,1.43,0.0,0.0,0,1,3,6,0,1,0,0,394
2018-03-11,11,7.6,54,1.6,430,-1.1,2.06,0.0,0.0,0,1,3,6,0,1,0,0,425
2018-03-11,12,9.2,40,2.6,592,-3.7,2.47,0.0,0.0,0,1,3,6,0,1,0,0,666
2018-03-11,13,10.3,31,2.1,885,-6.1,2.67,0.0,0.0,0,1,3,6,0,1,0,0,843
2018-03-11,14,11.6,20,2.7,1647,-10.6,2.69,0.0,0.0,0,1,3,6,0,1,0,0,1154
2018-03-11,15,11.9,26,2.8,1338,-7.0,2.34,0.0,0.0,0,1,3,6,0,1,0,0,1294
2018-03-11,16,11.9,25,2.7,1424,-7.5,1.83,0.0,0.0,0,1,3,6,0,1,0,0,1205
2018-03-11,17,11.1,25,2.0,1765,-8.2,1.19,0.0,0.0,0,1,3,6,0,1,0,0,1028
2018-03-11,18,9.4,22,2.9,1995,-11.2,0.55,0.0,0.0,0,1,3,6,0,1,0,0,776
2018-03-11,19,7.8,28,1.9,1982,-9.6,0.04,0.0,0.0,0,1,3,6,0,1,0,0,596
2018-03-11,20,6.7,32,1.9,1722,-8.8,0.0,0.0,0.0,0,1,3,6,0,1,0,0,530
2018-03-11,21,5.7,34,1.0,1520,-8.9,0.0,0.0,0.0,0,1,3,6,0,1,0,0,533
2018-03-11,22,5.3,31,2.3,1842,-10.5,0.0,0.0,0.0,0,1,3,6,0,1,0,0,419
2018-03-11,23,4.2,34,1.7,1476,-10.3,0.0,0.0,0.0,0,1,3,6,0,1,0,0,288
2018-03-12,0,3.5,46,1.1,1040,-7.0,0.0,0.0,0.0,0,1,3,0,0,1,0,0,222
2018-03-12,1,2.9,51,0.8,1119,-6.2,0.0,0.0,0.0,0,1,3,0,0,1,0,0,163
2018-03-12,2,2.7,46,0.4,1363,-7.7,0.0,0.0,0.0,0,1,3,0,0,1,0,0,95
2018-03-12,3,2.3,48,0.8,1448,-7.6,0.0,0.0,0.0,0,1,3,0,0,1,0,0,60
2018-03-12,4,2.8,52,0.6,1249,-6.1,0.0,0.0,0.0,0,1,3,0,0,1,0,0,47
2018-03-12,5,3.3,53,0.4,1208,-5.3,0.0,0.0,0.0,0,1,3,0,0,1,0,0,106
2018-03-12,6,2.8,57,0.7,920,-4.8,0.0,0.0,0.0,0,1,3,0,0,1,0,0,261
2018-03-12,7,3.0,53,0.5,1094,-5.6,0.0,0.0,0.0,0,1,3,0,0,1,0,0,662
2018-03-12,8,3.8,47,0.8,1229,-6.5,0.06,0.0,0.0,0,1,3,0,0,1,0,0,1066
2018-03-12,9,4.8,43,1.0,1200,-6.7,0.18,0.0,0.0,0,1,3,0,0,1,0,0,604
2018-03-12,10,6.6,40,1.0,1061,-6.0,0.65,0.0,0.0,0,1,3,0,0,1,0,0,406
2018-03-12,11,9.2,33,1.1,892,-6.2,1.54,0.0,0.0,0,1,3,0,0,1,0,0,463
2018-03-12,12,11.7,32,1.6,690,-4.4,1.99,0.0,0.0,0,1,3,0,0,1,0,0,581
2018-03-12,13,13.6,34,1.8,458,-1.9,2.23,0.0,0.0,0,1,3,0,0,1,0,0,588
2018-03-12,14,14.9,34,2.8,403,-0.8,2.22,0.0,0.0,0,1,3,0,0,1,0,0,603
2018-03-12,15,15.3,32,2.9,458,-1.3,2.02,0.0,0.0,0,1,3,0,0,1,0,0,694
2018-03-12,16,14.5,34,3.1,471,-1.2,1.59,0.0,0.0,0,1,3,0,0,1,0,0,752
2018-03-12,17,13.7,38,2.6,436,-0.3,1.0,0.0,0.0,0,1,3,0,0,1,0,0,931
2018-03-12,18,12.2,43,2.8,463,0.0,0.41,0.0,0.0,0,1,3,0,0,1,0,0,1425
2018-03-12,19,10.6,47,2.0,425,-0.2,0.03,0.0,0.0,0,1,3,0,0,1,0,0,946
2018-03-12,20,9.4,50,2.1,391,-0.5,0.0,0.0,0.0,0,1,3,0,0,1,0,0,801
2018-03-12,21,8.7,49,1.7,464,-1.4,0.0,0.0,0.0,0,1,3,0,0,1,0,0,771
2018-03-12,22,7.8,49,0.1,528,-2.2,0.0,0.0,0.0,0,1,3,0,0,1,0,0,695
2018-03-12,23,6.8,56,0.9,497,-1.3,0.0,0.0,0.0,0,1,3,0,0,1,0,0,397
2018-03-13,0,6.4,62,0.7,506,-0.3,0.0,0.0,0.0,0,1,3,1,0,1,0,0,309
2018-03-13,1,5.9,65,1.0,596,-0.1,0.0,0.0,0.0,0,1,3,1,0,1,0,0,231
2018-03-13,2,5.4,66,0.6,623,-0.4,0.0,0.0,0.0,0,1,3,1,0,1,0,0,161
2018-03-13,3,5.5,62,0.6,722,-1.2,0.0,0.0,0.0,0,1,3,1,0,1,0,0,103
2018-03-13,4,6.2,59,0.8,493,-1.2,0.0,0.0,0.0,0,1,3,1,0,1,0,0,88
2018-03-13,5,6.8,56,0.9,570,-1.3,0.0,0.0,0.0,0,1,3,1,0,1,0,0,97
2018-03-13,6,7.0,58,0.7,537,-0.7,0.0,0.0,0.0,0,1,3,1,0,1,0,0,252
2018-03-13,7,7.2,56,0.5,545,-1.0,0.0,0.0,0.0,0,1,3,1,0,1,0,0,668
2018-03-13,8,8.0,48,0.4,711,-2.3,0.12,0.0,0.0,0,1,3,1,0,1,0,0,1215
2018-03-13,9,9.4,44,0.3,743,-2.2,0.33,0.0,0.0,0,1,3,1,0,1,0,0,616
2018-03-13,10,10.9,40,0.5,714,-2.1,0.55,0.0,0.0,0,1,3,1,0,1,0,0,428
2018-03-13,11,12.6,49,1.4,988,2.1,0.84,0.0,0.0,0,1,3,1,0,1,0,0,571
2018-03-13,12,15.5,47,3.3,1303,4.2,2.44,0.0,0.0,0,1,3,1,0,1,0,0,626
2018-03-13,13,17.1,42,3.2,1305,4.0,2.6,0.0,0.0,0,1,3,1,0,1,0,0,678
2018-03-13,14,18.3,43,2.2,1509,5.4,2.43,0.0,0.0,0,1,3,1,0,1,0,0,705
2018-03-13,15,18.6,47,3.3,1560,7.0,2.08,0.0,0.0,0,1,3,1,0,1,0,0,815
2018-03-13,16,17.6,53,3.7,1735,7.8,1.4,0.0,0.0,0,1,3,1,0,1,0,0,890
2018-03-13,17,16.9,62,3.1,1562,9.5,0.95,0.0,0.0,0,1,3,1,0,1,0,0,1085
2018-03-13,18,15.7,68,3.3,1473,9.8,0.39,0.0,0.0,0,1,3,1,0,1,0,0,1749
2018-03-13,19,14.1,77,2.0,1240,10.1,0.04,0.0,0.0,0,1,3,1,0,1,0,0,1224
2018-03-13,20,13.9,77,1.5,1010,9.9,0.0,0.0,0.0,0,1,3,1,0,1,0,0,986
2018-03-13,21,13.7,79,2.0,1035,10.1,0.0,0.0,0.0,0,1,3,1,0,1,0,0,982
2018-03-13,22,13.5,81,2.8,933,10.2,0.0,0.0,0.0,0,1,3,1,0,1,0,0,912
2018-03-13,23,13.4,81,2.6,958,10.1,0.0,0.0,0.0,0,1,3,1,0,1,0,0,572
2018-03-14,0,13.6,79,2.2,862,10.0,0.0,0.0,0.0,0,1,3,2,0,1,0,0,412
2018-03-14,1,13.7,73,2.2,1182,8.9,0.0,0.0,0.0,0,1,3,2,0,1,0,0,309
2018-03-14,2,13.8,70,1.3,1363,8.4,0.0,0.0,0.0,0,1,3,2,0,1,0,0,226
2018-03-14,3,14.0,67,2.3,1733,7.9,0.0,0.0,0.0,0,1,3,2,0,1,0,0,142
2018-03-14,4,14.0,70,1.5,1648,8.6,0.0,0.0,0.0,0,1,3,2,0,1,0,0,82
2018-03-14,5,14.1,69,1.3,1923,8.4,0.0,0.0,0.0,0,1,3,2,0,1,0,0,123
2018-03-14,6,14.1,69,1.6,1882,8.4,0.0,0.0,0.0,0,1,3,2,0,1,0,0,290
2018-03-14,7,14.1,69,1.1,1692,8.4,0.0,0.0,0.0,0,1,3,2,0,1,0,0,786
2018-03-14,8,14.2,67,0.9,1812,8.1,0.06,0.0,0.0,0,1,3,2,0,1,0,0,1371
2018-03-14,9,14.6,62,1.2,1768,7.3,0.19,0.0,0.0,0,1,3,2,0,1,0,0,761
2018-03-14,10,15.7,58,1.3,1980,7.4,0.69,0.0,0.0,0,1,3,2,0,1,0,0,552
2018-03-14,11,17.5,55,2.1,1892,8.3,1.35,0.0,0.0,0,1,3,2,0,1,0,0,643
2018-03-14,12,19.9,44,2.7,1874,7.2,2.22,0.0,0.0,0,1,3,2,0,1,0,0,813
2018-03-14,13,20.9,44,4.7,1795,8.1,2.66,0.0,0.0,0,1,3,2,0,1,0,0,789
2018-03-14,14,21.1,42,4.3,2000,7.6,2.49,0.0,0.0,0,1,3,2,0,1,0,0,878
2018-03-14,15,21.7,39,3.3,1979,7.1,2.09,0.0,0.0,0,1,3,2,0,1,0,0,1025
2018-03-14,16,21.7,41,3.2,2000,7.8,1.91,0.0,0.0,0,1,3,2,0,1,0,0,1049
2018-03-14,17,20.5,49,3.5,2000,9.4,1.18,0.0,0.0,0,1,3,2,0,1,0,0,1325
2018-03-14,18,19.2,53,2.4,2000,9.3,0.58,0.0,0.0,0,1,3,2,0,1,0,0,2100
2018-03-14,19,17.9,54,2.9,2000,8.4,0.04,0.0,0.0,0,1,3,2,0,1,0,0,1478
2018-03-14,20,17.2,60,2.5,1993,9.3,0.0,0.0,0.0,0,1,3,2,0,1,0,0,1275
2018-03-14,21,16.8,67,2.0,1775,10.6,0.0,0.0,0.0,0,1,3,2,0,1,0,0,1181
2018-03-14,22,16.2,71,2.0,1780,10.9,0.0,0.0,0.0,0,1,3,2,0,1,0,0,983
2018-03-14,23,16.1,69,1.8,1666,10.4,0.0,0.0,0.0,0,1,3,2,0,1,0,0,587
2018-03-15,0,16.0,69,2.4,1863,10.3,0.0,0.0,0.0,0,1,3,3,0,1,0,0,466
2018-03-15,1,16.3,68,2.1,1859,10.3,0.0,0.0,0.0,0,1,3,3,0,1,0,0,355
2018-03-15,2,16.5,68,1.3,1724,10.5,0.0,0.0,0.0,0,1,3,3,0,1,0,0,203
2018-03-15,3,16.5,69,2.4,1659,10.7,0.0,0.0,0.0,0,1,3,3,0,1,0,0,51
2018-03-15,4,15.1,86,2.1,877,12.7,0.0,0.0,0.0,0,1,3,3,0,1,0,0,9
2018-03-15,5,14.5,94,2.0,487,13.5,0.0,0.0,0.0,0,1,3,3,0,1,0,0,8
2018-03-15,6,14.4,96,0.7,453,13.7,0.0,8.0,0.0,0,1,3,3,0,1,0,0,10
2018-03-15,7,14.3,97,0.3,189,13.8,0.0,0.0,0.0,0,1,3,3,0,1,0,0,15
2018-03-15,8,14.1,97,1.1,342,13.6,0.0,0.0,0.0,0,1,3,3,0,1,0,0,39
2018-03-15,9,14.1,98,1.1,253,13.7,0.06,17.0,0.0,0,1,3,3,0,1,0,0,32
2018-03-15,10,14.2,98,1.2,299,13.8,0.14,0.0,0.0,0,1,3,3,0,1,0,0,27
2018-03-15,11,13.9,98,1.4,296,13.5,0.13,0.0,0.0,0,1,3,3,0,1,0,0,65
2018-03-15,12,13.3,97,2.9,771,12.8,0.19,2.0,0.0,0,1,3,3,0,1,0,0,204
2018-03-15,13,12.7,97,2.6,467,12.2,0.23,0.0,0.0,0,1,3,3,0,1,0,0,269
2018-03-15,14,12.1,97,2.0,177,11.6,0.2,0.0,0.0,0,1,3,3,0,1,0,0,289
2018-03-15,15,11.6,97,3.4,117,11.1,0.26,0.0,0.0,0,1,3,3,0,1,0,0,329
2018-03-15,16,10.7,98,1.2,196,10.3,0.14,0.0,0.0,0,1,3,3,0,1,0,0,214
2018-03-15,17,10.9,98,1.3,222,10.5,0.09,0.0,0.0,0,1,3,3,0,1,0,0,411
2018-03-15,18,10.4,98,2.5,116,10.0,0.03,0.0,0.0,0,1,3,3,0,1,0,0,676
2018-03-15,19,10.4,98,2.0,391,10.0,0.0,0.0,0.0,0,1,3,3,0,1,0,0,606
2018-03-15,20,10.5,97,1.8,372,10.0,0.0,0.0,0.0,0,1,3,3,0,1,0,0,533
2018-03-15,21,10.4,96,2.7,499,9.7,0.0,0.0,0.0,0,1,3,3,0,1,0,0,567
2018-03-15,22,9.8,90,3.7,493,8.2,0.0,0.0,0.0,0,1,3,3,0,1,0,0,506
2018-03-15,23,9.3,90,4.1,609,7.7,0.0,0.0,0.0,0,1,3,3,0,1,0,0,343
2018-03-16,0,8.4,86,2.2,2000,6.1,0.0,0.0,0.0,0,1,3,4,0,1,0,0,287
2018-03-16,1,7.2,83,2.1,2000,4.4,0.0,0.0,0.0,0,1,3,4,0,1,0,0,278
2018-03-16,2,6.7,72,2.1,2000,1.9,0.0,0.0,0.0,0,1,3,4,0,1,0,0,178
2018-03-16,3,6.1,67,2.6,2000,0.4,0.0,0.0,0.0,0,1,3,4,0,1,0,0,102
2018-03-16,4,5.7,62,2.4,2000,-1.0,0.0,0.0,0.0,0,1,3,4,0,1,0,0,85
2018-03-16,5,5.2,60,2.0,2000,-1.9,0.0,0.0,0.0,0,1,3,4,0,1,0,0,85
2018-03-16,6,4.4,61,1.7,2000,-2.4,0.0,0.0,0.0,0,1,3,4,0,1,0,0,222
2018-03-16,7,3.7,59,2.9,2000,-3.5,0.0,0.0,0.0,0,1,3,4,0,1,0,0,652
2018-03-16,8,3.8,56,2.4,2000,-4.1,0.32,0.0,0.0,0,1,3,4,0,1,0,0,1176
2018-03-16,9,5.2,51,1.7,2000,-4.1,1.08,0.0,0.0,0,1,3,4,0,1,0,0,683
2018-03-16,10,6.7,46,2.2,1936,-4.1,1.79,0.0,0.0,0,1,3,4,0,1,0,0,507
2018-03-16,11,8.2,45,2.4,1992,-3.0,2.38,0.0,0.0,0,1,3,4,0,1,0,0,557
2018-03-16,12,9.4,40,2.6,1913,-3.5,2.78,0.0,0.0,0,1,3,4,0,1,0,0,705
2018-03-16,13,10.4,38,2.4,1959,-3.3,2.99,0.0,0.0,0,1,3,4,0,1,0,0,715
2018-03-16,14,11.0,36,1.8,1973,-3.5,2.91,0.0,0.0,0,1,3,4,0,1,0,0,772
2018-03-16,15,11.9,32,1.9,1976,-4.3,2.62,0.0,0.0,0,1,3,4,0,1,0,0,923
2018-03-16,16,11.6,31,1.4,1999,-4.9,2.11,0.0,0.0,0,1,3,4,0,1,0,0,976
2018-03-16,17,11.2,30,1.5,2000,-5.7,1.44,0.0,0.0,0,1,3,4,0,1,0,0,1160
2018-03-16,18,10.0,33,1.2,2000,-5.5,0.68,0.0,0.0,0,1,3,4,0,1,0,0,1641
2018-03-16,19,8.1,36,1.2,2000,-6.1,0.06,0.0,0.0,0,1,3,4,0,1,0,0,974
2018-03-16,20,6.7,41,1.0,2000,-5.6,0.0,0.0,0.0,0,1,3,4,0,1,0,0,774
2018-03-16,21,5.8,43,1.8,2000,-5.8,0.0,0.0,0.0,0,1,3,4,0,1,0,0,710
2018-03-16,22,4.9,46,0.8,2000,-5.7,0.0,0.0,0.0,0,1,3,4,0,1,0,0,660
2018-03-16,23,4.2,47,1.3,2000,-6.1,0.0,0.0,0.0,0,1,3,4,0,1,0,0,455
2018-03-17,0,3.7,48,1.6,2000,-6.3,0.0,0.0,0.0,0,1,3,5,0,1,0,0,414
2018-03-17,1,3.0,52,0.7,2000,-5.9,0.0,0.0,0.0,0,1,3,5,0,1,0,0,366
2018-03-17,2,2.3,56,0.6,2000,-5.5,0.0,0.0,0.0,0,1,3,5,0,1,0,0,268
2018-03-17,3,1.8,59,0.7,2000,-5.3,0.0,0.0,0.0,0,1,3,5,0,1,0,0,157
2018-03-17,4,1.3,61,0.7,2000,-5.4,0.0,0.0,0.0,0,1,3,5,0,1,0,0,103
2018-03-17,5,1.0,62,0.9,2000,-5.4,0.0,0.0,0.0,0,1,3,5,0,1,0,0,60
2018-03-17,6,0.8,63,1.0,2000,-5.4,0.0,0.0,0.0,0,1,3,5,0,1,0,0,109
2018-03-17,7,0.5,64,0.8,2000,-5.5,0.01,0.0,0.0,0,1,3,5,0,1,0,0,193
2018-03-17,8,1.3,57,1.0,1974,-6.2,0.32,0.0,0.0,0,1,3,5,0,1,0,0,384
2018-03-17,9,3.4,49,1.6,1950,-6.3,1.03,0.0,0.0,0,1,3,5,0,1,0,0,520
2018-03-17,10,6.0,43,1.0,1829,-5.6,1.69,0.0,0.0,0,1,3,5,0,1,0,0,561
2018-03-17,11,8.0,39,1.2,1783,-5.1,2.26,0.0,0.0,0,1,3,5,0,1,0,0,742
2018-03-17,12,10.0,38,1.5,1677,-3.6,2.51,0.0,0.0,0,1,3,5,0,1,0,0,933
2018-03-17,13,10.9,32,1.2,1772,-5.1,2.22,0.0,0.0,0,1,3,5,0,1,0,0,1111
2018-03-17,14,12.1,29,2.3,1734,-5.4,2.26,0.0,0.0,0,1,3,5,0,1,0,0,1294
2018-03-17,15,13.2,23,2.8,1696,-7.5,2.52,0.0,0.0,0,1,3,5,0,1,0,0,1514
2018-03-17,16,13.7,28,2.1,1499,-4.5,1.88,0.0,0.0,0,1,3,5,0,1,0,0,1440
2018-03-17,17,12.1,34,2.5,1240,-3.3,0.81,0.0,0.0,0,1,3,5,0,1,0,0,1272
2018-03-17,18,10.6,42,2.8,1307,-1.8,0.31,0.0,0.0,0,1,3,5,0,1,0,0,934
2018-03-17,19,8.8,49,3.2,1207,-1.3,0.05,0.0,0.0,0,1,3,5,0,1,0,0,718
2018-03-17,20,7.9,54,2.3,1005,-0.8,0.0,0.0,0.0,0,1,3,5,0,1,0,0,688
2018-03-17,21,7.4,54,2.0,1142,-1.3,0.0,0.0,0.0,0,1,3,5,0,1,0,0,624
2018-03-17,22,7.0,55,2.7,1041,-1.4,0.0,0.0,0.0,0,1,3,5,0,1,0,0,562
2018-03-17,23,6.4,59,1.1,961,-1.0,0.0,0.0,0.0,0,1,3,5,0,1,0,0,422
2018-03-18,0,5.9,56,1.1,1019,-2.2,0.0,0.0,0.0,0,1,3,6,0,1,0,0,407
2018-03-18,1,5.7,55,1.4,1043,-2.6,0.0,0.0,0.0,0,1,3,6,0,1,0,0,309
2018-03-18,2,5.5,56,1.2,1067,-2.5,0.0,0.0,0.0,0,1,3,6,0,1,0,0,226
2018-03-18,3,5.5,57,1.1,1079,-2.3,0.0,0.0,0.0,0,1,3,6,0,1,0,0,174
2018-03-18,4,5.6,55,0.4,1115,-2.7,0.0,0.0,0.0,0,1,3,6,0,1,0,0,106
2018-03-18,5,5.6,55,1.2,1008,-2.7,0.0,0.0,0.0,0,1,3,6,0,1,0,0,67
2018-03-18,6,5.7,54,1.7,1208,-2.9,0.0,0.0,0.0,0,1,3,6,0,1,0,0,73
2018-03-18,7,5.5,58,1.0,937,-2.1,0.0,0.0,0.0,0,1,3,6,0,1,0,0,152
2018-03-18,8,5.9,58,1.8,861,-1.7,0.11,0.0,0.0,0,1,3,6,0,1,0,0,293
2018-03-18,9,6.3,53,0.5,849,-2.5,0.34,0.0,0.0,0,1,3,6,0,1,0,0,398
2018-03-18,10,7.2,53,1.6,709,-1.7,0.45,0.0,0.0,0,1,3,6,0,1,0,0,460
2018-03-18,11,8.5,49,0.7,718,-1.6,0.76,0.0,0.0,0,1,3,6,0,1,0,0,587
2018-03-18,12,9.8,46,1.2,710,-1.2,1.13,0.0,0.0,0,1,3,6,0,1,0,0,751
2018-03-18,13,10.6,43,1.3,705,-1.4,1.07,0.0,0.0,0,1,3,6,0,1,0,0,881
2018-03-18,14,11.0,41,1.1,763,-1.7,0.81,0.0,0.0,0,1,3,6,0,1,0,0,993
2018-03-18,15,12.0,37,0.8,879,-2.2,1.09,0.0,0.0,0,1,3,6,0,1,0,0,1128
2018-03-18,16,12.3,30,1.6,1263,-4.8,0.94,0.0,0.0,0,1,3,6,0,1,0,0,1059
2018-03-18,17,11.1,42,2.2,765,-1.3,0.34,0.0,0.0,0,1,3,6,0,1,0,0,603
2018-03-18,18,10.4,47,0.4,824,-0.4,0.14,0.0,0.0,0,1,3,6,0,1,0,0,365
2018-03-18,19,10.0,53,1.7,796,0.8,0.01,0.0,0.0,0,1,3,6,0,1,0,0,237
2018-03-18,20,9.2,66,1.1,513,3.1,0.0,0.0,0.0,0,1,3,6,0,1,0,0,146
2018-03-18,21,8.8,72,0.9,501,4.0,0.0,0.0,0.0,0,1,3,6,0,1,0,0,71
2018-03-18,22,8.1,76,0.8,492,4.1,0.0,0.0,0.0,0,1,3,6,0,1,0,0,70
2018-03-18,23,7.4,80,1.3,471,4.1,0.0,0.0,0.0,0,1,3,6,0,1,0,0,53
2018-03-19,0,7.0,81,1.1,421,3.9,0.0,0.5,0.0,0,1,3,0,0,1,0,0,67
2018-03-19,1,6.7,84,0.8,320,4.1,0.0,0.0,0.0,0,1,3,0,0,1,0,0,38
2018-03-19,2,6.6,86,0.6,416,4.4,0.0,0.0,0.0,0,1,3,0,0,1,0,0,28
2018-03-19,3,6.5,88,0.9,276,4.6,0.0,0.3,0.0,0,1,3,0,0,1,0,0,12
2018-03-19,4,6.3,90,1.0,240,4.7,0.0,0.0,0.0,0,1,3,0,0,1,0,0,9
2018-03-19,5,6.2,89,1.5,338,4.5,0.0,0.0,0.0,0,1,3,0,0,1,0,0,27
2018-03-19,6,6.5,88,1.2,417,4.6,0.0,0.2,0.0,0,1,3,0,0,1,0,0,91
2018-03-19,7,6.5,88,1.4,515,4.6,0.0,0.0,0.0,0,1,3,0,0,1,0,0,370
2018-03-19,8,7.3,84,2.2,813,4.7,0.05,0.0,0.0,0,1,3,0,0,1,0,0,592
2018-03-19,9,8.2,81,2.7,1273,5.1,0.2,0.5,0.0,0,1,3,0,0,1,0,0,387
2018-03-19,10,9.1,77,2.7,1587,5.2,0.27,0.0,0.0,0,1,3,0,0,1,0,0,292
2018-03-19,11,10.2,65,3.3,2000,3.9,0.57,0.0,0.0,0,1,3,0,0,1,0,0,393
2018-03-19,12,10.2,58,3.5,2000,2.2,0.32,0.0,0.0,0,1,3,0,0,1,0,0,403
2018-03-19,13,10.1,61,3.7,1504,2.9,0.38,0.0,0.0,0,1,3,0,0,1,0,0,387
2018-03-19,14,10.1,59,3.3,2000,2.4,0.57,0.0,0.0,0,1,3,0,0,1,0,0,326
2018-03-19,15,9.8,57,3.0,2000,1.6,0.43,0.0,0.0,0,1,3,0,0,1,0,0,263
2018-03-19,16,8.9,63,3.0,1614,2.2,0.28,0.0,0.0,0,1,3,0,0,1,0,0,271
2018-03-19,17,8.5,59,2.7,1927,0.9,0.16,0.0,0.0,0,1,3,0,0,1,0,0,605
2018-03-19,18,8.6,55,2.4,1958,0.0,0.09,0.0,0.0,0,1,3,0,0,1,0,0,1200
2018-03-19,19,8.4,51,3.3,1977,-1.1,0.01,0.0,0.0,0,1,3,0,0,1,0,0,818
2018-03-19,20,8.3,47,3.1,2000,-2.3,0.0,0.0,0.0,0,1,3,0,0,1,0,0,711
2018-03-19,21,8.0,47,3.3,2000,-2.6,0.0,0.0,0.0,0,1,3,0,0,1,0,0,731
2018-03-19,22,7.6,48,3.1,2000,-2.7,0.0,0.0,0.0,0,1,3,0,0,1,0,0,565
2018-03-19,23,6.9,44,3.3,2000,-4.5,0.0,0.0,0.0,0,1,3,0,0,1,0,0,382
2018-03-20,0,6.3,42,3.3,2000,-5.6,0.0,0.0,0.0,0,1,3,1,0,1,0,0,297
2018-03-20,1,5.5,42,3.1,2000,-6.4,0.0,0.0,0.0,0,1,3,1,0,1,0,0,243
2018-03-20,2,5.1,44,3.4,2000,-6.1,0.0,0.0,0.0,0,1,3,1,0,1,0,0,165
2018-03-20,3,4.7,44,3.8,2000,-6.5,0.0,0.0,0.0,0,1,3,1,0,1,0,0,95
2018-03-20,4,4.4,44,3.1,2000,-6.8,0.0,0.0,0.0,0,1,3,1,0,1,0,0,69
2018-03-20,5,4.1,42,3.1,2000,-7.6,0.0,0.0,0.0,0,1,3,1,0,1,0,0,92
2018-03-20,6,3.9,43,3.4,2000,-7.5,0.0,0.0,0.0,0,1,3,1,0,1,0,0,235
2018-03-20,7,3.8,44,4.1,2000,-7.3,0.02,0.0,0.0,0,1,3,1,0,1,0,0,677
2018-03-20,8,4.3,43,4.2,2000,-7.2,0.37,0.0,0.0,0,1,3,1,0,1,0,0,1212
2018-03-20,9,5.7,38,3.9,1985,-7.5,0.98,0.0,0.0,0,1,3,1,0,1,0,0,661
2018-03-20,10,7.4,35,3.5,1990,-7.0,1.81,0.0,0.0,0,1,3,1,0,1,0,0,418
2018-03-20,11,8.4,34,3.6,1966,-6.5,2.36,0.0,0.0,0,1,3,1,0,1,0,0,488
2018-03-20,12,9.0,33,3.1,1985,-6.4,2.59,0.0,0.0,0,1,3,1,0,1,0,0,522
2018-03-20,13,8.0,37,3.4,2000,-5.8,1.96,0.0,0.0,0,1,3,1,0,1,0,0,516
2018-03-20,14,7.3,38,3.4,1997,-6.1,1.6,0.0,0.0,0,1,3,1,0,1,0,0,478
2018-03-20,15,6.5,39,3.3,2000,-6.4,1.21,0.0,0.0,0,1,3,1,0,1,0,0,492
2018-03-20,16,5.6,42,4.2,2000,-6.3,0.81,0.0,0.0,0,1,3,1,0,1,0,0,518
2018-03-20,17,4.9,43,4.3,2000,-6.6,0.42,0.0,0.0,0,1,3,1,0,1,0,0,719
2018-03-20,18,4.1,43,3.5,2000,-7.3,0.21,0.0,0.0,0,1,3,1,0,1,0,0,1111
2018-03-20,19,3.2,45,3.7,2000,-7.6,0.02,0.0,0.0,0,1,3,1,0,1,0,0,716
2018-03-20,20,2.7,45,3.3,2000,-8.0,0.0,0.0,0.0,0,1,3,1,0,1,0,0,543
2018-03-20,21,2.3,40,3.3,2000,-9.9,0.0,0.0,0.0,0,1,3,1,0,1,0,0,494
2018-03-20,22,2.0,37,2.7,2000,-11.1,0.0,0.0,0.0,0,1,3,1,0,1,0,0,460
2018-03-20,23,1.8,37,2.3,2000,-11.3,0.0,0.0,0.0,0,1,3,1,0,1,0,0,294
2018-03-21,0,1.6,39,2.3,2000,-10.8,0.0,0.0,0.0,0,1,3,2,0,1,0,0,240
2018-03-21,1,1.5,40,2.8,2000,-10.6,0.0,0.0,0.0,0,1,3,2,0,1,0,0,223
2018-03-21,2,1.4,40,2.9,2000,-10.7,0.0,0.0,0.0,0,1,3,2,0,1,0,0,147
2018-03-21,3,1.3,40,2.1,2000,-10.8,0.0,0.0,0.0,0,1,3,2,0,1,0,0,82
2018-03-21,4,1.3,39,2.3,2000,-11.1,0.0,0.0,0.0,0,1,3,2,0,1,0,0,70
2018-03-21,5,1.3,40,2.3,2000,-10.8,0.0,0.0,0.0,0,1,3,2,0,1,0,0,80
2018-03-21,6,1.4,42,1.7,2000,-10.1,0.0,0.0,0.0,0,1,3,2,0,1,0,0,209
2018-03-21,7,1.4,43,1.5,2000,-9.8,0.0,0.0,0.0,0,1,3,2,0,1,0,0,605
2018-03-21,8,1.6,42,1.8,2000,-9.9,0.13,0.0,0.0,0,1,3,2,0,1,0,0,1097
2018-03-21,9,2.5,40,1.9,2000,-9.7,0.41,0.0,0.0,0,1,3,2,0,1,0,0,614
2018-03-21,10,3.6,37,1.3,2000,-9.7,0.83,0.0,0.0,0,1,3,2,0,1,0,0,374
2018-03-21,11,4.8,35,2.1,2000,-9.4,1.38,0.0,0.0,0,1,3,2,0,1,0,0,339
2018-03-21,12,4.8,51,2.2,1715,-4.5,1.12,0.0,0.0,0,1,3,2,0,1,0,0,333
2018-03-21,13,4.0,64,2.0,1834,-2.2,0.75,0.0,0.0,0,1,3,2,0,1,0,0,196
2018-03-21,14,1.9,89,1.5,102,0.2,0.41,0.0,0.0,0,1,3,2,0,1,0,0,117
2018-03-21,15,2.2,85,1.3,2000,0.0,0.41,0.5,0.0,0,1,3,2,0,1,0,0,184
2018-03-21,16,2.4,79,1.9,1995,-0.8,0.37,0.0,0.0,0,1,3,2,0,1,0,0,241
2018-03-21,17,2.5,78,2.0,2000,-0.9,0.25,0.0,0.0,0,1,3,2,0,1,0,0,319
2018-03-21,18,2.0,77,1.3,2000,-1.6,0.07,0.0,0.0,0,1,3,2,0,1,0,0,615
2018-03-21,19,2.0,81,0.7,2000,-0.9,0.0,0.0,0.0,0,1,3,2,0,1,0,0,402
2018-03-21,20,1.7,85,1.3,396,-0.5,0.0,0.0,0.0,0,1,3,2,0,1,0,0,120
2018-03-21,21,1.2,92,0.7,1474,0.0,0.0,0.5,0.0,0,1,3,2,0,1,0,0,231
2018-03-21,22,1.2,87,0.9,1802,-0.7,0.0,0.0,0.0,0,1,3,2,0,1,0,0,320
2018-03-21,23,1.5,86,1.2,1495,-0.5,0.0,0.0,0.0,0,1,3,2,0,1,0,0,226
2018-03-22,0,1.6,86,1.7,1141,-0.4,0.0,0.0,0.0,0,1,3,3,0,1,0,0,243
2018-03-22,1,1.6,85,2.0,952,-0.6,0.0,0.0,0.0,0,1,3,3,0,1,0,0,247
2018-03-22,2,1.5,86,2.5,782,-0.5,0.0,0.0,0.0,0,1,3,3,0,1,0,0,173
2018-03-22,3,1.3,87,1.7,822,-0.6,0.0,0.0,0.0,0,1,3,3,0,1,0,0,107
2018-03-22,4,1.3,87,2.2,937,-0.6,0.0,0.0,0.0,0,1,3,3,0,1,0,0,75
2018-03-22,5,1.1,88,0.9,927,-0.6,0.0,0.0,0.0,0,1,3,3,0,1,0,0,81
2018-03-22,6,0.8,88,1.0,900,-0.9,0.0,0.0,0.0,0,1,3,3,0,1,0,0,212
2018-03-22,7,0.6,85,1.5,1321,-1.6,0.01,0.0,0.0,0,1,3,3,0,1,0,0,600
2018-03-22,8,1.1,79,1.7,1480,-2.1,0.36,0.0,0.0,0,1,3,3,0,1,0,0,1174
2018-03-22,9,2.5,67,1.3,1472,-3.0,1.11,0.0,0.0,0,1,3,3,0,1,0,0,653
2018-03-22,10,4.9,56,1.9,1480,-3.1,1.76,0.0,0.0,0,1,3,3,0,1,0,0,446
2018-03-22,11,6.9,46,2.1,1541,-3.9,2.33,0.0,0.0,0,1,3,3,0,1,0,0,565
2018-03-22,12,8.3,36,2.5,1665,-5.9,2.7,0.0,0.0,0,1,3,3,0,1,0,0,668
2018-03-22,13,9.9,29,3.2,1641,-7.3,2.91,0.0,0.0,0,1,3,3,0,1,0,0,648
2018-03-22,14,11.4,30,3.1,1672,-5.5,2.82,0.0,0.0,0,1,3,3,0,1,0,0,674
2018-03-22,15,10.7,34,4.5,1850,-4.5,2.51,0.0,0.0,0,1,3,3,0,1,0,0,758
2018-03-22,16,10.3,34,3.8,1850,-4.9,1.93,0.0,0.0,0,1,3,3,0,1,0,0,752
2018-03-22,17,9.6,38,3.2,1606,-4.0,1.35,0.0,0.0,0,1,3,3,0,1,0,0,999
2018-03-22,18,7.9,46,3.1,1057,-3.0,0.58,0.0,0.0,0,1,3,3,0,1,0,0,1495
2018-03-22,19,6.2,54,1.8,883,-2.4,0.08,0.0,0.0,0,1,3,3,0,1,0,0,923
2018-03-22,20,5.1,56,2.0,899,-2.9,0.0,0.0,0.0,0,1,3,3,0,1,0,0,739
2018-03-22,21,4.5,62,2.0,826,-2.1,0.0,0.0,0.0,0,1,3,3,0,1,0,0,726
2018-03-22,22,3.9,66,2.7,990,-1.8,0.0,0.0,0.0,0,1,3,3,0,1,0,0,621
2018-03-22,23,3.4,69,1.1,895,-1.7,0.0,0.0,0.0,0,1,3,3,0,1,0,0,428
2018-03-23,0,2.9,72,1.3,903,-1.6,0.0,0.0,0.0,0,1,3,4,0,1,0,0,335
2018-03-23,1,2.5,75,1.5,786,-1.4,0.0,0.0,0.0,0,1,3,4,0,1,0,0,283
2018-03-23,2,2.2,80,1.4,615,-0.8,0.0,0.0,0.0,0,1,3,4,0,1,0,0,216
2018-03-23,3,1.9,81,1.1,525,-1.0,0.0,0.0,0.0,0,1,3,4,0,1,0,0,128
2018-03-23,4,2.0,80,0.8,474,-1.0,0.0,0.0,0.0,0,1,3,4,0,1,0,0,92
2018-03-23,5,2.2,79,0.8,553,-1.0,0.0,0.0,0.0,0,1,3,4,0,1,0,0,95
2018-03-23,6,2.3,80,0.7,546,-0.8,0.0,0.0,0.0,0,1,3,4,0,1,0,0,243
2018-03-23,7,2.5,79,1.4,536,-0.7,0.01,0.0,0.0,0,1,3,4,0,1,0,0,661
2018-03-23,8,2.6,77,1.3,567,-1.0,0.21,0.0,0.0,0,1,3,4,0,1,0,0,1216
2018-03-23,9,3.3,72,1.4,618,-1.2,0.61,0.0,0.0,0,1,3,4,0,1,0,0,664
2018-03-23,10,5.4,64,1.6,637,-0.8,1.7,0.0,0.0,0,1,3,4,0,1,0,0,461
2018-03-23,11,7.1,50,1.7,799,-2.6,2.24,0.0,0.0,0,1,3,4,0,1,0,0,584
2018-03-23,12,9.3,37,2.3,940,-4.6,2.72,0.0,0.0,0,1,3,4,0,1,0,0,690
2018-03-23,13,10.9,36,2.1,1073,-3.6,2.87,0.0,0.0,0,1,3,4,0,1,0,0,682
2018-03-23,14,12.4,33,2.9,811,-3.4,2.71,0.0,0.0,0,1,3,4,0,1,0,0,758
2018-03-23,15,12.1,30,3.0,1120,-4.9,2.41,0.0,0.0,0,1,3,4,0,1,0,0,849
2018-03-23,16,12.2,24,2.8,1655,-7.8,1.98,0.0,0.0,0,1,3,4,0,1,0,0,901
2018-03-23,17,11.2,27,3.5,1585,-7.1,1.19,0.0,0.0,0,1,3,4,0,1,0,0,1108
2018-03-23,18,9.7,36,3.6,948,-4.6,0.37,0.0,0.0,0,1,3,4,0,1,0,0,1611
2018-03-23,19,8.3,48,3.0,779,-2.0,0.06,0.0,0.0,0,1,3,4,0,1,0,0,932
2018-03-23,20,6.7,48,2.6,774,-3.5,0.0,0.0,0.0,0,1,3,4,0,1,0,0,724
2018-03-23,21,5.8,60,2.2,650,-1.3,0.0,0.0,0.0,0,1,3,4,0,1,0,0,676
2018-03-23,22,5.3,63,1.8,591,-1.1,0.0,0.0,0.0,0,1,3,4,0,1,0,0,638
2018-03-23,23,5.0,42,1.7,717,-6.8,0.0,0.0,0.0,0,1,3,4,0,1,0,0,422
2018-03-24,0,4.7,46,1.7,746,-5.9,0.0,0.0,0.0,0,1,3,5,0,1,0,0,403
2018-03-24,1,4.7,51,1.1,728,-4.5,0.0,0.0,0.0,0,1,3,5,0,1,0,0,360
2018-03-24,2,5.0,50,1.7,669,-4.5,0.0,0.0,0.0,0,1,3,5,0,1,0,0,305
2018-03-24,3,5.0,51,0.8,659,-4.3,0.0,0.0,0.0,0,1,3,5,0,1,0,0,197
2018-03-24,4,5.1,54,1.2,550,-3.4,0.0,0.0,0.0,0,1,3,5,0,1,0,0,122
2018-03-24,5,4.7,54,1.3,543,-3.8,0.0,0.0,0.0,0,1,3,5,0,1,0,0,82
2018-03-24,6,4.2,50,0.6,633,-5.3,0.0,0.0,0.0,0,1,3,5,0,1,0,0,113
2018-03-24,7,4.0,54,0.9,587,-4.4,0.01,0.0,0.0,0,1,3,5,0,1,0,0,198
2018-03-24,8,4.5,49,0.4,580,-5.3,0.19,0.0,0.0,0,1,3,5,0,1,0,0,424
2018-03-24,9,6.5,40,2.5,588,-6.1,0.69,0.0,0.0,0,1,3,5,0,1,0,0,456
2018-03-24,10,7.2,43,1.5,559,-4.5,0.42,0.0,0.0,0,1,3,5,0,1,0,0,494
2018-03-24,11,9.0,56,2.0,399,0.6,1.11,0.0,0.0,0,1,3,5,0,1,0,0,589
2018-03-24,12,10.6,52,3.1,390,1.1,2.27,0.0,0.0,0,1,3,5,0,1,0,0,806
2018-03-24,13,12.4,50,2.5,379,2.2,2.48,0.0,0.0,0,1,3,5,0,1,0,0,880
2018-03-24,14,12.7,55,3.4,378,3.8,2.42,0.0,0.0,0,1,3,5,0,1,0,0,855
2018-03-24,15,12.4,58,4.1,404,4.3,2.26,0.0,0.0,0,1,3,5,0,1,0,0,1025
2018-03-24,16,12.3,61,3.4,359,4.9,1.82,0.0,0.0,0,1,3,5,0,1,0,0,947
2018-03-24,17,11.1,66,4.2,367,4.9,1.18,0.0,0.0,0,1,3,5,0,1,0,0,916
2018-03-24,18,9.0,76,3.0,288,4.9,0.45,0.0,0.0,0,1,3,5,0,1,0,0,736
2018-03-24,19,7.7,80,2.8,234,4.4,0.05,0.0,0.0,0,1,3,5,0,1,0,0,521
2018-03-24,20,7.1,83,3.3,203,4.4,0.0,0.0,0.0,0,1,3,5,0,1,0,0,513
2018-03-24,21,6.7,84,2.8,193,4.1,0.0,0.0,0.0,0,1,3,5,0,1,0,0,487
2018-03-24,22,6.5,85,2.3,167,4.1,0.0,0.0,0.0,0,1,3,5,0,1,0,0,460
2018-03-24,23,6.4,85,2.3,155,4.0,0.0,0.0,0.0,0,1,3,5,0,1,0,0,354
2018-03-25,0,6.4,84,1.4,171,3.8,0.0,0.0,0.0,0,1,3,6,0,1,0,0,372
2018-03-25,1,6.4,82,1.2,186,3.5,0.0,0.0,0.0,0,1,3,6,0,1,0,0,267
2018-03-25,2,6.0,82,1.3,198,3.1,0.0,0.0,0.0,0,1,3,6,0,1,0,0,195
2018-03-25,3,5.5,83,0.9,186,2.8,0.0,0.0,0.0,0,1,3,6,0,1,0,0,139
2018-03-25,4,5.3,82,1.0,200,2.4,0.0,0.0,0.0,0,1,3,6,0,1,0,0,90
2018-03-25,5,5.0,83,0.7,200,2.3,0.0,0.0,0.0,0,1,3,6,0,1,0,0,60
2018-03-25,6,4.6,84,0.7,193,2.1,0.0,0.0,0.0,0,1,3,6,0,1,0,0,71
2018-03-25,7,4.7,82,1.3,198,1.8,0.02,0.0,0.0,0,1,3,6,0,1,0,0,137
2018-03-25,8,5.0,79,1.1,203,1.6,0.23,0.0,0.0,0,1,3,6,0,1,0,0,225
2018-03-25,9,6.3,73,1.3,218,1.8,0.79,0.0,0.0,0,1,3,6,0,1,0,0,331
2018-03-25,10,8.4,65,1.8,229,2.1,1.67,0.0,0.0,0,1,3,6,0,1,0,0,359
2018-03-25,11,10.7,56,2.0,261,2.2,2.27,0.0,0.0,0,1,3,6,0,1,0,0,466
2018-03-25,12,12.7,45,1.3,321,1.0,2.63,0.0,0.0,0,1,3,6,0,1,0,0,626
2018-03-25,13,14.6,38,1.9,315,0.4,2.75,0.0,0.0,0,1,3,6,0,1,0,0,784
2018-03-25,14,16.1,37,2.4,315,1.3,2.62,0.0,0.0,0,1,3,6,0,1,0,0,882
2018-03-25,15,16.7,38,3.1,265,2.2,2.27,0.0,0.0,0,1,3,6,0,1,0,0,960
2018-03-25,16,16.5,39,3.1,366,2.4,1.91,0.0,0.0,0,1,3,6,0,1,0,0,1031
2018-03-25,17,15.8,40,2.3,481,2.2,1.28,0.0,0.0,0,1,3,6,0,1,0,0,911
2018-03-25,18,14.4,44,2.7,596,2.2,0.6,0.0,0.0,0,1,3,6,0,1,0,0,768
2018-03-25,19,12.6,59,2.5,384,4.7,0.08,0.0,0.0,0,1,3,6,0,1,0,0,571
2018-03-25,20,10.7,70,2.8,236,5.4,0.0,0.0,0.0,0,1,3,6,0,1,0,0,502
2018-03-25,21,9.8,74,2.2,219,5.3,0.0,0.0,0.0,0,1,3,6,0,1,0,0,456
2018-03-25,22,8.8,79,2.0,203,5.3,0.0,0.0,0.0,0,1,3,6,0,1,0,0,424
2018-03-25,23,8.0,82,1.3,196,5.1,0.0,0.0,0.0,0,1,3,6,0,1,0,0,336
2018-03-26,0,7.1,84,2.3,185,4.5,0.0,0.0,0.0,0,1,3,0,0,1,0,0,244
2018-03-26,1,6.3,87,1.8,153,4.2,0.0,0.0,0.0,0,1,3,0,0,1,0,0,185
2018-03-26,2,5.4,95,1.5,89,4.6,0.0,0.0,0.0,0,1,3,0,0,1,0,0,93
2018-03-26,3,5.5,96,1.6,72,4.9,0.0,0.0,0.0,0,1,3,0,0,1,0,0,62
2018-03-26,4,5.5,96,2.0,53,4.9,0.0,0.0,0.0,0,1,3,0,0,1,0,0,65
2018-03-26,5,5.4,97,1.5,38,4.9,0.0,0.0,0.0,0,1,3,0,0,1,0,0,98
2018-03-26,6,5.7,97,0.5,80,5.2,0.0,0.0,0.0,0,1,3,0,0,1,0,0,227
2018-03-26,7,6.0,96,0.6,94,5.4,0.0,0.0,0.0,0,1,3,0,0,1,0,0,581
2018-03-26,8,6.4,90,1.4,117,4.8,0.13,0.0,0.0,0,1,3,0,0,1,0,0,983
2018-03-26,9,7.6,82,0.7,147,4.7,0.55,0.0,0.0,0,1,3,0,0,1,0,0,540
2018-03-26,10,10.0,70,1.0,187,4.7,1.57,0.0,0.0,0,1,3,0,0,1,0,0,415
2018-03-26,11,12.6,60,2.4,281,5.0,2.23,0.0,0.0,0,1,3,0,0,1,0,0,422
2018-03-26,12,14.6,53,2.5,348,5.1,2.65,0.0,0.0,0,1,3,0,0,1,0,0,492
2018-03-26,13,16.0,47,2.5,459,4.6,2.8,0.0,0.0,0,1,3,0,0,1,0,0,504
2018-03-26,14,17.4,39,2.9,520,3.2,2.7,0.0,0.0,0,1,3,0,0,1,0,0,575
2018-03-26,15,17.6,33,3.6,985,1.1,2.44,0.0,0.0,0,1,3,0,0,1,0,0,604
2018-03-26,16,17.7,33,3.4,897,1.2,1.96,0.0,0.0,0,1,3,0,0,1,0,0,819
2018-03-26,17,17.1,31,3.3,1075,-0.1,1.33,0.0,0.0,0,1,3,0,0,1,0,0,925
2018-03-26,18,16.0,33,2.9,1138,-0.2,0.6,0.0,0.0,0,1,3,0,0,1,0,0,1477
2018-03-26,19,14.3,37,3.1,1247,-0.2,0.1,0.0,0.0,0,1,3,0,0,1,0,0,1031
2018-03-26,20,12.9,42,2.8,1047,0.2,0.0,0.0,0.0,0,1,3,0,0,1,0,0,835
2018-03-26,21,11.6,54,1.5,693,2.5,0.0,0.0,0.0,0,1,3,0,0,1,0,0,798
2018-03-26,22,10.7,58,1.4,600,2.7,0.0,0.0,0.0,0,1,3,0,0,1,0,0,662
2018-03-26,23,9.8,62,0.6,535,2.8,0.0,0.0,0.0,0,1,3,0,0,1,0,0,447
2018-03-27,0,9.0,68,1.1,426,3.3,0.0,0.0,0.0,0,1,3,1,0,1,0,0,380
2018-03-27,1,8.7,70,0.9,398,3.5,0.0,0.0,0.0,0,1,3,1,0,1,0,0,278
2018-03-27,2,8.3,70,0.8,394,3.1,0.0,0.0,0.0,0,1,3,1,0,1,0,0,163
2018-03-27,3,8.1,71,0.9,378,3.1,0.0,0.0,0.0,0,1,3,1,0,1,0,0,127
2018-03-27,4,7.8,70,0.3,395,2.6,0.0,0.0,0.0,0,1,3,1,0,1,0,0,95
2018-03-27,5,8.0,63,0.8,439,1.3,0.0,0.0,0.0,0,1,3,1,0,1,0,0,110
2018-03-27,6,8.1,66,0.6,415,2.1,0.0,0.0,0.0,0,1,3,1,0,1,0,0,231
2018-03-27,7,8.5,67,0.7,475,2.7,0.02,0.0,0.0,0,1,3,1,0,1,0,0,705
2018-03-27,8,9.3,62,0.6,519,2.3,0.25,0.0,0.0,0,1,3,1,0,1,0,0,1201
2018-03-27,9,11.6,51,0.8,498,1.7,0.84,0.0,0.0,0,1,3,1,0,1,0,0,699
2018-03-27,10,13.9,40,0.8,586,0.5,1.6,0.0,0.0,0,1,3,1,0,1,0,0,462
2018-03-27,11,15.8,40,1.9,647,2.2,1.95,0.0,0.0,0,1,3,1,0,1,0,0,560
2018-03-27,12,16.7,47,2.4,620,5.3,1.76,0.0,0.0,0,1,3,1,0,1,0,0,586
2018-03-27,13,18.6,46,2.1,642,6.7,2.54,0.0,0.0,0,1,3,1,0,1,0,0,563
2018-03-27,14,19.4,45,2.0,624,7.1,2.05,0.0,0.0,0,1,3,1,0,1,0,0,618
2018-03-27,15,19.9,45,2.7,676,7.6,1.79,0.0,0.0,0,1,3,1,0,1,0,0,636
2018-03-27,16,19.5,50,3.4,613,8.7,1.6,0.0,0.0,0,1,3,1,0,1,0,0,774
2018-03-27,17,18.4,54,3.2,605,8.9,1.05,0.0,0.0,0,1,3,1,0,1,0,0,960
2018-03-27,18,16.8,60,3.1,580,8.9,0.46,0.0,0.0,0,1,3,1,0,1,0,0,1521
2018-03-27,19,15.0,67,2.6,452,8.9,0.07,0.0,0.0,0,1,3,1,0,1,0,0,1020
2018-03-27,20,13.9,72,2.4,385,8.9,0.0,0.0,0.0,0,1,3,1,0,1,0,0,864
2018-03-27,21,13.4,73,1.5,325,8.6,0.0,0.0,0.0,0,1,3,1,0,1,0,0,866
2018-03-27,22,12.9,75,1.3,326,8.5,0.0,0.0,0.0,0,1,3,1,0,1,0,0,764
2018-03-27,23,12.4,74,1.5,356,7.8,0.0,0.0,0.0,0,1,3,1,0,1,0,0,527
2018-03-28,0,12.0,76,0.8,346,7.8,0.0,0.0,0.0,0,1,3,2,0,1,0,0,400
2018-03-28,1,11.6,74,1.2,374,7.1,0.0,0.0,0.0,0,1,3,2,0,1,0,0,337
2018-03-28,2,11.5,75,1.9,399,7.2,0.0,0.0,0.0,0,1,3,2,0,1,0,0,225
2018-03-28,3,10.9,79,0.8,383,7.3,0.0,0.0,0.0,0,1,3,2,0,1,0,0,150
2018-03-28,4,10.6,77,0.9,422,6.7,0.0,0.0,0.0,0,1,3,2,0,1,0,0,104
2018-03-28,5,10.2,80,0.8,366,6.8,0.0,0.0,0.0,0,1,3,2,0,1,0,0,107
2018-03-28,6,9.6,84,0.7,301,7.0,0.0,0.0,0.0,0,1,3,2,0,1,0,0,258
2018-03-28,7,9.6,82,1.1,284,6.6,0.04,0.0,0.0,0,1,3,2,0,1,0,0,741
2018-03-28,8,10.3,77,0.7,341,6.4,0.37,0.0,0.0,0,1,3,2,0,1,0,0,1353
2018-03-28,9,12.4,66,1.0,546,6.2,0.91,0.0,0.0,0,1,3,2,0,1,0,0,723
2018-03-28,10,14.7,62,2.9,684,7.4,1.59,0.0,0.0,0,1,3,2,0,1,0,0,494
2018-03-28,11,15.6,60,3.7,817,7.8,1.44,0.0,0.0,0,1,3,2,0,1,0,0,588
2018-03-28,12,16.5,57,3.8,881,7.9,1.55,0.0,0.0,0,1,3,2,0,1,0,0,629
2018-03-28,13,17.5,54,3.1,1065,8.0,1.63,0.0,0.0,0,1,3,2,0,1,0,0,723
2018-03-28,14,18.6,46,4.4,1664,6.7,2.14,0.0,0.0,0,1,3,2,0,1,0,0,698
2018-03-28,15,18.2,45,4.1,1908,6.0,1.86,0.0,0.0,0,1,3,2,0,1,0,0,785
2018-03-28,16,18.3,43,4.3,1931,5.4,1.3,0.0,0.0,0,1,3,2,0,1,0,0,943
2018-03-28,17,17.6,45,4.2,1947,5.5,0.7,0.0,0.0,0,1,3,2,0,1,0,0,1221
2018-03-28,18,17.0,53,3.1,1855,7.3,0.35,0.0,0.0,0,1,3,2,0,1,0,0,1839
2018-03-28,19,16.0,60,2.8,1436,8.2,0.06,0.0,0.0,0,1,3,2,0,1,0,0,1288
2018-03-28,20,15.2,65,2.2,988,8.6,0.0,0.0,0.0,0,1,3,2,0,1,0,0,1133
2018-03-28,21,14.2,70,0.8,723,8.7,0.0,0.0,0.0,0,1,3,2,0,1,0,0,1035
2018-03-28,22,13.6,73,2.0,644,8.8,0.0,0.0,0.0,0,1,3,2,0,1,0,0,907
2018-03-28,23,13.5,74,1.2,603,8.9,0.0,0.0,0.0,0,1,3,2,0,1,0,0,614
2018-03-29,0,13.4,77,1.5,537,9.4,0.0,0.0,0.0,0,1,3,3,0,1,0,0,466
2018-03-29,1,13.0,81,1.9,484,9.8,0.0,0.0,0.0,0,1,3,3,0,1,0,0,390
2018-03-29,2,12.9,83,1.6,369,10.0,0.0,0.0,0.0,0,1,3,3,0,1,0,0,254
2018-03-29,3,12.7,80,0.4,384,9.3,0.0,0.0,0.0,0,1,3,3,0,1,0,0,170
2018-03-29,4,12.8,81,0.2,418,9.6,0.0,0.0,0.0,0,1,3,3,0,1,0,0,109
2018-03-29,5,12.7,83,0.8,392,9.8,0.0,0.0,0.0,0,1,3,3,0,1,0,0,106
2018-03-29,6,12.6,83,0.5,332,9.7,0.0,0.0,0.0,0,1,3,3,0,1,0,0,274
2018-03-29,7,12.8,82,0.6,370,9.7,0.01,0.0,0.0,0,1,3,3,0,1,0,0,781
2018-03-29,8,13.3,80,1.2,369,9.9,0.14,0.0,0.0,0,1,3,3,0,1,0,0,1281
2018-03-29,9,13.5,79,1.9,382,9.9,0.2,0.0,0.0,0,1,3,3,0,1,0,0,757
2018-03-29,10,15.0,69,1.5,552,9.3,1.02,0.0,0.0,0,1,3,3,0,1,0,0,482
2018-03-29,11,16.1,63,1.2,555,9.0,1.08,0.0,0.0,0,1,3,3,0,1,0,0,583
2018-03-29,12,18.2,55,2.3,594,9.0,2.24,0.0,0.0,0,1,3,3,0,1,0,0,714
2018-03-29,13,19.5,48,1.9,596,8.1,2.32,0.0,0.0,0,1,3,3,0,1,0,0,716
2018-03-29,14,20.2,47,2.4,541,8.5,2.3,0.0,0.0,0,1,3,3,0,1,0,0,711
2018-03-29,15,20.8,42,3.1,576,7.4,2.1,0.0,0.0,0,1,3,3,0,1,0,0,781
2018-03-29,16,20.7,38,2.2,741,5.8,1.63,0.0,0.0,0,1,3,3,0,1,0,0,957
2018-03-29,17,20.3,48,2.8,635,8.9,1.14,0.0,0.0,0,1,3,3,0,1,0,0,1194
2018-03-29,18,19.1,47,2.4,942,7.5,0.57,0.0,0.0,0,1,3,3,0,1,0,0,1776
2018-03-29,19,17.5,61,2.2,758,9.8,0.11,0.0,0.0,0,1,3,3,0,1,0,0,1260
2018-03-29,20,15.6,64,2.7,686,8.8,0.0,0.0,0.0,0,1,3,3,0,1,0,0,1079
2018-03-29,21,14.4,66,1.7,677,8.1,0.0,0.0,0.0,0,1,3,3,0,1,0,0,1046
2018-03-29,22,13.3,71,2.1,581,8.1,0.0,0.0,0.0,0,1,3,3,0,1,0,0,949
2018-03-29,23,12.7,75,1.6,475,8.3,0.0,0.0,0.0,0,1,3,3,0,1,0,0,614
2018-03-30,0,11.8,78,0.6,438,8.0,0.0,0.0,0.0,0,1,3,4,0,1,0,0,490
2018-03-30,1,11.4,77,0.7,466,7.5,0.0,0.0,0.0,0,1,3,4,0,1,0,0,401
2018-03-30,2,10.8,72,0.4,639,5.9,0.0,0.0,0.0,0,1,3,4,0,1,0,0,261
2018-03-30,3,10.3,68,0.7,887,4.6,0.0,0.0,0.0,0,1,3,4,0,1,0,0,184
2018-03-30,4,9.9,67,1.1,820,4.0,0.0,0.0,0.0,0,1,3,4,0,1,0,0,115
2018-03-30,5,10.4,62,1.8,911,3.4,0.0,0.0,0.0,0,1,3,4,0,1,0,0,117
2018-03-30,6,10.3,70,1.2,555,5.0,0.0,0.0,0.0,0,1,3,4,0,1,0,0,284
2018-03-30,7,10.5,70,1.1,483,5.2,0.04,0.0,0.0,0,1,3,4,0,1,0,0,747
2018-03-30,8,11.5,60,1.6,550,3.9,0.42,0.0,0.0,0,1,3,4,0,1,0,0,1406
2018-03-30,9,13.7,46,1.3,972,2.2,1.08,0.0,0.0,0,1,3,4,0,1,0,0,772
2018-03-30,10,16.0,29,1.4,1708,-2.0,1.79,0.0,0.0,0,1,3,4,0,1,0,0,583
2018-03-30,11,17.8,26,2.6,1822,-1.9,2.37,0.0,0.0,0,1,3,4,0,1,0,0,739
2018-03-30,12,19.1,26,1.6,1704,-0.8,2.73,0.0,0.0,0,1,3,4,0,1,0,0,939
2018-03-30,13,20.3,27,1.4,1464,0.6,2.87,0.0,0.0,0,1,3,4,0,1,0,0,860
2018-03-30,14,21.0,28,2.8,1191,1.7,2.75,0.0,0.0,0,1,3,4,0,1,0,0,965
2018-03-30,15,21.8,28,2.3,1162,2.4,2.4,0.0,0.0,0,1,3,4,0,1,0,0,1068
2018-03-30,16,20.7,36,3.6,811,5.0,1.82,0.0,0.0,0,1,3,4,0,1,0,0,1156
2018-03-30,17,19.4,45,2.9,778,7.1,1.13,0.0,0.0,0,1,3,4,0,1,0,0,1460
2018-03-30,18,17.4,57,3.1,657,8.7,0.52,0.0,0.0,0,1,3,4,0,1,0,0,1935
2018-03-30,19,15.2,60,3.2,1081,7.4,0.09,0.0,0.0,0,1,3,4,0,1,0,0,1268
2018-03-30,20,14.3,63,2.6,936,7.3,0.0,0.0,0.0,0,1,3,4,0,1,0,0,1045
2018-03-30,21,13.7,73,1.8,658,8.9,0.0,0.0,0.0,0,1,3,4,0,1,0,0,948
2018-03-30,22,12.7,76,1.5,521,8.5,0.0,0.0,0.0,0,1,3,4,0,1,0,0,880
2018-03-30,23,12.1,77,1.4,540,8.1,0.0,0.0,0.0,0,1,3,4,0,1,0,0,678
2018-03-31,0,11.7,77,1.3,588,7.7,0.0,0.0,0.0,0,1,3,5,0,1,0,0,537
2018-03-31,1,11.5,77,2.0,593,7.6,0.0,0.0,0.0,0,1,3,5,0,1,0,0,502
2018-03-31,2,11.0,73,1.5,816,6.3,0.0,0.0,0.0,0,1,3,5,0,1,0,0,397
2018-03-31,3,10.7,74,1.7,712,6.2,0.0,0.0,0.0,0,1,3,5,0,1,0,0,264
2018-03-31,4,10.4,73,1.7,801,5.7,0.0,0.0,0.0,0,1,3,5,0,1,0,0,163
2018-03-31,5,9.8,73,0.8,1098,5.1,0.0,0.0,0.0,0,1,3,5,0,1,0,0,108
2018-03-31,6,9.4,75,0.9,1117,5.1,0.0,0.0,0.0,0,1,3,5,0,1,0,0,142
2018-03-31,7,9.5,72,0.2,1017,4.6,0.04,0.0,0.0,0,1,3,5,0,1,0,0,264
2018-03-31,8,10.4,65,0.8,979,4.0,0.41,0.0,0.0,0,1,3,5,0,1,0,0,489
2018-03-31,9,12.6,57,0.9,859,4.2,0.98,0.0,0.0,0,1,3,5,0,1,0,0,642
2018-03-31,10,14.7,53,0.9,831,5.2,1.59,0.0,0.0,0,1,3,5,0,1,0,0,618
2018-03-31,11,16.7,45,1.9,1054,4.6,2.07,0.0,0.0,0,1,3,5,0,1,0,0,824
2018-03-31,12,18.2,38,4.2,1189,3.6,2.41,0.0,0.0,0,1,3,5,0,1,0,0,1072
2018-03-31,13,19.3,37,3.0,1257,4.2,2.53,0.0,0.0,0,1,3,5,0,1,0,0,1218
2018-03-31,14,20.1,30,3.0,1554,1.9,2.57,0.0,0.0,0,1,3,5,0,1,0,0,1381
2018-03-31,15,18.9,28,3.7,1769,0.0,2.09,0.0,0.0,0,1,3,5,0,1,0,0,1542
2018-03-31,16,18.0,32,3.0,1836,1.0,1.03,0.0,0.0,0,1,3,5,0,1,0,0,1578
2018-03-31,17,17.3,36,3.4,1722,2.0,0.8,0.0,0.0,0,1,3,5,0,1,0,0,1531
2018-03-31,18,16.6,33,2.6,1867,0.2,0.48,0.0,0.0,0,1,3,5,0,1,0,0,1391
2018-03-31,19,15.3,41,2.0,1751,2.1,0.08,0.0,0.0,0,1,3,5,0,1,0,0,1025
2018-03-31,20,14.0,45,1.6,1729,2.2,0.0,0.0,0.0,0,1,3,5,0,1,0,0,972
2018-03-31,21,13.3,48,1.6,1582,2.5,0.0,0.0,0.0,0,1,3,5,0,1,0,0,1010
2018-03-31,22,12.8,52,1.5,1616,3.1,0.0,0.0,0.0,0,1,3,5,0,1,0,0,922
2018-03-31,23,12.4,63,1.3,1201,5.5,0.0,0.0,0.0,0,1,3,5,0,1,0,0,655
2018-04-01,0,12.1,70,0.8,1050,6.7,0.0,0.0,0.0,0,1,4,6,0,1,0,0,579
2018-04-01,1,11.7,74,0.5,979,7.2,0.0,0.0,0.0,0,1,4,6,0,1,0,0,453
2018-04-01,2,11.7,72,0.6,915,6.8,0.0,0.0,0.0,0,1,4,6,0,1,0,0,322
2018-04-01,3,11.9,71,0.7,853,6.7,0.0,0.0,0.0,0,1,4,6,0,1,0,0,221
2018-04-01,4,12.1,69,0.3,827,6.5,0.0,0.0,0.0,0,1,4,6,0,1,0,0,147
2018-04-01,5,12.3,65,0.5,1085,5.8,0.0,0.0,0.0,0,1,4,6,0,1,0,0,96
2018-04-01,6,12.4,61,0.4,1131,5.0,0.0,0.0,0.0,0,1,4,6,0,1,0,0,110
2018-04-01,7,12.5,62,0.4,1003,5.4,0.0,0.0,0.0,0,1,4,6,0,1,0,0,169
2018-04-01,8,12.9,64,1.5,778,6.2,0.06,0.0,0.0,0,1,4,6,0,1,0,0,342
2018-04-01,9,13.5,66,1.8,934,7.2,0.16,0.0,0.0,0,1,4,6,0,1,0,0,485
2018-04-01,10,14.7,61,2.0,945,7.2,0.64,0.0,0.0,0,1,4,6,0,1,0,0,566
2018-04-01,11,16.7,55,2.1,1182,7.6,1.37,0.0,0.0,0,1,4,6,0,1,0,0,737
2018-04-01,12,18.0,53,3.1,1350,8.2,1.53,0.0,0.0,0,1,4,6,0,1,0,0,926
2018-04-01,13,17.9,60,2.2,1248,10.0,0.86,0.0,0.0,0,1,4,6,0,1,0,0,1156
2018-04-01,14,17.5,67,2.1,832,11.2,0.42,0.0,0.0,0,1,4,6,0,1,0,0,1201
2018-04-01,15,18.2,63,2.2,687,11.0,0.72,0.0,0.0,0,1,4,6,0,1,0,0,1349
2018-04-01,16,18.2,69,3.2,625,12.4,0.87,0.0,0.0,0,1,4,6,0,1,0,0,1409
2018-04-01,17,18.0,72,1.8,559,12.8,0.47,0.0,0.0,0,1,4,6,0,1,0,0,1362
2018-04-01,18,17.7,75,2.1,519,13.2,0.12,0.0,0.0,0,1,4,6,0,1,0,0,1296
2018-04-01,19,17.4,79,2.3,614,13.7,0.03,0.0,0.0,0,1,4,6,0,1,0,0,1066
2018-04-01,20,17.1,80,1.5,480,13.6,0.0,0.0,0.0,0,1,4,6,0,1,0,0,984
2018-04-01,21,16.9,81,1.9,472,13.6,0.0,0.0,0.0,0,1,4,6,0,1,0,0,983
2018-04-01,22,16.7,83,2.4,416,13.7,0.0,0.0,0.0,0,1,4,6,0,1,0,0,841
2018-04-01,23,16.3,82,1.3,480,13.2,0.0,0.0,0.0,0,1,4,6,0,1,0,0,588
2018-04-02,0,16.1,80,1.9,605,12.6,0.0,0.0,0.0,0,1,4,0,0,1,0,0,468
2018-04-02,1,16.0,79,1.0,716,12.3,0.0,0.0,0.0,0,1,4,0,0,1,0,0,295
2018-04-02,2,15.7,81,1.4,694,12.4,0.0,0.0,0.0,0,1,4,0,0,1,0,0,155
2018-04-02,3,15.6,81,1.2,628,12.3,0.0,0.0,0.0,0,1,4,0,0,1,0,0,111
2018-04-02,4,15.7,79,1.2,628,12.0,0.0,0.0,0.0,0,1,4,0,0,1,0,0,86
2018-04-02,5,15.3,82,1.4,508,12.2,0.0,0.0,0.0,0,1,4,0,0,1,0,0,125
2018-04-02,6,14.9,81,0.4,580,11.6,0.0,0.0,0.0,0,1,4,0,0,1,0,0,359
2018-04-02,7,15.1,80,1.0,623,11.6,0.01,0.0,0.0,0,1,4,0,0,1,0,0,918
2018-04-02,8,15.7,75,1.1,804,11.2,0.11,0.0,0.0,0,1,4,0,0,1,0,0,1469
2018-04-02,9,16.6,70,1.5,945,11.0,0.3,0.0,0.0,0,1,4,0,0,1,0,0,806
2018-04-02,10,17.5,66,1.3,1059,11.0,0.55,0.0,0.0,0,1,4,0,0,1,0,0,579
2018-04-02,11,18.5,61,1.6,1301,10.8,0.95,0.0,0.0,0,1,4,0,0,1,0,0,662
2018-04-02,12,20.8,50,2.0,1240,9.9,1.82,0.0,0.0,0,1,4,0,0,1,0,0,818
2018-04-02,13,21.9,48,2.5,1113,10.3,2.14,0.0,0.0,0,1,4,0,0,1,0,0,818
2018-04-02,14,23.0,42,3.4,1315,9.3,2.1,0.0,0.0,0,1,4,0,0,1,0,0,920
2018-04-02,15,23.7,43,2.8,1347,10.3,2.28,0.0,0.0,0,1,4,0,0,1,0,0,993
2018-04-02,16,23.0,47,4.1,1417,11.0,2.0,0.0,0.0,0,1,4,0,0,1,0,0,1218
2018-04-02,17,22.0,49,3.7,1582,10.7,1.28,0.0,0.0,0,1,4,0,0,1,0,0,1569
2018-04-02,18,20.7,54,4.1,1484,11.0,0.5,0.0,0.0,0,1,4,0,0,1,0,0,2401
2018-04-02,19,19.1,60,3.4,1592,11.1,0.1,0.0,0.0,0,1,4,0,0,1,0,0,1779
2018-04-02,20,18.2,65,1.8,1563,11.5,0.0,0.0,0.0,0,1,4,0,0,1,0,0,1517
2018-04-02,21,17.9,64,2.1,1652,10.9,0.0,0.0,0.0,0,1,4,0,0,1,0,0,1503
2018-04-02,22,17.4,66,2.3,1565,10.9,0.0,0.0,0.0,0,1,4,0,0,1,0,0,1213
2018-04-02,23,16.8,70,0.9,1426,11.2,0.0,0.0,0.0,0,1,4,0,0,1,0,0,803
2018-04-03,0,16.8,69,0.8,1395,11.0,0.0,0.0,0.0,0,1,4,1,0,1,0,0,532
2018-04-03,1,17.1,72,1.7,1353,12.0,0.0,0.0,0.0,0,1,4,1,0,1,0,0,430
2018-04-03,2,17.0,73,1.6,1184,12.1,0.0,0.0,0.0,0,1,4,1,0,1,0,0,275
2018-04-03,3,17.0,74,1.7,1294,12.3,0.0,0.0,0.0,0,1,4,1,0,1,0,0,156
2018-04-03,4,16.9,74,1.2,1199,12.2,0.0,0.0,0.0,0,1,4,1,0,1,0,0,124
2018-04-03,5,16.9,73,1.6,1275,12.0,0.0,0.0,0.0,0,1,4,1,0,1,0,0,163
2018-04-03,6,16.8,74,1.2,1265,12.1,0.0,0.0,0.0,0,1,4,1,0,1,0,0,388
2018-04-03,7,16.8,73,1.0,1366,11.9,0.01,0.0,0.0,0,1,4,1,0,1,0,0,1033
2018-04-03,8,17.3,71,0.5,1481,11.9,0.17,0.0,0.0,0,1,4,1,0,1,0,0,1677
2018-04-03,9,18.3,67,2.4,1375,12.0,0.55,0.0,0.0,0,1,4,1,0,1,0,0,867
2018-04-03,10,18.9,66,2.0,1298,12.4,0.85,0.0,0.0,0,1,4,1,0,1,0,0,664
2018-04-03,11,19.0,67,1.9,1062,12.7,0.52,0.0,0.0,0,1,4,1,0,1,0,0,696
2018-04-03,12,19.6,63,2.9,1034,12.3,0.68,0.0,0.0,0,1,4,1,0,1,0,0,913
2018-04-03,13,20.1,61,2.6,1117,12.3,1.01,0.0,0.0,0,1,4,1,0,1,0,0,870
2018-04-03,14,21.0,53,3.2,1306,11.0,1.12,0.0,0.0,0,1,4,1,0,1,0,0,931
2018-04-03,15,19.9,58,2.5,1348,11.3,0.51,0.0,0.0,0,1,4,1,0,1,0,0,961
2018-04-03,16,19.7,58,3.7,1302,11.1,0.78,0.0,0.0,0,1,4,1,0,1,0,0,1173
2018-04-03,17,19.7,57,2.6,1302,10.9,0.54,0.0,0.0,0,1,4,1,0,1,0,0,1436
2018-04-03,18,18.9,68,3.3,1326,12.8,0.12,0.0,0.0,0,1,4,1,0,1,0,0,2134
2018-04-03,19,18.0,74,3.1,1258,13.2,0.02,0.0,0.0,0,1,4,1,0,1,0,0,1415
2018-04-03,20,17.3,80,2.4,927,13.8,0.0,0.0,0.0,0,1,4,1,0,1,0,0,1470
2018-04-03,21,17.0,83,3.2,744,14.0,0.0,0.0,0.0,0,1,4,1,0,1,0,0,1223
2018-04-03,22,16.0,85,2.0,409,13.4,0.0,0.0,0.0,0,1,4,1,0,1,0,0,1030
2018-04-03,23,15.0,94,1.6,163,14.0,0.0,0.0,0.0,0,1,4,1,0,1,0,0,454
2018-04-04,0,15.0,96,2.1,141,14.3,0.0,0.1,0.0,0,1,4,2,0,1,0,0,355
2018-04-04,1,14.8,96,1.7,209,14.1,0.0,0.0,0.0,0,1,4,2,0,1,0,0,113
2018-04-04,2,14.5,97,2.2,179,14.0,0.0,3.5,0.0,0,1,4,2,0,1,0,0,15
2018-04-04,3,14.3,97,1.2,228,13.8,0.0,7.0,0.0,0,1,4,2,0,1,0,0,22
2018-04-04,4,14.1,97,1.7,306,13.6,0.0,3.0,0.0,0,1,4,2,0,1,0,0,14
2018-04-04,5,11.9,97,3.4,305,11.4,0.0,3.0,0.0,0,1,4,2,0,1,0,0,19
2018-04-04,6,11.7,95,0.7,2000,10.9,0.0,2.0,0.0,0,1,4,2,0,1,0,0,172
2018-04-04,7,10.3,90,1.2,2000,8.7,0.01,0.0,0.0,0,1,4,2,0,1,0,0,665
2018-04-04,8,10.3,86,2.5,2000,8.0,0.15,0.0,0.0,0,1,4,2,0,1,0,0,1284
2018-04-04,9,10.4,81,1.4,2000,7.2,0.36,0.0,0.0,0,1,4,2,0,1,0,0,378
2018-04-04,10,10.7,81,1.4,2000,7.5,0.57,0.0,0.0,0,1,4,2,0,1,0,0,505
2018-04-04,11,12.8,65,2.0,2000,6.3,1.76,0.0,0.0,0,1,4,2,0,1,0,0,744
2018-04-04,12,15.3,54,2.1,1989,6.0,2.83,0.0,0.0,0,1,4,2,0,1,0,0,928
2018-04-04,13,16.7,47,1.4,2000,5.3,3.24,0.0,0.0,0,1,4,2,0,1,0,0,951
2018-04-04,14,17.9,42,1.3,1981,4.7,3.04,0.0,0.0,0,1,4,2,0,1,0,0,1096
2018-04-04,15,17.9,44,2.2,2000,5.4,2.79,0.0,0.0,0,1,4,2,0,1,0,0,1209
2018-04-04,16,17.9,42,1.1,2000,4.7,2.25,0.0,0.0,0,1,4,2,0,1,0,0,1413
2018-04-04,17,17.2,46,2.2,2000,5.4,1.6,0.0,0.0,0,1,4,2,0,1,0,0,1745
2018-04-04,18,16.0,47,2.1,2000,4.6,0.79,0.0,0.0,0,1,4,2,0,1,0,0,2402
2018-04-04,19,14.3,53,2.1,2000,4.8,0.17,0.0,0.0,0,1,4,2,0,1,0,0,1626
2018-04-04,20,12.8,56,2.0,2000,4.2,0.0,0.0,0.0,0,1,4,2,0,1,0,0,1374
2018-04-04,21,11.8,57,1.9,2000,3.5,0.0,0.0,0.0,0,1,4,2,0,1,0,0,1256
2018-04-04,22,10.9,58,1.5,2000,2.9,0.0,0.0,0.0,0,1,4,2,0,1,0,0,1041
2018-04-04,23,10.2,58,2.4,2000,2.2,0.0,0.0,0.0,0,1,4,2,0,1,0,0,668
2018-04-05,0,9.5,61,1.7,2000,2.3,0.0,0.0,0.0,0,1,4,3,0,1,0,0,436
2018-04-05,1,9.0,62,1.9,2000,2.0,0.0,0.0,0.0,0,1,4,3,0,1,0,0,373
2018-04-05,2,9.0,63,2.1,2000,2.3,0.0,0.0,0.0,0,1,4,3,0,1,0,0,220
2018-04-05,3,8.9,64,2.2,2000,2.4,0.0,0.0,0.0,0,1,4,3,0,1,0,0,150
2018-04-05,4,8.8,65,2.5,2000,2.5,0.0,0.0,0.0,0,1,4,3,0,1,0,0,87
2018-04-05,5,8.3,81,2.0,1060,5.2,0.0,0.1,0.0,0,1,4,3,0,1,0,0,18
2018-04-05,6,7.5,94,2.4,511,6.5,0.0,0.4,0.0,0,1,4,3,0,1,0,0,21
2018-04-05,7,7.1,94,2.2,572,6.1,0.0,1.5,0.0,0,1,4,3,0,1,0,0,38
2018-04-05,8,6.7,94,2.7,1127,5.7,0.05,2.0,0.0,0,1,4,3,0,1,0,0,207
2018-04-05,9,6.8,89,2.9,2000,5.1,0.07,0.0,0.0,0,1,4,3,0,1,0,0,129
2018-04-05,10,7.1,87,2.9,2000,5.0,0.15,0.0,0.0,0,1,4,3,0,1,0,0,95
2018-04-05,11,7.1,93,2.6,697,6.0,0.19,0.0,0.0,0,1,4,3,0,1,0,0,47
2018-04-05,12,7.3,95,2.2,676,6.5,0.3,0.5,0.0,0,1,4,3,0,1,0,0,70
2018-04-05,13,7.7,95,1.9,442,6.9,0.4,0.0,0.0,0,1,4,3,0,1,0,0,84
2018-04-05,14,8.0,95,1.5,514,7.2,0.35,0.0,0.0,0,1,4,3,0,1,0,0,46
2018-04-05,15,8.1,96,1.9,410,7.4,0.26,0.5,0.0,0,1,4,3,0,1,0,0,37
2018-04-05,16,8.1,96,1.5,281,7.4,0.21,1.0,0.0,0,1,4,3,0,1,0,0,31
2018-04-05,17,8.0,96,1.4,298,7.3,0.13,1.0,0.0,0,1,4,3,0,1,0,0,46
2018-04-05,18,7.6,96,2.0,660,6.9,0.04,0.0,0.0,0,1,4,3,0,1,0,0,75
2018-04-05,19,7.6,96,1.5,1309,6.9,0.0,1.5,0.0,0,1,4,3,0,1,0,0,75
2018-04-05,20,7.3,96,1.9,2000,6.6,0.0,0.0,0.0,0,1,4,3,0,1,0,0,56
2018-04-05,21,7.3,96,1.5,749,6.6,0.0,1.0,0.0,0,1,4,3,0,1,0,0,99
2018-04-05,22,7.2,96,1.0,700,6.5,0.0,0.0,0.0,0,1,4,3,0,1,0,0,77
2018-04-05,23,7.1,96,1.3,1497,6.5,0.0,0.5,0.0,0,1,4,3,0,1,0,0,79
2018-04-06,0,7.2,95,0.9,861,6.4,0.0,0.5,0.0,0,1,4,4,0,1,0,0,56
2018-04-06,1,7.2,95,0.2,683,6.4,0.0,0.5,0.0,0,1,4,4,0,1,0,0,50
2018-04-06,2,7.3,96,1.0,337,6.6,0.0,1.5,0.0,0,1,4,4,0,1,0,0,27
2018-04-06,3,7.2,96,0.8,349,6.5,0.0,2.0,0.0,0,1,4,4,0,1,0,0,18
2018-04-06,4,6.8,97,2.2,453,6.3,0.0,2.0,0.0,0,1,4,4,0,1,0,0,9
2018-04-06,5,6.3,97,1.7,787,5.8,0.0,0.5,0.0,0,1,4,4,0,1,0,0,54
2018-04-06,6,6.1,96,2.1,798,5.5,0.0,0.0,0.0,0,1,4,4,0,1,0,0,178
2018-04-06,7,5.7,95,3.4,1136,4.9,0.02,0.0,0.0,0,1,4,4,0,1,0,0,591
2018-04-06,8,5.9,90,2.8,1820,4.3,0.32,0.0,0.0,0,1,4,4,0,1,0,0,1235
2018-04-06,9,6.9,83,2.2,1666,4.2,0.83,0.0,0.0,0,1,4,4,0,1,0,0,719
2018-04-06,10,8.0,73,2.8,1641,3.4,1.44,0.0,0.0,0,1,4,4,0,1,0,0,529
2018-04-06,11,8.3,69,4.1,1217,2.9,1.81,0.0,0.0,0,1,4,4,0,1,0,0,598
2018-04-06,12,6.7,71,4.6,543,1.8,1.05,0.0,0.0,0,1,4,4,0,1,0,0,756
2018-04-06,13,7.9,58,4.3,488,0.1,1.88,0.0,0.0,0,1,4,4,0,1,0,0,683
2018-04-06,14,7.4,56,3.5,461,-0.8,1.04,0.0,0.0,0,1,4,4,0,1,0,0,572
2018-04-06,15,6.8,50,4.1,660,-2.9,0.56,0.0,0.0,0,1,4,4,0,1,0,0,545
2018-04-06,16,6.6,50,4.0,645,-3.1,0.81,0.0,0.0,0,1,4,4,0,1,0,0,585
2018-04-06,17,6.3,50,4.4,707,-3.3,0.64,0.0,0.0,0,1,4,4,0,1,0,0,776
2018-04-06,18,5.9,43,5.3,859,-5.7,0.62,0.0,0.0,0,1,4,4,0,1,0,0,1114
2018-04-06,19,4.8,48,3.8,1126,-5.3,0.17,0.0,0.0,0,1,4,4,0,1,0,0,659
2018-04-06,20,4.3,59,4.6,991,-3.0,0.0,0.0,0.0,0,1,4,4,0,1,0,0,508
2018-04-06,21,4.0,67,3.0,794,-1.5,0.0,0.0,0.0,0,1,4,4,0,1,0,0,447
2018-04-06,22,3.9,68,3.0,737,-1.4,0.0,0.0,0.0,0,1,4,4,0,1,0,0,499
2018-04-06,23,3.8,75,4.1,604,-0.2,0.0,0.0,0.0,0,1,4,4,0,1,0,0,312
2018-04-07,0,3.0,67,3.3,945,-2.5,0.0,0.0,0.0,0,1,4,5,0,1,0,0,282
2018-04-07,1,2.6,67,2.7,1053,-2.9,0.0,0.0,0.0,0,1,4,5,0,1,0,0,225
2018-04-07,2,1.8,81,2.9,325,-1.1,0.0,0.0,0.0,0,1,4,5,0,1,0,0,123
2018-04-07,3,1.5,82,3.5,372,-1.2,0.0,0.1,0.0,0,1,4,5,0,1,0,0,122
2018-04-07,4,1.6,70,3.6,1392,-3.2,0.0,0.1,0.0,0,1,4,5,0,1,0,0,80
2018-04-07,5,1.6,62,4.9,1372,-4.9,0.0,0.0,0.0,0,1,4,5,0,1,0,0,57
2018-04-07,6,1.7,58,3.8,1189,-5.6,0.0,0.0,0.0,0,1,4,5,0,1,0,0,108
2018-04-07,7,1.9,51,4.9,1297,-7.1,0.07,0.0,0.0,0,1,4,5,0,1,0,0,206
2018-04-07,8,2.4,44,4.3,1375,-8.6,0.41,0.0,0.0,0,1,4,5,0,1,0,0,399
2018-04-07,9,3.4,37,3.6,1668,-9.9,1.07,0.0,0.0,0,1,4,5,0,1,0,0,426
2018-04-07,10,4.3,31,4.9,1661,-11.3,1.77,0.0,0.0,0,1,4,5,0,1,0,0,453
2018-04-07,11,4.7,26,4.8,1927,-13.2,1.55,0.0,0.0,0,1,4,5,0,1,0,0,553
2018-04-07,12,6.0,23,4.2,1990,-13.6,2.0,0.0,0.0,0,1,4,5,0,1,0,0,697
2018-04-07,13,7.4,22,4.5,1964,-12.9,2.98,0.0,0.0,0,1,4,5,0,1,0,0,852
2018-04-07,14,8.1,24,4.7,1914,-11.3,2.99,0.0,0.0,0,1,4,5,0,1,0,0,919
2018-04-07,15,7.6,36,5.0,1928,-6.5,1.39,0.0,0.0,0,1,4,5,0,1,0,0,925
2018-04-07,16,7.9,34,4.7,1979,-7.0,1.09,0.0,0.0,0,1,4,5,0,1,0,0,897
2018-04-07,17,7.6,36,5.3,2000,-6.5,1.8,0.0,0.0,0,1,4,5,0,1,0,0,908
2018-04-07,18,6.4,43,3.7,2000,-5.2,0.92,0.0,0.0,0,1,4,5,0,1,0,0,714
2018-04-07,19,4.9,47,3.5,2000,-5.4,0.2,0.0,0.0,0,1,4,5,0,1,0,0,518
2018-04-07,20,4.2,44,4.1,2000,-6.9,0.0,0.0,0.0,0,1,4,5,0,1,0,0,458
2018-04-07,21,3.8,39,3.2,2000,-8.9,0.0,0.0,0.0,0,1,4,5,0,1,0,0,443
2018-04-07,22,3.5,41,2.8,2000,-8.5,0.0,0.0,0.0,0,1,4,5,0,1,0,0,426
2018-04-07,23,3.1,39,3.1,2000,-9.5,0.0,0.0,0.0,0,1,4,5,0,1,0,0,368
2018-04-08,0,2.9,46,2.2,2000,-7.6,0.0,0.0,0.0,0,1,4,6,0,1,0,0,325
2018-04-08,1,2.4,46,1.7,2000,-8.0,0.0,0.0,0.0,0,1,4,6,0,1,0,0,224
2018-04-08,2,2.2,49,1.9,2000,-7.4,0.0,0.0,0.0,0,1,4,6,0,1,0,0,191
2018-04-08,3,2.0,50,2.0,2000,-7.3,0.0,0.0,0.0,0,1,4,6,0,1,0,0,141
2018-04-08,4,1.7,51,1.3,2000,-7.3,0.0,0.0,0.0,0,1,4,6,0,1,0,0,90
2018-04-08,5,1.3,51,1.6,2000,-7.7,0.0,0.0,0.0,0,1,4,6,0,1,0,0,59
2018-04-08,6,0.9,52,1.1,2000,-7.8,0.0,0.0,0.0,0,1,4,6,0,1,0,0,101
2018-04-08,7,0.9,54,0.8,2000,-7.3,0.11,0.0,0.0,0,1,4,6,0,1,0,0,159
2018-04-08,8,2.9,53,1.5,1892,-5.7,0.68,0.0,0.0,0,1,4,6,0,1,0,0,332
2018-04-08,9,5.1,46,2.7,1888,-5.5,1.34,0.0,0.0,0,1,4,6,0,1,0,0,405
2018-04-08,10,6.3,39,2.8,2000,-6.6,1.55,0.0,0.0,0,1,4,6,0,1,0,0,494
2018-04-08,11,6.4,29,2.7,2000,-10.3,0.9,0.0,0.0,0,1,4,6,0,1,0,0,586
2018-04-08,12,6.9,30,1.8,1994,-9.5,0.85,0.0,0.0,0,1,4,6,0,1,0,0,709
2018-04-08,13,7.4,27,1.8,2000,-10.4,0.86,0.0,0.0,0,1,4,6,0,1,0,0,847
2018-04-08,14,7.9,27,1.0,1985,-9.9,0.75,0.0,0.0,0,1,4,6,0,1,0,0,777
2018-04-08,15,7.3,38,0.8,2000,-6.1,0.38,0.0,0.0,0,1,4,6,0,1,0,0,343
2018-04-08,16,6.1,65,1.5,1465,0.0,0.21,0.0,0.0,0,1,4,6,0,1,0,0,137
2018-04-08,17,4.3,80,2.6,1357,1.1,0.23,0.1,0.0,0,1,4,6,0,1,0,0,58
2018-04-08,18,3.0,89,1.5,283,1.3,0.07,1.9,0.0,0,1,4,6,0,1,0,0,22
2018-04-08,19,2.5,94,1.8,349,1.6,0.0,1.0,0.0,0,1,4,6,0,1,0,0,44
2018-04-08,20,2.7,90,1.5,639,1.2,0.0,0.0,0.0,0,1,4,6,0,1,0,0,93
2018-04-08,21,2.8,88,2.1,592,1.0,0.0,0.0,0.0,0,1,4,6,0,1,0,0,170
2018-04-08,22,2.7,88,2.0,621,0.9,0.0,0.0,0.0,0,1,4,6,0,1,0,0,177
2018-04-08,23,2.9,85,0.9,829,0.6,0.0,0.0,0.0,0,1,4,6,0,1,0,0,182
2018-04-09,0,3.2,84,0.6,785,0.7,0.0,0.0,0.0,0,1,4,0,0,1,0,0,197
2018-04-09,1,2.8,87,0.8,462,0.8,0.0,0.0,0.0,0,1,4,0,0,1,0,0,140
2018-04-09,2,2.2,88,0.5,508,0.4,0.0,0.0,0.0,0,1,4,0,0,1,0,0,97
2018-04-09,3,1.6,94,0.3,426,0.7,0.0,0.0,0.0,0,1,4,0,0,1,0,0,52
2018-04-09,4,1.1,95,0.5,345,0.3,0.0,0.0,0.0,0,1,4,0,0,1,0,0,43
2018-04-09,5,0.7,96,1.0,206,0.1,0.0,0.0,0.0,0,1,4,0,0,1,0,0,91
2018-04-09,6,0.1,97,0.6,77,-0.3,0.0,0.0,0.0,0,1,4,0,0,1,0,0,239
2018-04-09,7,0.6,97,1.3,66,0.1,0.05,0.0,0.0,0,1,4,0,0,1,0,0,651
2018-04-09,8,1.0,97,0.9,148,0.5,0.22,0.0,0.0,0,1,4,0,0,1,0,0,1163
2018-04-09,9,2.6,96,1.1,316,2.0,0.87,0.0,0.0,0,1,4,0,0,1,0,0,682
2018-04-09,10,5.2,73,1.0,668,0.7,2.08,0.0,0.0,0,1,4,0,0,1,0,0,506
2018-04-09,11,7.5,54,0.9,1013,-1.2,2.49,0.0,0.0,0,1,4,0,0,1,0,0,644
2018-04-09,12,10.4,44,1.7,1235,-1.3,2.93,0.0,0.0,0,1,4,0,0,1,0,0,799
2018-04-09,13,12.4,32,1.7,1441,-3.8,3.06,0.0,0.0,0,1,4,0,0,1,0,0,869
2018-04-09,14,13.9,26,2.5,1537,-5.3,2.99,0.0,0.0,0,1,4,0,0,1,0,0,921
2018-04-09,15,14.2,24,1.8,1743,-6.1,2.6,0.0,0.0,0,1,4,0,0,1,0,0,1038
2018-04-09,16,15.3,24,1.5,1534,-5.1,2.0,0.0,0.0,0,1,4,0,0,1,0,0,1185
2018-04-09,17,15.3,26,0.9,1257,-4.1,1.39,0.0,0.0,0,1,4,0,0,1,0,0,1479
2018-04-09,18,14.8,24,1.3,1514,-5.6,0.69,0.0,0.0,0,1,4,0,0,1,0,0,2401
2018-04-09,19,13.4,33,1.2,1356,-2.5,0.15,0.0,0.0,0,1,4,0,0,1,0,0,1599
2018-04-09,20,11.7,34,0.9,1393,-3.6,0.0,0.0,0.0,0,1,4,0,0,1,0,0,1362
2018-04-09,21,10.3,38,0.5,1433,-3.4,0.0,0.0,0.0,0,1,4,0,0,1,0,0,1232
2018-04-09,22,9.6,41,0.5,1428,-3.0,0.0,0.0,0.0,0,1,4,0,0,1,0,0,1069
2018-04-09,23,9.6,43,1.2,1333,-2.3,0.0,0.0,0.0,0,1,4,0,0,1,0,0,623
2018-04-10,0,9.0,46,1.2,1259,-2.0,0.0,0.0,0.0,0,1,4,1,0,1,0,0,485
2018-04-10,1,9.0,44,1.0,1314,-2.6,0.0,0.0,0.0,0,1,4,1,0,1,0,0,376
2018-04-10,2,8.8,43,1.0,1490,-3.1,0.0,0.0,0.0,0,1,4,1,0,1,0,0,250
2018-04-10,3,8.1,48,0.8,1455,-2.2,0.0,0.0,0.0,0,1,4,1,0,1,0,0,149
2018-04-10,4,7.5,48,1.0,1458,-2.8,0.0,0.0,0.0,0,1,4,1,0,1,0,0,102
2018-04-10,5,7.1,53,0.8,1392,-1.8,0.0,0.0,0.0,0,1,4,1,0,1,0,0,123
2018-04-10,6,6.9,51,0.9,1546,-2.5,0.0,0.0,0.0,0,1,4,1,0,1,0,0,370
2018-04-10,7,7.2,50,1.1,1454,-2.5,0.1,0.0,0.0,0,1,4,1,0,1,0,0,981
2018-04-10,8,9.6,38,1.4,1527,-4.0,0.58,0.0,0.0,0,1,4,1,0,1,0,0,1702
2018-04-10,9,11.9,35,1.1,1664,-3.1,0.95,0.0,0.0,0,1,4,1,0,1,0,0,982
2018-04-10,10,15.2,31,1.6,1757,-1.8,1.84,0.0,0.0,0,1,4,1,0,1,0,0,703
2018-04-10,11,18.5,27,1.3,1610,-0.8,2.59,0.0,0.0,0,1,4,1,0,1,0,0,839
2018-04-10,12,20.5,37,4.6,1761,5.2,2.94,0.0,0.0,0,1,4,1,0,1,0,0,1023
2018-04-10,13,21.9,34,5.1,1861,5.3,2.77,0.0,0.0,0,1,4,1,0,1,0,0,967
2018-04-10,14,21.2,35,7.4,1992,5.1,1.8,0.0,0.0,0,1,4,1,0,1,0,0,913
2018-04-10,15,21.4,33,4.8,1998,4.4,1.63,0.0,0.0,0,1,4,1,0,1,0,0,933
2018-04-10,16,20.9,34,5.8,2000,4.4,1.37,0.0,0.0,0,1,4,1,0,1,0,0,1080
2018-04-10,17,20.6,39,5.6,2000,6.1,0.74,0.0,0.0,0,1,4,1,0,1,0,0,1004
2018-04-10,18,19.7,52,7.2,2000,9.5,0.2,0.0,0.0,0,1,4,1,0,1,0,0,1805
2018-04-10,19,19.2,55,5.8,2000,9.9,0.01,0.0,0.0,0,1,4,1,0,1,0,0,1153
2018-04-10,20,19.1,58,6.1,2000,10.6,0.0,0.0,0.0,0,1,4,1,0,1,0,0,336
2018-04-10,21,17.5,70,7.3,1634,11.9,0.0,0.5,0.0,0,1,4,1,0,1,0,0,133
2018-04-10,22,15.8,83,5.4,691,12.9,0.0,1.5,0.0,0,1,4,1,0,1,0,0,75
2018-04-10,23,15.1,83,4.1,1147,12.2,0.0,3.0,0.0,0,1,4,1,0,1,0,0,212
2018-04-11,0,14.4,82,4.6,1041,11.3,0.0,0.0,0.0,0,0,4,2,0,1,0,0,0
2018-04-11,1,13.6,81,3.6,886,10.3,0.0,0.0,0.0,0,0,4,2,0,1,0,0,0
2018-04-11,2,12.7,80,3.9,885,9.3,0.0,0.0,0.0,0,0,4,2,0,1,0,0,0
2018-04-11,3,11.6,81,3.1,687,8.4,0.0,0.0,0.0,0,0,4,2,0,1,0,0,0
2018-04-11,4,10.2,83,3.5,554,7.4,0.0,0.0,0.0,0,0,4,2,0,1,0,0,0
2018-04-11,5,9.7,84,1.7,447,7.1,0.0,0.0,0.0,0,0,4,2,0,1,0,0,0
2018-04-11,6,9.0,86,2.0,442,6.7,0.0,0.0,0.0,0,0,4,2,0,1,0,0,0
2018-04-11,7,8.8,85,1.1,438,6.4,0.11,0.0,0.0,0,0,4,2,0,1,0,0,0
2018-04-11,8,9.7,77,1.6,519,5.8,0.68,0.0,0.0,0,0,4,2,0,1,0,0,0
2018-04-11,9,11.8,59,2.1,975,4.0,1.44,0.0,0.0,0,0,4,2,0,1,0,0,0
2018-04-11,10,13.3,51,4.1,1487,3.3,2.17,0.0,0.0,0,0,4,2,0,1,0,0,0
2018-04-11,11,14.9,44,4.0,1468,2.7,2.75,0.0,0.0,0,0,4,2,0,1,0,0,0
2018-04-11,12,15.7,46,3.9,1132,4.0,3.05,0.0,0.0,0,0,4,2,0,1,0,0,0
2018-04-11,13,15.6,38,4.7,1558,1.3,3.32,0.0,0.0,0,0,4,2,0,1,0,0,0
2018-04-11,14,16.4,28,3.4,1804,-2.1,3.16,0.0,0.0,0,0,4,2,0,1,0,0,0
2018-04-11,15,17.0,28,3.5,1804,-1.6,2.9,0.0,0.0,0,0,4,2,0,1,0,0,0
2018-04-11,16,16.9,23,4.4,1938,-4.4,2.39,0.0,0.0,0,0,4,2,0,1,0,0,0
2018-04-11,17,16.2,22,4.1,2000,-5.5,1.73,0.0,0.0,0,0,4,2,0,1,0,0,0
2018-04-11,18,15.2,21,2.9,2000,-7.0,0.94,0.0,0.0,0,0,4,2,0,1,0,0,0
2018-04-11,19,13.2,28,2.9,2000,-4.9,0.22,0.0,0.0,0,0,4,2,0,1,0,0,0
2018-04-11,20,11.9,33,2.0,2000,-3.8,0.0,0.0,0.0,0,0,4,2,0,1,0,0,0
2018-04-11,21,11.0,34,2.1,2000,-4.2,0.0,0.0,0.0,0,0,4,2,0,1,0,0,0
2018-04-11,22,10.3,42,1.0,1923,-2.0,0.0,0.0,0.0,0,0,4,2,0,1,0,0,0
2018-04-11,23,9.7,45,2.0,1969,-1.6,0.0,0.0,0.0,0,0,4,2,0,1,0,0,0
2018-04-12,0,9.5,40,2.4,1987,-3.4,0.0,0.0,0.0,0,1,4,3,0,1,0,0,504
2018-04-12,1,8.9,40,2.1,2000,-3.9,0.0,0.0,0.0,0,1,4,3,0,1,0,0,374
2018-04-12,2,8.1,45,1.0,2000,-3.1,0.0,0.0,0.0,0,1,4,3,0,1,0,0,269
2018-04-12,3,7.8,49,1.4,1972,-2.2,0.0,0.0,0.0,0,1,4,3,0,1,0,0,182
2018-04-12,4,7.5,53,1.0,1701,-1.4,0.0,0.0,0.0,0,1,4,3,0,1,0,0,98
2018-04-12,5,7.1,57,0.8,1746,-0.8,0.0,0.0,0.0,0,1,4,3,0,1,0,0,144
2018-04-12,6,7.1,55,1.8,1780,-1.3,0.0,0.0,0.0,0,1,4,3,0,1,0,0,375
2018-04-12,7,7.6,54,1.7,1690,-1.1,0.13,0.0,0.0,0,1,4,3,0,1,0,0,1054
2018-04-12,8,8.9,48,1.1,1444,-1.5,0.69,0.0,0.0,0,1,4,3,0,1,0,0,1789
2018-04-12,9,11.5,43,1.7,1818,-0.6,1.43,0.0,0.0,0,1,4,3,0,1,0,0,952
2018-04-12,10,13.8,39,2.3,1659,0.0,2.09,0.0,0.0,0,1,4,3,0,1,0,0,686
2018-04-12,11,16.2,30,2.4,1700,-1.4,2.68,0.0,0.0,0,1,4,3,0,1,0,0,829
2018-04-12,12,17.5,20,4.6,2000,-5.7,3.07,0.0,0.0,0,1,4,3,0,1,0,0,969
2018-04-12,13,18.1,18,5.1,1939,-6.6,3.2,0.0,0.0,0,1,4,3,0,1,0,0,1029
2018-04-12,14,18.8,27,4.9,1888,-0.6,3.13,0.0,0.0,0,1,4,3,0,1,0,0,990
2018-04-12,15,19.4,24,3.9,2000,-1.7,2.86,0.0,0.0,0,1,4,3,0,1,0,0,1074
2018-04-12,16,18.8,23,4.2,1956,-2.7,2.39,0.0,0.0,0,1,4,3,0,1,0,0,1273
2018-04-12,17,18.6,22,3.7,1978,-3.5,1.72,0.0,0.0,0,1,4,3,0,1,0,0,1664
2018-04-12,18,17.9,16,3.7,2000,-8.3,0.92,0.0,0.0,0,1,4,3,0,1,0,0,2359
2018-04-12,19,15.9,14,2.8,2000,-11.6,0.25,0.0,0.0,0,1,4,3,0,1,0,0,1641
2018-04-12,20,14.2,15,2.6,2000,-12.1,0.0,0.0,0.0,0,1,4,3,0,1,0,0,1319
2018-04-12,21,13.4,15,2.7,2000,-12.7,0.0,0.0,0.0,0,1,4,3,0,1,0,0,1241
2018-04-12,22,13.5,15,2.2,2000,-12.6,0.0,0.0,0.0,0,1,4,3,0,1,0,0,1142
2018-04-12,23,12.6,16,1.7,2000,-12.6,0.0,0.0,0.0,0,1,4,3,0,1,0,0,772
2018-04-13,0,11.4,22,1.5,2000,-9.6,0.0,0.0,0.0,0,1,4,4,0,1,0,0,525
2018-04-13,1,10.0,23,0.7,2000,-10.2,0.0,0.0,0.0,0,1,4,4,0,1,0,0,432
2018-04-13,2,9.7,23,1.4,2000,-10.4,0.0,0.0,0.0,0,1,4,4,0,1,0,0,257
2018-04-13,3,9.9,27,1.3,2000,-8.2,0.0,0.0,0.0,0,1,4,4,0,1,0,0,167
2018-04-13,4,9.7,29,1.8,2000,-7.5,0.0,0.0,0.0,0,1,4,4,0,1,0,0,112
2018-04-13,5,9.1,34,0.9,2000,-5.9,0.0,0.0,0.0,0,1,4,4,0,1,0,0,156
2018-04-13,6,8.3,35,0.3,2000,-6.2,0.0,0.0,0.0,0,1,4,4,0,1,0,0,368
2018-04-13,7,8.8,33,1.2,2000,-6.6,0.11,0.0,0.0,0,1,4,4,0,1,0,0,999
2018-04-13,8,10.6,27,1.1,2000,-7.6,0.39,0.0,0.0,0,1,4,4,0,1,0,0,1721
2018-04-13,9,13.2,22,1.1,2000,-8.0,0.93,0.0,0.0,0,1,4,4,0,1,0,0,982
2018-04-13,10,15.7,18,1.6,1980,-8.6,1.66,0.0,0.0,0,1,4,4,0,1,0,0,741
2018-04-13,11,16.9,15,1.7,1994,-9.9,1.8,0.0,0.0,0,1,4,4,0,1,0,0,867
2018-04-13,12,18.2,15,1.6,2000,-8.9,2.27,0.0,0.0,0,1,4,4,0,1,0,0,1095
2018-04-13,13,19.0,15,1.4,2000,-8.2,2.02,0.0,0.0,0,1,4,4,0,1,0,0,973
2018-04-13,14,18.7,14,1.6,2000,-9.3,1.25,0.0,0.0,0,1,4,4,0,1,0,0,1063
2018-04-13,15,18.6,15,0.9,1991,-8.5,0.81,0.0,0.0,0,1,4,4,0,1,0,0,1108
2018-04-13,16,18.3,16,1.0,2000,-7.9,0.7,0.0,0.0,0,1,4,4,0,1,0,0,1270
2018-04-13,17,18.1,16,1.4,2000,-8.1,0.45,0.0,0.0,0,1,4,4,0,1,0,0,1662
2018-04-13,18,17.5,18,1.3,2000,-7.1,0.23,0.0,0.0,0,1,4,4,0,1,0,0,2404
2018-04-13,19,16.9,19,0.5,2000,-6.9,0.06,0.0,0.0,0,1,4,4,0,1,0,0,1641
2018-04-13,20,16.2,22,0.9,2000,-5.5,0.0,0.0,0.0,0,1,4,4,0,1,0,0,1359
2018-04-13,21,16.4,24,2.9,1983,-4.2,0.0,0.0,0.0,0,1,4,4,0,1,0,0,1311
2018-04-13,22,16.3,25,2.0,2000,-3.7,0.0,0.0,0.0,0,1,4,4,0,1,0,0,1178
2018-04-13,23,15.5,27,3.5,2000,-3.4,0.0,0.0,0.0,0,1,4,4,0,1,0,0,849
2018-04-14,0,14.8,27,2.1,2000,-4.0,0.0,0.0,0.0,0,1,4,5,0,1,0,0,664
2018-04-14,1,14.1,25,1.8,2000,-5.6,0.0,0.0,0.0,0,1,4,5,0,1,0,0,513
2018-04-14,2,13.5,27,1.6,2000,-5.1,0.0,0.0,0.0,0,1,4,5,0,1,0,0,253
2018-04-14,3,12.1,41,1.0,2000,-0.7,0.0,0.2,0.0,0,1,4,5,0,1,0,0,62
2018-04-14,4,10.3,72,1.0,2000,5.4,0.0,0.8,0.0,0,1,4,5,0,1,0,0,39
2018-04-14,5,9.5,76,0.8,1962,5.4,0.0,0.0,0.0,0,1,4,5,0,1,0,0,20
2018-04-14,6,8.7,80,1.1,1518,5.4,0.0,1.0,0.0,0,1,4,5,0,1,0,0,12
2018-04-14,7,8.2,88,0.7,607,6.3,0.01,2.0,0.0,0,1,4,5,0,1,0,0,18
2018-04-14,8,7.7,88,1.4,516,5.8,0.08,1.0,0.0,0,1,4,5,0,1,0,0,17
2018-04-14,9,7.5,94,1.5,506,6.5,0.15,1.5,0.0,0,1,4,5,0,1,0,0,17
2018-04-14,10,7.7,94,1.0,685,6.7,0.28,1.5,0.0,0,1,4,5,0,1,0,0,43
2018-04-14,11,8.1,94,1.2,802,7.1,0.39,0.5,0.0,0,1,4,5,0,1,0,0,52
2018-04-14,12,8.6,94,1.1,389,7.6,0.49,0.0,0.0,0,1,4,5,0,1,0,0,75
2018-04-14,13,8.8,93,1.7,597,7.7,0.38,0.0,0.0,0,1,4,5,0,1,0,0,70
2018-04-14,14,8.9,94,1.3,1129,7.9,0.29,0.5,0.0,0,1,4,5,0,1,0,0,122
2018-04-14,15,8.6,88,3.2,1211,6.7,0.17,0.0,0.0,0,1,4,5,0,1,0,0,203
2018-04-14,16,8.9,87,1.8,2000,6.8,0.32,0.0,0.0,0,1,4,5,0,1,0,0,445
2018-04-14,17,9.3,81,2.4,2000,6.1,0.52,0.0,0.0,0,1,4,5,0,1,0,0,675
2018-04-14,18,9.6,79,1.8,2000,6.1,0.39,0.0,0.0,0,1,4,5,0,1,0,0,706
2018-04-14,19,9.5,76,2.3,2000,5.4,0.02,0.0,0.0,0,1,4,5,0,1,0,0,612
2018-04-14,20,9.4,76,2.6,1376,5.3,0.0,0.0,0.0,0,1,4,5,0,1,0,0,640
2018-04-14,21,9.1,76,3.5,1113,5.0,0.0,0.0,0.0,0,1,4,5,0,1,0,0,633
2018-04-14,22,8.8,77,3.2,1258,4.9,0.0,0.0,0.0,0,1,4,5,0,1,0,0,586
2018-04-14,23,8.4,77,3.8,1662,4.5,0.0,0.0,0.0,0,1,4,5,0,1,0,0,503
2018-04-15,0,7.8,78,1.8,1741,4.1,0.0,0.0,0.0,0,1,4,6,0,1,0,0,475
2018-04-15,1,7.1,78,3.6,1662,3.5,0.0,0.0,0.0,0,1,4,6,0,1,0,0,349
2018-04-15,2,6.7,80,2.8,1342,3.4,0.0,0.0,0.0,0,1,4,6,0,1,0,0,254
2018-04-15,3,6.4,83,2.3,1158,3.7,0.0,0.0,0.0,0,1,4,6,0,1,0,0,183
2018-04-15,4,6.0,84,1.7,951,3.4,0.0,0.0,0.0,0,1,4,6,0,1,0,0,110
2018-04-15,5,5.8,85,1.3,829,3.4,0.0,0.0,0.0,0,1,4,6,0,1,0,0,65
2018-04-15,6,5.6,85,1.2,769,3.2,0.0,0.0,0.0,0,1,4,6,0,1,0,0,102
2018-04-15,7,5.8,83,1.1,733,3.1,0.15,0.0,0.0,0,1,4,6,0,1,0,0,223
2018-04-15,8,7.0,78,0.9,656,3.4,0.56,0.0,0.0,0,1,4,6,0,1,0,0,401
2018-04-15,9,8.6,66,1.7,881,2.5,1.16,0.0,0.0,0,1,4,6,0,1,0,0,513
2018-04-15,10,10.3,62,2.1,914,3.3,1.76,0.0,0.0,0,1,4,6,0,1,0,0,582
2018-04-15,11,11.8,57,2.6,1041,3.5,2.18,0.0,0.0,0,1,4,6,0,1,0,0,797
2018-04-15,12,12.5,53,3.4,1324,3.1,2.52,0.0,0.0,0,1,4,6,0,1,0,0,1105
2018-04-15,13,13.5,46,3.4,1325,2.0,2.71,0.0,0.0,0,1,4,6,0,1,0,0,1229
2018-04-15,14,13.7,50,3.7,1218,3.4,2.3,0.0,0.0,0,1,4,6,0,1,0,0,1083
2018-04-15,15,13.1,54,4.1,1264,3.9,1.98,0.0,0.0,0,1,4,6,0,1,0,0,62
2018-04-15,16,12.0,61,3.6,1374,4.6,0.57,0.0,0.0,0,1,4,6,0,1,0,0,124
2018-04-15,17,11.8,60,2.9,1457,4.2,0.6,0.0,0.0,0,1,4,6,0,1,0,0,42
2018-04-15,18,11.9,58,2.2,1645,3.8,0.61,0.0,0.0,0,1,4,6,0,1,0,0,343
2018-04-15,19,11.0,62,2.1,1661,3.9,0.19,0.0,0.0,0,1,4,6,0,1,0,0,317
2018-04-15,20,10.3,62,2.0,1749,3.3,0.0,0.0,0.0,0,1,4,6,0,1,0,0,297
2018-04-15,21,9.6,66,1.7,1850,3.5,0.0,0.0,0.0,0,1,4,6,0,1,0,0,464
2018-04-15,22,9.0,65,1.7,1953,2.7,0.0,0.0,0.0,0,1,4,6,0,1,0,0,620
2018-04-15,23,8.6,69,2.2,1730,3.2,0.0,0.0,0.0,0,1,4,6,0,1,0,0,467
2018-04-16,0,8.3,59,2.1,1912,0.7,0.0,0.0,0.0,0,1,4,0,0,1,0,0,401
2018-04-16,1,7.6,62,1.2,1885,0.7,0.0,0.0,0.0,0,1,4,0,0,1,0,0,226
2018-04-16,2,7.1,64,0.9,1756,0.7,0.0,0.0,0.0,0,1,4,0,0,1,0,0,126
2018-04-16,3,6.4,67,1.4,1668,0.7,0.0,0.0,0.0,0,1,4,0,0,1,0,0,107
2018-04-16,4,5.9,68,0.7,1590,0.4,0.0,0.0,0.0,0,1,4,0,0,1,0,0,75
2018-04-16,5,5.3,73,0.8,1474,0.8,0.0,0.0,0.0,0,1,4,0,0,1,0,0,132
2018-04-16,6,5.0,70,0.7,1739,0.0,0.0,0.0,0.0,0,1,4,0,0,1,0,0,405
2018-04-16,7,5.0,67,1.0,1774,-0.6,0.18,0.0,0.0,0,1,4,0,0,1,0,0,1049
2018-04-16,8,6.9,54,0.7,1706,-1.7,0.85,0.0,0.0,0,1,4,0,0,1,0,0,1713
2018-04-16,9,10.1,42,0.8,1911,-2.2,1.57,0.0,0.0,0,1,4,0,0,1,0,0,922
2018-04-16,10,12.4,34,1.2,1943,-3.0,2.24,0.0,0.0,0,1,4,0,0,1,0,0,700
2018-04-16,11,14.1,32,1.3,2000,-2.3,2.67,0.0,0.0,0,1,4,0,0,1,0,0,855
2018-04-16,12,15.5,33,2.5,1893,-0.7,3.1,0.0,0.0,0,1,4,0,0,1,0,0,1052
2018-04-16,13,16.6,30,2.3,1876,-1.0,3.21,0.0,0.0,0,1,4,0,0,1,0,0,973
2018-04-16,14,18.0,28,1.6,1820,-0.8,3.11,0.0,0.0,0,1,4,0,0,1,0,0,1016
2018-04-16,15,18.4,25,2.0,1809,-2.0,2.8,0.0,0.0,0,1,4,0,0,1,0,0,1145
2018-04-16,16,18.5,24,3.0,1773,-2.4,2.27,0.0,0.0,0,1,4,0,0,1,0,0,1452
2018-04-16,17,18.7,21,2.5,1871,-4.1,1.65,0.0,0.0,0,1,4,0,0,1,0,0,1753
2018-04-16,18,17.0,28,3.1,2000,-1.6,0.88,0.0,0.0,0,1,4,0,0,1,0,0,2692
2018-04-16,19,13.8,32,3.4,1992,-2.6,0.26,0.0,0.0,0,1,4,0,0,1,0,0,1719
2018-04-16,20,12.1,35,2.4,1954,-2.9,0.0,0.0,0.0,0,1,4,0,0,1,0,0,1498
2018-04-16,21,11.1,39,1.5,1734,-2.3,0.0,0.0,0.0,0,1,4,0,0,1,0,0,1355
2018-04-16,22,10.8,33,0.9,2000,-4.8,0.0,0.0,0.0,0,1,4,0,0,1,0,0,1099
2018-04-16,23,9.7,33,0.4,2000,-5.8,0.0,0.0,0.0,0,1,4,0,0,1,0,0,733
2018-04-17,0,9.6,31,0.8,2000,-6.7,0.0,0.0,0.0,0,1,4,1,0,1,0,0,503
2018-04-17,1,9.0,36,1.0,1994,-5.3,0.0,0.0,0.0,0,1,4,1,0,1,0,0,421
2018-04-17,2,8.4,45,0.9,1987,-2.8,0.0,0.0,0.0,0,1,4,1,0,1,0,0,237
2018-04-17,3,7.8,49,1.0,1975,-2.2,0.0,0.0,0.0,0,1,4,1,0,1,0,0,164
2018-04-17,4,7.6,52,0.4,1935,-1.6,0.0,0.0,0.0,0,1,4,1,0,1,0,0,110
2018-04-17,5,7.4,56,0.6,1746,-0.8,0.0,0.0,0.0,0,1,4,1,0,1,0,0,143
2018-04-17,6,6.9,57,0.5,1775,-1.0,0.0,0.0,0.0,0,1,4,1,0,1,0,0,406
2018-04-17,7,6.9,57,1.1,1633,-1.0,0.18,0.0,0.0,0,1,4,1,0,1,0,0,1100
2018-04-17,8,8.7,49,0.8,1520,-1.4,0.68,0.0,0.0,0,1,4,1,0,1,0,0,1920
2018-04-17,9,12.0,39,0.6,1386,-1.5,1.44,0.0,0.0,0,1,4,1,0,1,0,0,1013
2018-04-17,10,14.7,31,1.1,1240,-2.2,2.04,0.0,0.0,0,1,4,1,0,1,0,0,731
2018-04-17,11,16.9,27,1.5,1354,-2.2,2.66,0.0,0.0,0,1,4,1,0,1,0,0,822
2018-04-17,12,18.0,26,2.2,1459,-1.8,3.03,0.0,0.0,0,1,4,1,0,1,0,0,1112
2018-04-17,13,19.1,26,2.5,1134,-0.8,3.16,0.0,0.0,0,1,4,1,0,1,0,0,1007
2018-04-17,14,19.8,23,2.6,1472,-1.9,3.01,0.0,0.0,0,1,4,1,0,1,0,0,1037
2018-04-17,15,19.9,26,3.5,1628,-0.1,2.8,0.0,0.0,0,1,4,1,0,1,0,0,1120
2018-04-17,16,19.5,28,3.0,1605,0.4,2.24,0.0,0.0,0,1,4,1,0,1,0,0,1312
2018-04-17,17,18.3,29,4.3,1626,0.0,1.61,0.0,0.0,0,1,4,1,0,1,0,0,1632
2018-04-17,18,17.1,31,3.3,1501,-0.1,0.93,0.0,0.0,0,1,4,1,0,1,0,0,1727
2018-04-17,19,14.5,31,3.1,1558,-2.4,0.25,0.0,0.0,0,1,4,1,0,1,0,0,1356
2018-04-17,20,12.5,31,3.8,1746,-4.2,0.0,0.0,0.0,0,1,4,1,0,1,0,0,1290
2018-04-17,21,11.7,31,2.6,1617,-4.9,0.0,0.0,0.0,0,1,4,1,0,1,0,0,1320
2018-04-17,22,11.0,34,1.2,1529,-4.2,0.0,0.0,0.0,0,1,4,1,0,1,0,0,1071
2018-04-17,23,10.1,41,1.1,1509,-2.5,0.0,0.0,0.0,0,1,4,1,0,1,0,0,680
2018-04-18,0,9.6,44,2.2,1417,-2.0,0.0,0.0,0.0,0,1,4,2,0,1,0,0,515
2018-04-18,1,8.9,45,2.1,1456,-2.4,0.0,0.0,0.0,0,1,4,2,0,1,0,0,375
2018-04-18,2,8.7,44,1.6,1684,-2.8,0.0,0.0,0.0,0,1,4,2,0,1,0,0,260
2018-04-18,3,7.9,45,0.7,1770,-3.3,0.0,0.0,0.0,0,1,4,2,0,1,0,0,164
2018-04-18,4,7.2,49,0.8,1546,-2.8,0.0,0.0,0.0,0,1,4,2,0,1,0,0,105
2018-04-18,5,6.7,50,1.6,1774,-3.0,0.0,0.0,0.0,0,1,4,2,0,1,0,0,154
2018-04-18,6,6.2,52,0.8,1609,-2.9,0.0,0.0,0.0,0,1,4,2,0,1,0,0,395
2018-04-18,7,6.4,51,1.0,1398,-3.0,0.19,0.0,0.0,0,1,4,2,0,1,0,0,1083
2018-04-18,8,8.3,36,0.6,1335,-5.9,0.82,0.0,0.0,0,1,4,2,0,1,0,0,1815
2018-04-18,9,11.2,31,1.7,1299,-5.3,1.59,0.0,0.0,0,1,4,2,0,1,0,0,987
2018-04-18,10,13.7,26,2.3,1476,-5.4,2.25,0.0,0.0,0,1,4,2,0,1,0,0,761
2018-04-18,11,15.5,22,1.4,1762,-6.1,2.82,0.0,0.0,0,1,4,2,0,1,0,0,845
2018-04-18,12,16.5,17,3.3,1819,-8.6,3.13,0.0,0.0,0,1,4,2,0,1,0,0,1047
2018-04-18,13,17.7,16,2.8,1824,-8.4,3.27,0.0,0.0,0,1,4,2,0,1,0,0,975
2018-04-18,14,18.9,15,1.8,1822,-8.3,3.17,0.0,0.0,0,1,4,2,0,1,0,0,967
2018-04-18,15,19.0,21,3.3,1716,-3.8,2.88,0.0,0.0,0,1,4,2,0,1,0,0,1149
2018-04-18,16,18.5,22,2.7,1515,-3.6,2.27,0.0,0.0,0,1,4,2,0,1,0,0,1346
2018-04-18,17,17.8,26,3.3,1439,-1.9,1.63,0.0,0.0,0,1,4,2,0,1,0,0,1738
2018-04-18,18,16.6,33,3.4,1182,0.2,0.86,0.0,0.0,0,1,4,2,0,1,0,0,1918
2018-04-18,19,14.7,40,2.4,1207,1.2,0.21,0.0,0.0,0,1,4,2,0,1,0,0,842
2018-04-18,20,13.0,41,2.3,1164,0.0,0.0,0.0,0.0,0,1,4,2,0,1,0,0,1346
2018-04-18,21,12.1,40,2.0,1308,-1.1,0.0,0.0,0.0,0,1,4,2,0,1,0,0,1209
2018-04-18,22,11.3,42,1.6,1189,-1.1,0.0,0.0,0.0,0,1,4,2,0,1,0,0,1003
2018-04-18,23,10.7,42,0.9,1236,-1.7,0.0,0.0,0.0,0,1,4,2,0,1,0,0,671
2018-04-19,0,9.8,44,1.4,1268,-1.8,0.0,0.0,0.0,0,1,4,3,0,1,0,0,520
2018-04-19,1,9.3,45,0.8,1263,-2.0,0.0,0.0,0.0,0,1,4,3,0,1,0,0,42
2018-04-19,2,8.8,49,0.7,1272,-1.3,0.0,0.0,0.0,0,1,4,3,0,1,0,0,281
2018-04-19,3,8.6,53,1.5,1185,-0.4,0.0,0.0,0.0,0,1,4,3,0,1,0,0,206
2018-04-19,4,8.3,53,1.1,1007,-0.7,0.0,0.0,0.0,0,1,4,3,0,1,0,0,125
2018-04-19,5,7.9,59,1.4,1005,0.3,0.0,0.0,0.0,0,1,4,3,0,1,0,0,153
2018-04-19,6,7.6,55,1.2,1021,-0.8,0.0,0.0,0.0,0,1,4,3,0,1,0,0,367
2018-04-19,7,7.7,48,0.4,1110,-2.6,0.19,0.0,0.0,0,1,4,3,0,1,0,0,254
2018-04-19,8,9.6,39,0.8,1003,-3.7,0.79,0.0,0.0,0,1,4,3,0,1,0,0,20
2018-04-19,9,12.4,29,1.5,1380,-5.1,1.49,0.0,0.0,0,1,4,3,0,1,0,0,316
2018-04-19,10,14.7,29,1.7,1070,-3.1,2.07,0.0,0.0,0,1,4,3,0,1,0,0,139
2018-04-19,11,16.1,23,2.5,1361,-5.0,2.52,0.0,0.0,0,1,4,3,0,1,0,0,795
2018-04-19,12,17.8,21,2.7,1335,-4.8,2.79,0.0,0.0,0,1,4,3,0,1,0,0,919
2018-04-19,13,19.2,17,2.2,1448,-6.4,2.89,0.0,0.0,0,1,4,3,0,1,0,0,930
2018-04-19,14,20.5,17,3.1,1512,-5.4,2.83,0.0,0.0,0,1,4,3,0,1,0,0,996
2018-04-19,15,20.2,21,4.8,1161,-2.8,2.53,0.0,0.0,0,1,4,3,0,1,0,0,1039
2018-04-19,16,19.8,25,4.4,1132,-0.8,2.02,0.0,0.0,0,1,4,3,0,1,0,0,1198
2018-04-19,17,20.1,27,1.9,1088,0.4,1.38,0.0,0.0,0,1,4,3,0,1,0,0,1534
2018-04-19,18,19.1,31,3.0,958,1.5,0.7,0.0,0.0,0,1,4,3,0,1,0,0,2198
2018-04-19,19,17.4,34,2.2,779,1.3,0.16,0.0,0.0,0,1,4,3,0,1,0,0,1489
2018-04-19,20,15.5,38,1.7,745,1.2,0.0,0.0,0.0,0,1,4,3,0,1,0,0,1313
2018-04-19,21,14.2,44,2.4,1290,2.1,0.0,0.0,0.0,0,1,4,3,0,1,0,0,1165
2018-04-19,22,13.4,49,1.1,1326,2.8,0.0,0.0,0.0,0,1,4,3,0,1,0,0,1054
2018-04-19,23,12.9,51,1.7,1200,2.9,0.0,0.0,0.0,0,1,4,3,0,1,0,0,677
2018-04-20,0,12.4,56,0.5,1028,3.8,0.0,0.0,0.0,0,1,4,4,0,1,0,0,553
2018-04-20,1,11.8,60,0.2,918,4.2,0.0,0.0,0.0,0,1,4,4,0,1,0,0,436
2018-04-20,2,11.7,63,0.5,904,4.8,0.0,0.0,0.0,0,1,4,4,0,1,0,0,305
2018-04-20,3,11.3,61,0.3,934,4.0,0.0,0.0,0.0,0,1,4,4,0,1,0,0,188
2018-04-20,4,11.4,60,0.8,932,3.8,0.0,0.0,0.0,0,1,4,4,0,1,0,0,134
2018-04-20,5,11.4,60,0.4,851,3.8,0.0,0.0,0.0,0,1,4,4,0,1,0,0,168
2018-04-20,6,11.2,63,0.7,821,4.4,0.0,0.0,0.0,0,1,4,4,0,1,0,0,414
2018-04-20,7,11.3,62,0.7,774,4.2,0.17,0.0,0.0,0,1,4,4,0,1,0,0,979
2018-04-20,8,13.0,54,1.2,738,3.8,0.68,0.0,0.0,0,1,4,4,0,1,0,0,1659
2018-04-20,9,15.8,42,0.9,683,2.8,1.37,0.0,0.0,0,1,4,4,0,1,0,0,962
2018-04-20,10,18.2,36,1.0,620,2.8,1.99,0.0,0.0,0,1,4,4,0,1,0,0,708
2018-04-20,11,20.6,34,2.2,705,4.1,2.51,0.0,0.0,0,1,4,4,0,1,0,0,805
2018-04-20,12,22.5,33,1.8,894,5.4,2.88,0.0,0.0,0,1,4,4,0,1,0,0,1019
2018-04-20,13,24.2,30,1.5,835,5.5,3.03,0.0,0.0,0,1,4,4,0,1,0,0,973
2018-04-20,14,25.9,28,2.2,808,5.9,2.92,0.0,0.0,0,1,4,4,0,1,0,0,970
2018-04-20,15,26.1,27,1.8,581,5.6,2.59,0.0,0.0,0,1,4,4,0,1,0,0,1080
2018-04-20,16,25.7,30,3.4,600,6.8,2.07,0.0,0.0,0,1,4,4,0,1,0,0,1206
2018-04-20,17,25.6,30,2.3,671,6.7,1.47,0.0,0.0,0,1,4,4,0,1,0,0,1543
2018-04-20,18,24.7,33,2.3,687,7.3,0.78,0.0,0.0,0,1,4,4,0,1,0,0,2268
2018-04-20,19,22.9,35,1.8,714,6.6,0.22,0.0,0.0,0,1,4,4,0,1,0,0,1578
2018-04-20,20,21.1,43,1.8,788,8.0,0.0,0.0,0.0,0,1,4,4,0,1,0,0,1358
2018-04-20,21,19.2,50,1.5,842,8.5,0.0,0.0,0.0,0,1,4,4,0,1,0,0,1213
2018-04-20,22,18.2,52,1.3,818,8.1,0.0,0.0,0.0,0,1,4,4,0,1,0,0,1183
2018-04-20,23,17.3,57,0.6,807,8.6,0.0,0.0,0.0,0,1,4,4,0,1,0,0,891
2018-04-21,0,16.3,59,0.2,756,8.2,0.0,0.0,0.0,0,1,4,5,0,1,0,0,707
2018-04-21,1,15.5,60,1.1,658,7.7,0.0,0.0,0.0,0,1,4,5,0,1,0,0,628
2018-04-21,2,14.7,63,1.8,611,7.7,0.0,0.0,0.0,0,1,4,5,0,1,0,0,436
2018-04-21,3,14.2,62,1.4,583,7.0,0.0,0.0,0.0,0,1,4,5,0,1,0,0,307
2018-04-21,4,13.6,67,1.6,521,7.5,0.0,0.0,0.0,0,1,4,5,0,1,0,0,166
2018-04-21,5,13.0,70,0.5,385,7.6,0.0,0.0,0.0,0,1,4,5,0,1,0,0,122
2018-04-21,6,12.3,67,0.5,483,6.3,0.0,0.0,0.0,0,1,4,5,0,1,0,0,184
2018-04-21,7,12.5,68,1.1,457,6.7,0.22,0.0,0.0,0,1,4,5,0,1,0,0,324
2018-04-21,8,14.6,54,0.9,431,5.3,0.89,0.0,0.0,0,1,4,5,0,1,0,0,600
2018-04-21,9,18.1,33,1.1,512,1.5,1.61,0.0,0.0,0,1,4,5,0,1,0,0,647
2018-04-21,10,20.6,24,2.0,950,-0.7,2.29,0.0,0.0,0,1,4,5,0,1,0,0,702
2018-04-21,11,23.1,19,2.0,1172,-1.8,2.85,0.0,0.0,0,1,4,5,0,1,0,0,872
2018-04-21,12,24.3,14,3.3,1701,-4.9,3.19,0.0,0.0,0,1,4,5,0,1,0,0,1130
2018-04-21,13,24.6,10,2.7,2000,-9.0,3.31,0.0,0.0,0,1,4,5,0,1,0,0,1315
2018-04-21,14,25.0,14,3.8,1858,-4.3,3.29,0.0,0.0,0,1,4,5,0,1,0,0,1511
2018-04-21,15,25.0,13,4.1,2000,-5.3,2.98,0.0,0.0,0,1,4,5,0,1,0,0,1730
2018-04-21,16,24.8,13,3.3,1955,-5.5,2.5,0.0,0.0,0,1,4,5,0,1,0,0,1942
2018-04-21,17,23.2,12,3.6,2000,-7.8,1.69,0.0,0.0,0,1,4,5,0,1,0,0,2032
2018-04-21,18,22.2,11,3.0,2000,-9.7,0.98,0.0,0.0,0,1,4,5,0,1,0,0,1986
2018-04-21,19,20.7,15,2.0,2000,-6.9,0.34,0.0,0.0,0,1,4,5,0,1,0,0,1711
2018-04-21,20,19.1,18,1.2,2000,-5.8,0.0,0.0,0.0,0,1,4,5,0,1,0,0,1581
2018-04-21,21,17.8,21,1.2,2000,-4.8,0.0,0.0,0.0,0,1,4,5,0,1,0,0,1491
2018-04-21,22,16.7,28,1.0,1996,-1.9,0.0,0.0,0.0,0,1,4,5,0,1,0,0,1292
2018-04-21,23,16.0,33,0.5,1996,-0.2,0.0,0.0,0.0,0,1,4,5,0,1,0,0,988
2018-04-22,0,15.9,35,0.3,1995,0.4,0.0,0.0,0.0,0,1,4,6,0,1,0,0,826
2018-04-22,1,15.9,39,0.2,2000,1.9,0.0,0.0,0.0,0,1,4,6,0,1,0,0,578
2018-04-22,2,15.4,41,0.5,1319,2.1,0.0,0.0,0.0,0,1,4,6,0,1,0,0,410
2018-04-22,3,15.2,31,0.3,2000,-1.8,0.0,0.0,0.0,0,1,4,6,0,1,0,0,289
2018-04-22,4,14.9,35,0.8,2000,-0.4,0.0,0.0,0.0,0,1,4,6,0,1,0,0,192
2018-04-22,5,14.8,38,0.6,2000,0.5,0.0,0.0,0.0,0,1,4,6,0,1,0,0,136
2018-04-22,6,14.6,42,0.5,2000,1.8,0.0,0.0,0.0,0,1,4,6,0,1,0,0,155
2018-04-22,7,15.0,41,0.3,2000,1.8,0.12,0.0,0.0,0,1,4,6,0,1,0,0,278
2018-04-22,8,16.3,40,0.8,1982,2.6,0.25,0.0,0.0,0,1,4,6,0,1,0,0,429
2018-04-22,9,16.9,45,0.9,1958,4.8,0.27,0.0,0.0,0,1,4,6,0,1,0,0,247
2018-04-22,10,16.3,62,0.8,1639,8.9,0.27,0.3,0.0,0,1,4,6,0,1,0,0,486
2018-04-22,11,17.4,54,0.9,1840,7.9,0.51,0.0,0.0,0,1,4,6,0,1,0,0,424
2018-04-22,12,18.9,44,0.9,1910,6.3,0.75,0.0,0.0,0,1,4,6,0,1,0,0,631
2018-04-22,13,20.5,35,1.1,2000,4.4,1.13,0.0,0.0,0,1,4,6,0,1,0,0,842
2018-04-22,14,20.7,32,1.5,1996,3.3,0.69,0.0,0.0,0,1,4,6,0,1,0,0,384
2018-04-22,15,19.6,44,2.4,1885,7.0,0.47,0.2,0.0,0,1,4,6,0,1,0,0,234
2018-04-22,16,19.1,52,0.9,1583,9.0,0.37,0.0,0.0,0,1,4,6,0,1,0,0,103
2018-04-22,17,17.9,65,1.2,965,11.2,0.13,1.0,0.0,0,1,4,6,0,1,0,0,46
2018-04-22,18,16.1,73,1.3,1298,11.2,0.11,0.5,0.0,0,1,4,6,0,1,0,0,63
2018-04-22,19,15.2,64,1.7,1185,8.4,0.02,0.5,0.0,0,1,4,6,0,1,0,0,32
2018-04-22,20,13.3,80,1.8,821,9.9,0.0,1.5,0.0,0,1,4,6,0,1,0,0,12
2018-04-22,21,12.0,86,2.3,681,9.7,0.0,2.5,0.0,0,1,4,6,0,1,0,0,24
2018-04-22,22,11.6,89,2.0,469,9.8,0.0,4.0,0.0,0,1,4,6,0,1,0,0,13
2018-04-22,23,11.3,94,1.6,368,10.3,0.0,3.0,0.0,0,1,4,6,0,1,0,0,18
2018-04-23,0,10.7,94,2.6,477,9.7,0.0,2.0,0.0,0,1,4,0,0,1,0,0,81
2018-04-23,1,10.6,87,2.3,1523,8.5,0.0,0.1,0.0,0,1,4,0,0,1,0,0,41
2018-04-23,2,10.2,90,2.2,490,8.6,0.0,0.9,0.0,0,1,4,0,0,1,0,0,21
2018-04-23,3,9.9,93,2.3,990,8.8,0.0,0.5,0.0,0,1,4,0,0,1,0,0,8
2018-04-23,4,9.5,95,2.4,410,8.7,0.0,3.5,0.0,0,1,4,0,0,1,0,0,2
2018-04-23,5,9.2,95,2.3,404,8.4,0.0,2.5,0.0,0,1,4,0,0,1,0,0,6
2018-04-23,6,9.1,95,2.7,373,8.3,0.0,7.0,0.0,0,1,4,0,0,1,0,0,5
2018-04-23,7,9.0,95,2.3,294,8.2,0.0,6.0,0.0,0,1,4,0,0,1,0,0,17
2018-04-23,8,8.8,95,2.8,519,8.0,0.03,5.0,0.0,0,1,4,0,0,1,0,0,25
2018-04-23,9,8.5,95,2.6,447,7.7,0.1,8.0,0.0,0,1,4,0,0,1,0,0,9
2018-04-23,10,8.6,95,2.5,578,7.8,0.2,4.0,0.0,0,1,4,0,0,1,0,0,12
2018-04-23,11,8.9,91,2.2,437,7.5,0.29,1.5,0.0,0,1,4,0,0,1,0,0,10
2018-04-23,12,9.0,96,1.9,481,8.3,0.43,5.5,0.0,0,1,4,0,0,1,0,0,10
2018-04-23,13,9.3,95,2.3,419,8.5,0.4,2.5,0.0,0,1,4,0,0,1,0,0,11
2018-04-23,14,9.4,96,2.6,304,8.7,0.39,4.0,0.0,0,1,4,0,0,1,0,0,17
2018-04-23,15,9.5,96,2.2,350,8.8,0.31,1.5,0.0,0,1,4,0,0,1,0,0,14
2018-04-23,16,9.6,96,1.7,1409,8.9,0.23,1.0,0.0,0,1,4,0,0,1,0,0,41
2018-04-23,17,9.4,95,1.9,660,8.6,0.11,0.5,0.0,0,1,4,0,0,1,0,0,42
2018-04-23,18,9.4,96,1.9,600,8.7,0.07,1.0,0.0,0,1,4,0,0,1,0,0,39
2018-04-23,19,9.4,95,1.8,531,8.6,0.03,1.5,0.0,0,1,4,0,0,1,0,0,50
2018-04-23,20,9.4,95,1.6,740,8.6,0.0,1.0,0.0,0,1,4,0,0,1,0,0,37
2018-04-23,21,9.4,94,2.1,869,8.4,0.0,1.5,0.0,0,1,4,0,0,1,0,0,82
2018-04-23,22,9.6,90,1.9,2000,8.0,0.0,0.0,0.0,0,1,4,0,0,1,0,0,164
2018-04-23,23,9.8,87,1.9,2000,7.7,0.0,0.0,0.0,0,1,4,0,0,1,0,0,233
2018-04-24,0,9.8,86,1.3,2000,7.5,0.0,0.0,0.0,0,1,4,1,0,1,0,0,213
2018-04-24,1,10.1,83,1.6,2000,7.3,0.0,0.0,0.0,0,1,4,1,0,1,0,0,157
2018-04-24,2,10.1,83,1.4,2000,7.3,0.0,0.1,0.0,0,1,4,1,0,1,0,0,68
2018-04-24,3,9.6,94,1.3,523,8.6,0.0,2.4,0.0,0,1,4,1,0,1,0,0,35
2018-04-24,4,9.5,94,1.2,2000,8.5,0.0,0.5,0.0,0,1,4,1,0,1,0,0,34
2018-04-24,5,9.4,93,1.3,2000,8.3,0.0,0.0,0.0,0,1,4,1,0,1,0,0,77
2018-04-24,6,9.6,87,2.0,2000,7.5,0.0,0.0,0.0,0,1,4,1,0,1,0,0,262
2018-04-24,7,9.8,84,1.3,2000,7.2,0.04,0.0,0.0,0,1,4,1,0,1,0,0,751
2018-04-24,8,10.5,79,1.3,2000,7.0,0.29,0.0,0.0,0,1,4,1,0,1,0,0,1502
2018-04-24,9,12.0,71,1.4,2000,6.8,0.92,0.0,0.0,0,1,4,1,0,1,0,0,814
2018-04-24,10,12.9,68,1.3,2000,7.1,0.97,0.0,0.0,0,1,4,1,0,1,0,0,638
2018-04-24,11,14.1,62,1.6,2000,6.9,1.08,0.0,0.0,0,1,4,1,0,1,0,0,710
2018-04-24,12,15.2,57,1.9,2000,6.7,1.33,0.0,0.0,0,1,4,1,0,1,0,0,925
2018-04-24,13,15.9,53,2.1,2000,6.3,1.54,0.0,0.0,0,1,4,1,0,1,0,0,923
2018-04-24,14,16.0,52,1.7,2000,6.1,1.22,0.0,0.0,0,1,4,1,0,1,0,0,942
2018-04-24,15,16.1,52,1.5,2000,6.2,0.93,0.0,0.0,0,1,4,1,0,1,0,0,971
2018-04-24,16,15.5,52,1.7,2000,5.6,0.7,0.0,0.0,0,1,4,1,0,1,0,0,1118
2018-04-24,17,15.1,52,1.9,2000,5.3,0.64,0.0,0.0,0,1,4,1,0,1,0,0,1462
2018-04-24,18,14.1,43,1.6,2000,1.6,0.36,0.0,0.0,0,1,4,1,0,1,0,0,2318
2018-04-24,19,13.3,37,1.2,2000,-1.1,0.12,0.0,0.0,0,1,4,1,0,1,0,0,1580
2018-04-24,20,12.6,49,0.8,2000,2.1,0.0,0.0,0.0,0,1,4,1,0,1,0,0,1332
2018-04-24,21,11.5,47,1.1,2000,0.5,0.0,0.0,0.0,0,1,4,1,0,1,0,0,1372
2018-04-24,22,10.4,43,0.7,2000,-1.6,0.0,0.0,0.0,0,1,4,1,0,1,0,0,1215
2018-04-24,23,9.6,44,0.7,2000,-2.0,0.0,0.0,0.0,0,1,4,1,0,1,0,0,725
2018-04-25,0,8.9,55,0.7,2000,0.3,0.0,0.0,0.0,0,1,4,2,0,1,0,0,536
2018-04-25,1,8.4,58,1.1,2000,0.6,0.0,0.0,0.0,0,1,4,2,0,1,0,0,444
2018-04-25,2,7.7,60,0.3,1993,0.4,0.0,0.0,0.0,0,1,4,2,0,1,0,0,306
2018-04-25,3,7.1,60,0.3,2000,-0.1,0.0,0.0,0.0,0,1,4,2,0,1,0,0,206
2018-04-25,4,6.4,66,0.5,2000,0.4,0.0,0.0,0.0,0,1,4,2,0,1,0,0,117
2018-04-25,5,6.0,63,0.5,1984,-0.5,0.0,0.0,0.0,0,1,4,2,0,1,0,0,148
2018-04-25,6,5.8,55,0.3,2000,-2.5,0.0,0.0,0.0,0,1,4,2,0,1,0,0,449
2018-04-25,7,6.4,51,0.3,1963,-3.0,0.27,0.0,0.0,0,1,4,2,0,1,0,0,1123
2018-04-25,8,8.8,37,0.9,1939,-5.1,0.89,0.0,0.0,0,1,4,2,0,1,0,0,1900
2018-04-25,9,11.7,32,0.8,1862,-4.4,1.6,0.0,0.0,0,1,4,2,0,1,0,0,1066
2018-04-25,10,14.8,29,0.6,1749,-3.0,2.2,0.0,0.0,0,1,4,2,0,1,0,0,756
2018-04-25,11,17.5,25,1.3,1843,-2.7,2.74,0.0,0.0,0,1,4,2,0,1,0,0,938
2018-04-25,12,19.4,20,1.1,1663,-4.1,3.08,0.0,0.0,0,1,4,2,0,1,0,0,1192
2018-04-25,13,20.8,23,1.7,1467,-1.1,3.18,0.0,0.0,0,1,4,2,0,1,0,0,1141
2018-04-25,14,22.1,22,2.1,1470,-0.6,3.12,0.0,0.0,0,1,4,2,0,1,0,0,1161
2018-04-25,15,22.8,21,2.1,1542,-0.6,2.75,0.0,0.0,0,1,4,2,0,1,0,0,1180
2018-04-25,16,23.1,19,3.1,1871,-1.8,2.26,0.0,0.0,0,1,4,2,0,1,0,0,1447
2018-04-25,17,22.9,23,2.8,1985,0.6,1.64,0.0,0.0,0,1,4,2,0,1,0,0,1878
2018-04-25,18,21.2,32,3.8,1927,3.8,0.94,0.0,0.0,0,1,4,2,0,1,0,0,2807
2018-04-25,19,18.2,36,3.5,2000,2.8,0.29,0.0,0.0,0,1,4,2,0,1,0,0,1958
2018-04-25,20,16.8,29,4.3,1971,-1.3,0.01,0.0,0.0,0,1,4,2,0,1,0,0,1651
2018-04-25,21,15.9,35,1.4,1999,0.4,0.0,0.0,0.0,0,1,4,2,0,1,0,0,1593
2018-04-25,22,15.2,35,1.2,1999,-0.1,0.0,0.0,0.0,0,1,4,2,0,1,0,0,1382
2018-04-25,23,14.0,45,0.6,1901,2.2,0.0,0.0,0.0,0,1,4,2,0,1,0,0,906
2018-04-26,0,13.1,47,0.3,1877,2.0,0.0,0.0,0.0,0,1,4,3,0,1,0,0,692
2018-04-26,1,12.4,55,1.0,1836,3.5,0.0,0.0,0.0,0,1,4,3,0,1,0,0,546
2018-04-26,2,11.9,57,1.0,1793,3.6,0.0,0.0,0.0,0,1,4,3,0,1,0,0,409
2018-04-26,3,11.3,66,1.0,1506,5.1,0.0,0.0,0.0,0,1,4,3,0,1,0,0,239
2018-04-26,4,10.7,70,0.7,1404,5.4,0.0,0.0,0.0,0,1,4,3,0,1,0,0,140
2018-04-26,5,10.2,73,0.8,1137,5.5,0.0,0.0,0.0,0,1,4,3,0,1,0,0,180
2018-04-26,6,10.0,72,0.8,1217,5.1,0.01,0.0,0.0,0,1,4,3,0,1,0,0,452
2018-04-26,7,10.7,68,0.8,1093,5.0,0.27,0.0,0.0,0,1,4,3,0,1,0,0,1124
2018-04-26,8,11.7,62,0.6,956,4.6,0.62,0.0,0.0,0,1,4,3,0,1,0,0,1933
2018-04-26,9,14.0,54,1.5,1054,4.8,1.37,0.0,0.0,0,1,4,3,0,1,0,0,1027
2018-04-26,10,16.7,47,2.2,1147,5.3,2.26,0.0,0.0,0,1,4,3,0,1,0,0,745
2018-04-26,11,18.1,42,2.7,1112,4.9,2.17,0.0,0.0,0,1,4,3,0,1,0,0,930
2018-04-26,12,19.6,36,2.2,962,4.1,2.55,0.0,0.0,0,1,4,3,0,1,0,0,1197
2018-04-26,13,20.6,30,2.4,1048,2.3,2.67,0.0,0.0,0,1,4,3,0,1,0,0,1084
2018-04-26,14,21.6,28,3.1,1414,2.2,2.84,0.0,0.0,0,1,4,3,0,1,0,0,1123
2018-04-26,15,21.9,23,2.6,1463,-0.1,2.66,0.0,0.0,0,1,4,3,0,1,0,0,1227
2018-04-26,16,21.7,23,2.5,1404,-0.3,1.97,0.0,0.0,0,1,4,3,0,1,0,0,1386
2018-04-26,17,20.7,30,3.3,1482,2.4,1.48,0.0,0.0,0,1,4,3,0,1,0,0,1796
2018-04-26,18,17.4,45,3.1,1092,5.3,0.75,0.0,0.0,0,1,4,3,0,1,0,0,2574
2018-04-26,19,15.2,45,3.3,1138,3.3,0.24,0.0,0.0,0,1,4,3,0,1,0,0,1891
2018-04-26,20,14.4,50,2.7,1216,4.0,0.01,0.0,0.0,0,1,4,3,0,1,0,0,1531
2018-04-26,21,13.4,60,2.2,1517,5.7,0.0,0.0,0.0,0,1,4,3,0,1,0,0,1447
2018-04-26,22,12.7,61,2.2,1949,5.3,0.0,0.0,0.0,0,1,4,3,0,1,0,0,1146
2018-04-26,23,12.1,58,1.9,1719,4.0,0.0,0.0,0.0,0,1,4,3,0,1,0,0,851
2018-04-27,0,11.8,59,2.4,1535,4.0,0.0,0.0,0.0,0,1,4,4,0,1,0,0,663
2018-04-27,1,11.5,57,1.8,1471,3.2,0.0,0.0,0.0,0,1,4,4,0,1,0,0,562
2018-04-27,2,11.2,58,1.4,1255,3.2,0.0,0.0,0.0,0,1,4,4,0,1,0,0,361
2018-04-27,3,10.7,63,1.1,989,3.9,0.0,0.0,0.0,0,1,4,4,0,1,0,0,258
2018-04-27,4,10.2,65,1.5,970,3.9,0.0,0.0,0.0,0,1,4,4,0,1,0,0,140
2018-04-27,5,9.9,69,1.1,808,4.4,0.0,0.0,0.0,0,1,4,4,0,1,0,0,170
2018-04-27,6,9.9,66,1.5,931,3.8,0.0,0.0,0.0,0,1,4,4,0,1,0,0,427
2018-04-27,7,10.1,63,0.7,1163,3.3,0.22,0.0,0.0,0,1,4,4,0,1,0,0,1129
2018-04-27,8,11.6,58,1.4,1150,3.6,0.79,0.0,0.0,0,1,4,4,0,1,0,0,1922
2018-04-27,9,13.2,57,0.8,1003,4.8,1.39,0.0,0.0,0,1,4,4,0,1,0,0,985
2018-04-27,10,15.3,50,1.0,944,4.9,1.97,0.0,0.0,0,1,4,4,0,1,0,0,789
2018-04-27,11,17.7,44,1.5,945,5.2,2.51,0.0,0.0,0,1,4,4,0,1,0,0,986
2018-04-27,12,19.5,40,1.1,1055,5.5,2.89,0.0,0.0,0,1,4,4,0,1,0,0,1142
2018-04-27,13,21.0,36,1.0,1164,5.3,2.99,0.0,0.0,0,1,4,4,0,1,0,0,1133
2018-04-27,14,22.2,32,2.8,1124,4.7,2.91,0.0,0.0,0,1,4,4,0,1,0,0,1115
2018-04-27,15,22.7,29,1.6,1223,3.7,2.66,0.0,0.0,0,1,4,4,0,1,0,0,1253
2018-04-27,16,23.2,33,2.4,869,6.0,2.12,0.0,0.0,0,1,4,4,0,1,0,0,1446
2018-04-27,17,21.8,41,3.0,662,7.9,1.44,0.0,0.0,0,1,4,4,0,1,0,0,1877
2018-04-27,18,20.3,47,2.5,705,8.6,0.77,0.0,0.0,0,1,4,4,0,1,0,0,2577
2018-04-27,19,18.7,53,2.7,753,8.9,0.24,0.0,0.0,0,1,4,4,0,1,0,0,1812
2018-04-27,20,16.9,41,3.1,1060,3.5,0.0,0.0,0.0,0,1,4,4,0,1,0,0,1499
2018-04-27,21,15.7,51,1.9,806,5.5,0.0,0.0,0.0,0,1,4,4,0,1,0,0,1362
2018-04-27,22,14.7,63,1.4,554,7.7,0.0,0.0,0.0,0,1,4,4,0,1,0,0,1278
2018-04-27,23,14.0,66,1.2,519,7.7,0.0,0.0,0.0,0,1,4,4,0,1,0,0,975
2018-04-28,0,13.3,70,1.6,473,7.9,0.0,0.0,0.0,0,1,4,5,0,1,0,0,777
2018-04-28,1,12.7,74,1.8,392,8.1,0.0,0.0,0.0,0,1,4,5,0,1,0,0,672
2018-04-28,2,12.0,76,1.0,363,7.8,0.0,0.0,0.0,0,1,4,5,0,1,0,0,522
2018-04-28,3,11.6,76,1.0,364,7.5,0.0,0.0,0.0,0,1,4,5,0,1,0,0,325
2018-04-28,4,11.4,78,1.8,362,7.6,0.0,0.0,0.0,0,1,4,5,0,1,0,0,166
2018-04-28,5,10.9,81,1.7,348,7.7,0.0,0.0,0.0,0,1,4,5,0,1,0,0,152
2018-04-28,6,10.6,84,1.1,284,8.0,0.0,0.0,0.0,0,1,4,5,0,1,0,0,230
2018-04-28,7,10.8,78,0.5,335,7.1,0.26,0.0,0.0,0,1,4,5,0,1,0,0,376
2018-04-28,8,12.7,67,0.6,378,6.7,0.86,0.0,0.0,0,1,4,5,0,1,0,0,647
2018-04-28,9,15.1,56,1.7,493,6.3,1.57,0.0,0.0,0,1,4,5,0,1,0,0,795
2018-04-28,10,17.4,46,1.8,734,5.6,2.27,0.0,0.0,0,1,4,5,0,1,0,0,808
2018-04-28,11,19.0,30,3.0,1719,1.0,2.84,0.0,0.0,0,1,4,5,0,1,0,0,1000
2018-04-28,12,20.5,31,2.5,1485,2.7,3.18,0.0,0.0,0,1,4,5,0,1,0,0,1278
2018-04-28,13,21.2,31,2.8,1295,3.3,3.25,0.0,0.0,0,1,4,5,0,1,0,0,1404
2018-04-28,14,21.3,25,3.8,1884,0.4,3.22,0.0,0.0,0,1,4,5,0,1,0,0,1597
2018-04-28,15,21.1,25,4.1,1885,0.2,2.96,0.0,0.0,0,1,4,5,0,1,0,0,1875
2018-04-28,16,20.4,25,4.7,1990,-0.3,2.45,0.0,0.0,0,1,4,5,0,1,0,0,1945
2018-04-28,17,20.1,29,3.3,1840,1.4,1.78,0.0,0.0,0,1,4,5,0,1,0,0,2043
2018-04-28,18,18.9,30,2.6,1995,0.9,1.05,0.0,0.0,0,1,4,5,0,1,0,0,1882
2018-04-28,19,16.9,33,1.3,1965,0.5,0.34,0.0,0.0,0,1,4,5,0,1,0,0,1590
2018-04-28,20,15.1,34,2.2,1981,-0.6,0.01,0.0,0.0,0,1,4,5,0,1,0,0,1435
2018-04-28,21,13.9,37,1.1,1751,-0.5,0.0,0.0,0.0,0,1,4,5,0,1,0,0,1351
2018-04-28,22,13.0,45,1.6,1713,1.3,0.0,0.0,0.0,0,1,4,5,0,1,0,0,1165
2018-04-28,23,12.3,51,1.0,1648,2.4,0.0,0.0,0.0,0,1,4,5,0,1,0,0,905
2018-04-29,0,11.7,53,1.4,1620,2.4,0.0,0.0,0.0,0,1,4,6,0,1,0,0,790
2018-04-29,1,11.2,57,1.6,1533,2.9,0.0,0.0,0.0,0,1,4,6,0,1,0,0,554
2018-04-29,2,10.9,56,1.2,1460,2.4,0.0,0.0,0.0,0,1,4,6,0,1,0,0,425
2018-04-29,3,10.6,60,1.0,1163,3.1,0.0,0.0,0.0,0,1,4,6,0,1,0,0,263
2018-04-29,4,10.3,63,0.7,1277,3.5,0.0,0.0,0.0,0,1,4,6,0,1,0,0,183
2018-04-29,5,9.7,63,1.1,1304,2.9,0.0,0.0,0.0,0,1,4,6,0,1,0,0,138
2018-04-29,6,9.5,65,1.0,1325,3.2,0.01,0.0,0.0,0,1,4,6,0,1,0,0,183
2018-04-29,7,9.9,59,0.7,1707,2.2,0.25,0.0,0.0,0,1,4,6,0,1,0,0,307
2018-04-29,8,12.2,50,0.8,1412,2.0,0.84,0.0,0.0,0,1,4,6,0,1,0,0,485
2018-04-29,9,14.9,39,0.9,1354,1.0,1.56,0.0,0.0,0,1,4,6,0,1,0,0,716
2018-04-29,10,17.5,35,1.8,1570,1.8,2.26,0.0,0.0,0,1,4,6,0,1,0,0,787
2018-04-29,11,19.6,28,2.0,1695,0.5,2.79,0.0,0.0,0,1,4,6,0,1,0,0,1060
2018-04-29,12,20.5,31,2.6,1299,2.7,2.79,0.0,0.0,0,1,4,6,0,1,0,0,1375
2018-04-29,13,21.9,27,2.2,1055,2.0,3.35,0.0,0.0,0,1,4,6,0,1,0,0,1635
2018-04-29,14,21.6,28,3.3,1172,2.2,2.93,0.0,0.0,0,1,4,6,0,1,0,0,1814
2018-04-29,15,22.8,24,3.3,1138,1.1,2.79,0.0,0.0,0,1,4,6,0,1,0,0,2019
2018-04-29,16,22.2,23,3.7,1183,0.0,2.28,0.0,0.0,0,1,4,6,0,1,0,0,2044
2018-04-29,17,21.9,28,3.1,1023,2.5,1.6,0.0,0.0,0,1,4,6,0,1,0,0,2094
2018-04-29,18,20.1,28,3.2,1114,1.0,0.89,0.0,0.0,0,1,4,6,0,1,0,0,1950
2018-04-29,19,18.1,38,2.8,932,3.5,0.16,0.0,0.0,0,1,4,6,0,1,0,0,1712
2018-04-29,20,16.9,42,2.7,942,3.8,0.0,0.0,0.0,0,1,4,6,0,1,0,0,1485
2018-04-29,21,16.1,44,1.2,913,3.8,0.0,0.0,0.0,0,1,4,6,0,1,0,0,1382
2018-04-29,22,15.6,43,2.3,1016,3.0,0.0,0.0,0.0,0,1,4,6,0,1,0,0,1128
2018-04-29,23,15.2,51,1.0,858,5.1,0.0,0.0,0.0,0,1,4,6,0,1,0,0,820
2018-04-30,0,14.7,54,1.3,718,5.4,0.0,0.0,0.0,0,1,4,0,0,1,0,0,569
2018-04-30,1,14.4,60,1.7,580,6.7,0.0,0.0,0.0,0,1,4,0,0,1,0,0,362
2018-04-30,2,14.1,62,1.2,502,6.9,0.0,0.0,0.0,0,1,4,0,0,1,0,0,246
2018-04-30,3,14.3,61,1.0,475,6.8,0.0,0.0,0.0,0,1,4,0,0,1,0,0,157
2018-04-30,4,14.6,57,1.2,495,6.1,0.0,0.0,0.0,0,1,4,0,0,1,0,0,132
2018-04-30,5,14.8,63,0.7,492,7.8,0.0,0.0,0.0,0,1,4,0,0,1,0,0,185
2018-04-30,6,14.9,64,0.5,424,8.1,0.0,0.0,0.0,0,1,4,0,0,1,0,0,397
2018-04-30,7,15.1,78,1.5,354,11.2,0.06,0.0,0.0,0,1,4,0,0,1,0,0,1075
2018-04-30,8,15.8,73,0.5,357,10.9,0.39,0.0,0.0,0,1,4,0,0,1,0,0,1791
2018-04-30,9,17.5,65,1.0,416,10.8,1.0,0.0,0.0,0,1,4,0,0,1,0,0,983
2018-04-30,10,19.5,54,1.1,451,9.9,1.88,0.0,0.0,0,1,4,0,0,1,0,0,742
2018-04-30,11,20.3,52,0.9,468,10.1,1.96,0.0,0.0,0,1,4,0,0,1,0,0,901
2018-04-30,12,22.2,50,2.0,564,11.2,2.65,0.0,0.0,0,1,4,0,0,1,0,0,1094
2018-04-30,13,23.3,45,1.8,684,10.6,2.96,0.0,0.0,0,1,4,0,0,1,0,0,1019
2018-04-30,14,24.0,47,2.3,520,11.9,2.87,0.0,0.0,0,1,4,0,0,1,0,0,1055
2018-04-30,15,24.1,48,2.7,419,12.3,2.47,0.0,0.0,0,1,4,0,0,1,0,0,1168
2018-04-30,16,24.8,45,1.8,549,12.0,2.05,0.0,0.0,0,1,4,0,0,1,0,0,1344
2018-04-30,17,24.0,53,3.5,536,13.8,1.39,0.0,0.0,0,1,4,0,0,1,0,0,1706
2018-04-30,18,23.0,54,2.9,679,13.1,0.81,0.0,0.0,0,1,4,0,0,1,0,0,2558
2018-04-30,19,21.2,65,2.9,559,14.3,0.25,0.0,0.0,0,1,4,0,0,1,0,0,2064
2018-04-30,20,20.0,69,2.4,533,14.1,0.0,0.0,0.0,0,1,4,0,0,1,0,0,1703
2018-04-30,21,19.1,73,1.2,413,14.1,0.0,0.0,0.0,0,1,4,0,0,1,0,0,1711
2018-04-30,22,18.4,78,1.6,377,14.4,0.0,0.0,0.0,0,1,4,0,0,1,0,0,1456
2018-04-30,23,17.9,79,0.4,323,14.1,0.0,0.0,0.0,0,1,4,0,0,1,0,0,1044
2018-05-01,0,18.3,78,0.8,349,14.3,0.0,0.0,0.0,1,1,5,1,0,1,0,0,782
2018-05-01,1,18.3,83,1.1,451,15.3,0.0,0.0,0.0,1,1,5,1,0,1,0,0,705
2018-05-01,2,18.2,85,0.8,355,15.6,0.0,0.0,0.0,1,1,5,1,0,1,0,0,534
2018-05-01,3,18.1,85,1.0,284,15.5,0.0,0.0,0.0,1,1,5,1,0,1,0,0,343
2018-05-01,4,18.0,85,0.3,275,15.4,0.0,0.0,0.0,1,1,5,1,0,1,0,0,187
2018-05-01,5,18.0,85,0.8,346,15.4,0.0,0.0,0.0,1,1,5,1,0,1,0,0,166
2018-05-01,6,17.8,85,0.6,265,15.2,0.0,0.0,0.0,1,1,5,1,0,1,0,0,306
2018-05-01,7,18.0,82,0.7,264,14.8,0.11,0.0,0.0,1,1,5,1,0,1,0,0,614
2018-05-01,8,18.8,76,0.6,301,14.4,0.36,0.0,0.0,1,1,5,1,0,1,0,0,1067
2018-05-01,9,20.7,67,1.1,464,14.3,1.3,0.0,0.0,1,1,5,1,0,1,0,0,1024
2018-05-01,10,22.2,61,1.2,531,14.3,1.72,0.0,0.0,1,1,5,1,0,1,0,0,1002
2018-05-01,11,22.7,63,1.1,605,15.2,1.36,0.0,0.0,1,1,5,1,0,1,0,0,1117
2018-05-01,12,22.1,67,2.7,462,15.6,0.81,0.0,0.0,1,1,5,1,0,1,0,0,1315
2018-05-01,13,23.0,63,3.1,494,15.5,1.92,0.0,0.0,1,1,5,1,0,1,0,0,1493
2018-05-01,14,23.0,64,2.8,520,15.8,1.59,0.0,0.0,1,1,5,1,0,1,0,0,1536
2018-05-01,15,23.1,61,2.5,556,15.1,1.5,0.0,0.0,1,1,5,1,0,1,0,0,1639
2018-05-01,16,22.6,63,3.1,551,15.1,0.88,0.0,0.0,1,1,5,1,0,1,0,0,1759
2018-05-01,17,22.0,65,2.4,589,15.1,0.47,0.0,0.0,1,1,5,1,0,1,0,0,1898
2018-05-01,18,21.6,67,2.0,584,15.2,0.24,0.0,0.0,1,1,5,1,0,1,0,0,2082
2018-05-01,19,21.2,68,1.5,610,15.0,0.16,0.0,0.0,1,1,5,1,0,1,0,0,1696
2018-05-01,20,20.6,72,1.3,587,15.3,0.0,0.0,0.0,1,1,5,1,0,1,0,0,1656
2018-05-01,21,20.2,74,1.3,554,15.4,0.0,0.0,0.0,1,1,5,1,0,1,0,0,1644
2018-05-01,22,19.9,75,0.8,516,15.3,0.0,0.0,0.0,1,1,5,1,0,1,0,0,1400
2018-05-01,23,19.8,73,0.9,442,14.8,0.0,0.0,0.0,1,1,5,1,0,1,0,0,855
2018-05-02,0,19.7,76,0.5,386,15.3,0.0,0.0,0.0,0,1,5,2,0,1,0,0,612
2018-05-02,1,19.6,75,2.1,392,15.0,0.0,0.0,0.0,0,1,5,2,0,1,0,0,413
2018-05-02,2,19.0,80,1.6,346,15.4,0.0,0.0,0.0,0,1,5,2,0,1,0,0,245
2018-05-02,3,18.5,82,0.8,342,15.3,0.0,0.0,0.0,0,1,5,2,0,1,0,0,170
2018-05-02,4,18.4,81,0.4,300,15.0,0.0,0.0,0.0,0,1,5,2,0,1,0,0,93
2018-05-02,5,18.4,87,0.8,209,16.1,0.0,0.4,0.0,0,1,5,2,0,1,0,0,76
2018-05-02,6,17.9,93,0.9,202,16.7,0.0,0.1,0.0,0,1,5,2,0,1,0,0,67
2018-05-02,7,17.6,94,0.5,166,16.6,0.0,1.0,0.0,0,1,5,2,0,1,0,0,102
2018-05-02,8,17.5,94,0.9,203,16.5,0.06,0.0,0.0,0,1,5,2,0,1,0,0,555
2018-05-02,9,17.4,94,0.7,230,16.4,0.16,0.0,0.0,0,1,5,2,0,1,0,0,609
2018-05-02,10,17.7,88,1.1,322,15.6,0.36,0.0,0.0,0,1,5,2,0,1,0,0,486
2018-05-02,11,18.0,85,1.1,411,15.4,0.45,0.0,0.0,0,1,5,2,0,1,0,0,206
2018-05-02,12,17.3,95,0.7,155,16.4,0.16,3.5,0.0,0,1,5,2,0,1,0,0,63
2018-05-02,13,17.2,96,0.9,275,16.5,0.26,4.0,0.0,0,1,5,2,0,1,0,0,327
2018-05-02,14,17.5,94,0.3,436,16.5,0.35,0.0,0.0,0,1,5,2,0,1,0,0,376
2018-05-02,15,17.0,90,3.7,216,15.3,0.26,0.0,0.0,0,1,5,2,0,1,0,0,143
2018-05-02,16,15.4,95,4.7,378,14.5,0.11,0.5,0.0,0,1,5,2,0,1,0,0,400
2018-05-02,17,13.9,94,2.6,303,12.9,0.21,0.0,0.0,0,1,5,2,0,1,0,0,813
2018-05-02,18,13.6,89,2.3,638,11.8,0.09,0.0,0.0,0,1,5,2,0,1,0,0,518
2018-05-02,19,12.6,93,3.9,831,11.4,0.0,0.0,0.0,0,1,5,2,0,1,0,0,131
2018-05-02,20,11.1,91,4.0,716,9.6,0.0,0.5,0.0,0,1,5,2,0,1,0,0,123
2018-05-02,21,10.5,94,2.8,1627,9.5,0.0,1.0,0.0,0,1,5,2,0,1,0,0,327
2018-05-02,22,10.4,85,3.7,1671,7.9,0.0,0.0,0.0,0,1,5,2,0,1,0,0,299
2018-05-02,23,9.5,90,3.6,1017,7.9,0.0,1.0,0.0,0,1,5,2,0,1,0,0,294
2018-05-03,0,8.7,86,3.1,2000,6.4,0.0,0.0,0.0,0,1,5,3,0,1,0,0,361
2018-05-03,1,7.9,86,2.1,2000,5.6,0.0,0.0,0.0,0,1,5,3,0,1,0,0,323
2018-05-03,2,7.3,86,1.7,2000,5.1,0.0,0.0,0.0,0,1,5,3,0,1,0,0,251
2018-05-03,3,7.0,86,1.2,2000,4.8,0.0,0.0,0.0,0,1,5,3,0,1,0,0,156
2018-05-03,4,7.0,87,1.3,2000,4.9,0.0,0.0,0.0,0,1,5,3,0,1,0,0,109
2018-05-03,5,7.0,85,0.8,2000,4.6,0.0,0.0,0.0,0,1,5,3,0,1,0,0,163
2018-05-03,6,7.9,86,2.0,1070,5.6,0.01,0.0,0.0,0,1,5,3,0,1,0,0,469
2018-05-03,7,8.4,83,1.4,1400,5.6,0.31,0.0,0.0,0,1,5,3,0,1,0,0,1160
2018-05-03,8,10.5,67,2.3,1221,4.6,0.98,0.0,0.0,0,1,5,3,0,1,0,0,1946
2018-05-03,9,12.8,52,3.9,1614,3.1,1.65,0.0,0.0,0,1,5,3,0,1,0,0,1061
2018-05-03,10,13.8,47,4.8,1561,2.6,1.64,0.0,0.0,0,1,5,3,0,1,0,0,762
2018-05-03,11,14.7,45,3.0,1799,2.8,1.68,0.0,0.0,0,1,5,3,0,1,0,0,794
2018-05-03,12,14.1,59,3.9,1870,6.1,1.12,0.0,0.0,0,1,5,3,0,1,0,0,871
2018-05-03,13,13.4,56,3.7,1693,4.7,0.82,0.1,0.0,0,1,5,3,0,1,0,0,516
2018-05-03,14,12.7,75,3.8,1510,8.3,0.88,0.4,0.0,0,1,5,3,0,1,0,0,367
2018-05-03,15,12.2,56,4.8,2000,3.6,0.57,0.5,0.0,0,1,5,3,0,1,0,0,590
2018-05-03,16,12.8,53,3.3,2000,3.4,0.76,0.0,0.0,0,1,5,3,0,1,0,0,911
2018-05-03,17,13.2,49,4.2,1999,2.7,0.69,0.0,0.0,0,1,5,3,0,1,0,0,1421
2018-05-03,18,13.4,49,2.4,1982,2.8,0.6,0.0,0.0,0,1,5,3,0,1,0,0,2310
2018-05-03,19,13.3,49,3.6,1919,2.7,0.45,0.0,0.0,0,1,5,3,0,1,0,0,1663
2018-05-03,20,12.6,47,3.2,1935,1.5,0.02,0.0,0.0,0,1,5,3,0,1,0,0,1401
2018-05-03,21,11.9,48,1.9,1918,1.2,0.0,0.0,0.0,0,1,5,3,0,1,0,0,1388
2018-05-03,22,11.2,60,2.3,1684,3.7,0.0,0.0,0.0,0,1,5,3,0,1,0,0,1202
2018-05-03,23,10.6,62,2.1,1694,3.6,0.0,0.0,0.0,0,1,5,3,0,1,0,0,832
2018-05-04,0,10.0,63,2.1,1653,3.2,0.0,0.0,0.0,0,1,5,4,0,1,0,0,624
2018-05-04,1,9.7,63,2.1,1610,2.9,0.0,0.0,0.0,0,1,5,4,0,1,0,0,480
2018-05-04,2,9.6,65,1.5,1654,3.3,0.0,0.0,0.0,0,1,5,4,0,1,0,0,352
2018-05-04,3,9.6,66,0.9,1685,3.5,0.0,0.0,0.0,0,1,5,4,0,1,0,0,224
2018-05-04,4,9.5,66,1.1,1737,3.4,0.0,0.0,0.0,0,1,5,4,0,1,0,0,138
2018-05-04,5,9.2,63,0.8,1896,2.5,0.0,0.0,0.0,0,1,5,4,0,1,0,0,186
2018-05-04,6,9.0,57,1.7,1903,0.9,0.0,0.0,0.0,0,1,5,4,0,1,0,0,521
2018-05-04,7,9.5,55,2.1,1912,0.8,0.32,0.0,0.0,0,1,5,4,0,1,0,0,1260
2018-05-04,8,11.3,46,1.2,1788,0.0,1.04,0.0,0.0,0,1,5,4,0,1,0,0,2041
2018-05-04,9,14.1,42,1.9,1893,1.3,1.78,0.0,0.0,0,1,5,4,0,1,0,0,1155
2018-05-04,10,16.1,37,2.9,1629,1.3,2.4,0.0,0.0,0,1,5,4,0,1,0,0,864
2018-05-04,11,17.2,35,3.6,1731,1.5,2.93,0.0,0.0,0,1,5,4,0,1,0,0,1021
2018-05-04,12,17.9,32,4.6,1874,0.9,3.28,0.0,0.0,0,1,5,4,0,1,0,0,1206
2018-05-04,13,18.9,30,3.8,1854,0.9,3.39,0.0,0.0,0,1,5,4,0,1,0,0,1222
2018-05-04,14,18.8,31,4.9,1940,1.2,3.31,0.0,0.0,0,1,5,4,0,1,0,0,1266
2018-05-04,15,19.9,26,3.8,1898,-0.1,3.0,0.0,0.0,0,1,5,4,0,1,0,0,1323
2018-05-04,16,18.6,30,5.1,1891,0.6,2.49,0.0,0.0,0,1,5,4,0,1,0,0,1501
2018-05-04,17,18.1,30,4.6,1925,0.2,1.86,0.0,0.0,0,1,5,4,0,1,0,0,1857
2018-05-04,18,17.1,35,3.4,1961,1.4,1.11,0.0,0.0,0,1,5,4,0,1,0,0,2661
2018-05-04,19,15.5,46,2.6,1782,3.9,0.34,0.0,0.0,0,1,5,4,0,1,0,0,1890
2018-05-04,20,14.1,46,3.4,1940,2.6,0.01,0.0,0.0,0,1,5,4,0,1,0,0,1389
2018-05-04,21,13.3,47,1.9,1805,2.2,0.0,0.0,0.0,0,1,5,4,0,1,0,0,1298
2018-05-04,22,12.7,55,2.0,1775,3.8,0.0,0.0,0.0,0,1,5,4,0,1,0,0,1256
2018-05-04,23,12.4,58,2.5,1843,4.3,0.0,0.0,0.0,0,1,5,4,0,1,0,0,935
2018-05-05,0,12.2,59,1.2,1718,4.4,0.0,0.0,0.0,0,1,5,5,0,1,0,0,796
2018-05-05,1,12.1,54,1.3,1820,3.0,0.0,0.0,0.0,0,1,5,5,0,1,0,0,716
2018-05-05,2,12.1,53,1.1,1948,2.7,0.0,0.0,0.0,0,1,5,5,0,1,0,0,508
2018-05-05,3,11.6,53,1.1,1904,2.3,0.0,0.0,0.0,0,1,5,5,0,1,0,0,392
2018-05-05,4,12.1,51,1.6,1939,2.2,0.0,0.0,0.0,0,1,5,5,0,1,0,0,252
2018-05-05,5,12.2,52,2.3,1961,2.6,0.0,0.0,0.0,0,1,5,5,0,1,0,0,190
2018-05-05,6,12.3,55,2.1,1972,3.5,0.02,0.0,0.0,0,1,5,5,0,1,0,0,247
2018-05-05,7,12.9,55,2.3,1952,4.0,0.29,0.0,0.0,0,1,5,5,0,1,0,0,352
2018-05-05,8,14.4,51,2.3,1907,4.3,0.92,0.0,0.0,0,1,5,5,0,1,0,0,579
2018-05-05,9,16.1,50,2.6,1628,5.6,1.52,0.0,0.0,0,1,5,5,0,1,0,0,759
2018-05-05,10,18.1,46,2.9,1755,6.2,2.17,0.0,0.0,0,1,5,5,0,1,0,0,877
2018-05-05,11,20.2,41,3.1,1789,6.5,2.56,0.0,0.0,0,1,5,5,0,1,0,0,1024
2018-05-05,12,21.9,35,3.4,1586,5.7,2.74,0.0,0.0,0,1,5,5,0,1,0,0,1258
2018-05-05,13,22.7,35,3.4,1794,6.4,2.51,0.0,0.0,0,1,5,5,0,1,0,0,1408
2018-05-05,14,23.6,34,3.3,1829,6.8,2.57,0.0,0.0,0,1,5,5,0,1,0,0,1669
2018-05-05,15,23.8,29,4.7,1876,4.6,2.72,0.0,0.0,0,1,5,5,0,1,0,0,1837
2018-05-05,16,23.2,30,4.5,1787,4.6,1.49,0.0,0.0,0,1,5,5,0,1,0,0,1223
2018-05-05,17,23.6,29,3.9,1948,4.5,1.68,0.0,0.0,0,1,5,5,0,1,0,0,2014
2018-05-05,18,22.5,31,3.4,1953,4.5,0.79,0.0,0.0,0,1,5,5,0,1,0,0,1929
2018-05-05,19,20.7,47,3.5,1952,8.9,0.28,0.0,0.0,0,1,5,5,0,1,0,0,1753
2018-05-05,20,19.7,53,2.0,1841,9.8,0.0,0.0,0.0,0,1,5,5,0,1,0,0,1562
2018-05-05,21,19.3,57,3.1,1924,10.5,0.0,0.0,0.0,0,1,5,5,0,1,0,0,1551
2018-05-05,22,19.1,61,2.7,1830,11.3,0.0,0.0,0.0,0,1,5,5,0,1,0,0,1360
2018-05-05,23,19.1,62,3.6,1757,11.6,0.0,0.0,0.0,0,1,5,5,0,1,0,0,1097
2018-05-06,0,18.7,64,3.3,1654,11.7,0.0,0.0,0.0,0,1,5,6,0,1,0,0,733
2018-05-06,1,18.2,71,1.6,1328,12.8,0.0,0.0,0.0,0,1,5,6,0,1,0,0,181
2018-05-06,2,17.3,82,2.1,768,14.1,0.0,0.5,0.0,0,1,5,6,0,1,0,0,74
2018-05-06,3,16.2,94,1.7,400,15.2,0.0,1.5,0.0,0,1,5,6,0,1,0,0,43
2018-05-06,4,15.8,93,0.4,268,14.6,0.0,1.5,0.0,0,1,5,6,0,1,0,0,16
2018-05-06,5,15.4,96,0.3,208,14.7,0.0,2.0,0.0,0,1,5,6,0,1,0,0,11
2018-05-06,6,15.1,97,0.3,225,14.6,0.0,3.0,0.0,0,1,5,6,0,1,0,0,7
2018-05-06,7,15.1,97,0.5,311,14.6,0.03,2.5,0.0,0,1,5,6,0,1,0,0,16
2018-05-06,8,15.2,97,1.0,414,14.7,0.08,2.0,0.0,0,1,5,6,0,1,0,0,16
2018-05-06,9,15.4,97,0.8,413,14.9,0.18,1.0,0.0,0,1,5,6,0,1,0,0,12
2018-05-06,10,15.4,97,0.6,374,14.9,0.38,1.5,0.0,0,1,5,6,0,1,0,0,13
2018-05-06,11,15.5,97,0.8,459,15.0,0.4,3.5,0.0,0,1,5,6,0,1,0,0,10
2018-05-06,12,15.7,96,1.1,568,15.0,0.5,3.0,0.0,0,1,5,6,0,1,0,0,71
2018-05-06,13,16.4,94,0.9,1947,15.4,0.78,0.0,0.0,0,1,5,6,0,1,0,0,211
2018-05-06,14,17.2,85,1.3,2000,14.6,0.94,0.0,0.0,0,1,5,6,0,1,0,0,384
2018-05-06,15,17.8,77,1.6,2000,13.7,1.13,0.0,0.0,0,1,5,6,0,1,0,0,770
2018-05-06,16,19.5,66,1.7,2000,12.9,1.71,0.0,0.0,0,1,5,6,0,1,0,0,1482
2018-05-06,17,20.2,62,1.1,2000,12.6,1.74,0.0,0.0,0,1,5,6,0,1,0,0,1737
2018-05-06,18,20.2,66,1.0,2000,13.6,1.1,0.0,0.0,0,1,5,6,0,1,0,0,1848
2018-05-06,19,19.0,70,0.7,2000,13.3,0.33,0.0,0.0,0,1,5,6,0,1,0,0,1639
2018-05-06,20,17.6,77,1.2,2000,13.5,0.01,0.0,0.0,0,1,5,6,0,1,0,0,1526
2018-05-06,21,16.8,79,0.6,2000,13.1,0.0,0.0,0.0,0,1,5,6,0,1,0,0,1450
2018-05-06,22,16.4,80,1.2,2000,12.9,0.0,0.0,0.0,0,1,5,6,0,1,0,0,1290
2018-05-06,23,15.9,83,0.6,2000,13.0,0.0,0.0,0.0,0,1,5,6,0,1,0,0,1016
2018-05-07,0,15.5,85,0.9,2000,12.9,0.0,0.0,0.0,0,1,5,0,0,1,0,0,778
2018-05-07,1,15.1,84,0.3,1858,12.4,0.0,0.0,0.0,0,1,5,0,0,1,0,0,609
2018-05-07,2,14.8,85,0.4,1831,12.2,0.0,0.0,0.0,0,1,5,0,0,1,0,0,404
2018-05-07,3,14.7,82,0.8,1822,11.6,0.0,0.0,0.0,0,1,5,0,0,1,0,0,249
2018-05-07,4,14.4,85,0.8,1437,11.9,0.0,0.0,0.0,0,1,5,0,0,1,0,0,185
2018-05-07,5,14.2,85,0.5,1412,11.7,0.0,0.0,0.0,0,1,5,0,0,1,0,0,170
2018-05-07,6,14.0,87,0.8,1334,11.8,0.01,0.0,0.0,0,1,5,0,0,1,0,0,221
2018-05-07,7,14.2,81,0.3,1991,10.9,0.13,0.0,0.0,0,1,5,0,0,1,0,0,389
2018-05-07,8,14.8,80,0.3,1921,11.3,0.31,0.0,0.0,0,1,5,0,0,1,0,0,600
2018-05-07,9,15.9,72,0.5,1835,10.8,0.67,0.0,0.0,0,1,5,0,0,1,0,0,737
2018-05-07,10,17.5,63,0.6,1916,10.3,0.96,0.0,0.0,0,1,5,0,0,1,0,0,895
2018-05-07,11,20.2,45,1.1,1894,7.8,2.33,0.0,0.0,0,1,5,0,0,1,0,0,1167
2018-05-07,12,22.9,35,0.8,1948,6.6,3.05,0.0,0.0,0,1,5,0,0,1,0,0,1414
2018-05-07,13,23.7,44,1.7,1897,10.7,2.35,0.0,0.0,0,1,5,0,0,1,0,0,1665
2018-05-07,14,24.1,42,1.2,1770,10.3,1.93,0.0,0.0,0,1,5,0,0,1,0,0,1970
2018-05-07,15,24.6,38,2.1,1478,9.3,1.85,0.0,0.0,0,1,5,0,0,1,0,0,2191
2018-05-07,16,24.5,38,2.2,1903,9.2,1.1,0.0,0.0,0,1,5,0,0,1,0,0,2213
2018-05-07,17,25.5,31,2.3,1974,7.1,1.5,0.0,0.0,0,1,5,0,0,1,0,0,2392
2018-05-07,18,25.1,32,2.4,1899,7.2,1.1,0.0,0.0,0,1,5,0,0,1,0,0,2268
2018-05-07,19,23.5,48,1.5,1929,11.8,0.4,0.0,0.0,0,1,5,0,0,1,0,0,1664
2018-05-07,20,20.9,61,2.7,1523,13.0,0.01,0.0,0.0,0,1,5,0,0,1,0,0,1912
2018-05-07,21,19.6,64,1.5,1297,12.5,0.0,0.0,0.0,0,1,5,0,0,1,0,0,1717
2018-05-07,22,18.6,69,1.7,1047,12.7,0.0,0.0,0.0,0,1,5,0,0,1,0,0,1336
2018-05-07,23,17.5,69,1.5,978,11.7,0.0,0.0,0.0,0,1,5,0,0,1,0,0,994
2018-05-08,0,16.4,72,0.8,1046,11.3,0.0,0.0,0.0,0,1,5,1,0,1,0,0,712
2018-05-08,1,16.0,64,1.0,1600,9.1,0.0,0.0,0.0,0,1,5,1,0,1,0,0,430
2018-05-08,2,15.5,65,1.3,1953,8.9,0.0,0.0,0.0,0,1,5,1,0,1,0,0,287
2018-05-08,3,15.6,63,1.7,2000,8.5,0.0,0.0,0.0,0,1,5,1,0,1,0,0,194
2018-05-08,4,15.4,63,1.6,2000,8.3,0.0,0.0,0.0,0,1,5,1,0,1,0,0,155
2018-05-08,5,15.0,64,1.6,2000,8.2,0.0,0.0,0.0,0,1,5,1,0,1,0,0,200
2018-05-08,6,14.8,64,1.5,2000,8.0,0.02,0.0,0.0,0,1,5,1,0,1,0,0,555
2018-05-08,7,15.3,60,2.0,2000,7.5,0.35,0.0,0.0,0,1,5,1,0,1,0,0,1280
2018-05-08,8,16.9,54,1.7,2000,7.5,1.08,0.0,0.0,0,1,5,1,0,1,0,0,1976
2018-05-08,9,18.5,51,1.4,1955,8.1,1.74,0.0,0.0,0,1,5,1,0,1,0,0,1128
2018-05-08,10,20.0,48,1.9,2000,8.6,2.46,0.0,0.0,0,1,5,1,0,1,0,0,792
2018-05-08,11,21.0,45,1.6,2000,8.6,2.89,0.0,0.0,0,1,5,1,0,1,0,0,956
2018-05-08,12,21.5,44,2.1,1986,8.7,3.15,0.0,0.0,0,1,5,1,0,1,0,0,1135
2018-05-08,13,21.7,44,2.1,2000,8.9,2.46,0.0,0.0,0,1,5,1,0,1,0,0,1117
2018-05-08,14,22.2,42,1.7,2000,8.6,2.29,0.0,0.0,0,1,5,1,0,1,0,0,1096
2018-05-08,15,22.4,39,1.9,2000,7.7,2.16,0.0,0.0,0,1,5,1,0,1,0,0,1267
2018-05-08,16,22.0,41,1.7,2000,8.1,2.04,0.0,0.0,0,1,5,1,0,1,0,0,1457
2018-05-08,17,21.7,38,2.0,2000,6.7,1.17,0.0,0.0,0,1,5,1,0,1,0,0,2020
2018-05-08,18,20.7,40,1.4,2000,6.6,1.06,0.0,0.0,0,1,5,1,0,1,0,0,2142
2018-05-08,19,17.9,42,2.1,2000,4.7,0.37,0.0,0.0,0,1,5,1,0,1,0,0,2241
2018-05-08,20,15.8,47,1.8,2000,4.4,0.01,0.0,0.0,0,1,5,1,0,1,0,0,1726
2018-05-08,21,14.5,49,1.9,2000,3.8,0.0,0.0,0.0,0,1,5,1,0,1,0,0,1513
2018-05-08,22,13.2,54,2.2,2000,4.0,0.0,0.0,0.0,0,1,5,1,0,1,0,0,1283
2018-05-08,23,12.2,57,1.9,2000,3.9,0.0,0.0,0.0,0,1,5,1,0,1,0,0,767
2018-05-09,0,11.6,57,1.9,2000,3.3,0.0,0.0,0.0,0,1,5,2,0,1,0,0,552
2018-05-09,1,11.3,58,1.3,2000,3.3,0.0,0.0,0.0,0,1,5,2,0,1,0,0,34
2018-05-09,2,10.9,59,1.1,2000,3.1,0.0,0.0,0.0,0,1,5,2,0,1,0,0,245
2018-05-09,3,10.5,59,1.0,2000,2.8,0.0,0.0,0.0,0,1,5,2,0,1,0,0,187
2018-05-09,4,10.0,64,1.5,2000,3.4,0.0,0.0,0.0,0,1,5,2,0,1,0,0,114
2018-05-09,5,9.5,65,0.9,2000,3.2,0.0,0.0,0.0,0,1,5,2,0,1,0,0,203
2018-05-09,6,9.2,64,1.0,2000,2.7,0.02,0.0,0.0,0,1,5,2,0,1,0,0,556
2018-05-09,7,10.0,59,1.1,2000,2.3,0.36,0.0,0.0,0,1,5,2,0,1,0,0,1333
2018-05-09,8,12.3,53,1.6,2000,2.9,1.09,0.0,0.0,0,1,5,2,0,1,0,0,2068
2018-05-09,9,14.4,46,1.2,1899,2.9,1.77,0.0,0.0,0,1,5,2,0,1,0,0,928
2018-05-09,10,16.1,43,1.4,1985,3.5,2.41,0.0,0.0,0,1,5,2,0,1,0,0,954
2018-05-09,11,17.6,40,1.4,1955,3.8,2.88,0.0,0.0,0,1,5,2,0,1,0,0,1015
2018-05-09,12,18.7,39,1.9,1925,4.4,3.21,0.0,0.0,0,1,5,2,0,1,0,0,1242
2018-05-09,13,20.1,36,1.1,1933,4.5,3.34,0.0,0.0,0,1,5,2,0,1,0,0,1188
2018-05-09,14,20.7,36,2.2,1788,5.0,3.1,0.0,0.0,0,1,5,2,0,1,0,0,1186
2018-05-09,15,21.2,35,2.9,1733,5.1,2.88,0.0,0.0,0,1,5,2,0,1,0,0,1324
2018-05-09,16,21.4,35,2.7,1838,5.2,2.38,0.0,0.0,0,1,5,2,0,1,0,0,1603
2018-05-09,17,21.3,34,2.7,1967,4.7,1.82,0.0,0.0,0,1,5,2,0,1,0,0,2034
2018-05-09,18,20.6,41,2.3,2000,6.8,1.1,0.0,0.0,0,1,5,2,0,1,0,0,3130
2018-05-09,19,18.8,47,2.8,1988,7.2,0.4,0.0,0.0,0,1,5,2,0,1,0,0,2405
2018-05-09,20,17.3,53,1.9,2000,7.6,0.01,0.0,0.0,0,1,5,2,0,1,0,0,1979
2018-05-09,21,16.4,56,0.8,2000,7.5,0.0,0.0,0.0,0,1,5,2,0,1,0,0,1940
2018-05-09,22,15.9,60,2.6,2000,8.1,0.0,0.0,0.0,0,1,5,2,0,1,0,0,1602
2018-05-09,23,15.2,62,1.4,2000,7.9,0.0,0.0,0.0,0,1,5,2,0,1,0,0,1073
2018-05-10,0,14.5,63,0.9,2000,7.5,0.0,0.0,0.0,0,0,5,3,0,1,0,0,0
2018-05-10,1,13.9,66,1.0,1960,7.6,0.0,0.0,0.0,0,0,5,3,0,1,0,0,0
2018-05-10,2,13.1,73,1.9,1895,8.3,0.0,0.0,0.0,0,0,5,3,0,1,0,0,0
2018-05-10,3,12.9,74,1.7,1698,8.3,0.0,0.0,0.0,0,0,5,3,0,1,0,0,0
2018-05-10,4,12.0,79,0.6,1351,8.4,0.0,0.0,0.0,0,0,5,3,0,1,0,0,0
2018-05-10,5,11.5,80,0.9,974,8.1,0.0,0.0,0.0,0,0,5,3,0,1,0,0,0
2018-05-10,6,11.4,80,1.0,885,8.0,0.02,0.0,0.0,0,0,5,3,0,1,0,0,0
2018-05-10,7,12.1,71,1.6,876,6.9,0.34,0.0,0.0,0,0,5,3,0,1,0,0,0
2018-05-10,8,13.5,63,2.2,1211,6.5,1.01,0.0,0.0,0,0,5,3,0,1,0,0,0
2018-05-10,9,15.5,55,1.7,1318,6.4,1.76,0.0,0.0,0,0,5,3,0,1,0,0,0
2018-05-10,10,17.3,52,2.3,1235,7.3,2.38,0.0,0.0,0,0,5,3,0,1,0,0,0
2018-05-10,11,18.3,51,3.1,1015,7.9,2.84,0.0,0.0,0,0,5,3,0,1,0,0,0
2018-05-10,12,19.8,49,2.3,1320,8.7,3.17,0.0,0.0,0,0,5,3,0,1,0,0,0
2018-05-10,13,20.7,46,2.9,1078,8.6,3.26,0.0,0.0,0,0,5,3,0,1,0,0,0
2018-05-10,14,21.2,47,3.7,1142,9.4,3.22,0.0,0.0,0,0,5,3,0,1,0,0,0
2018-05-10,15,20.4,51,4.0,946,9.9,2.87,0.0,0.0,0,0,5,3,0,1,0,0,0
2018-05-10,16,19.6,54,3.9,1154,10.0,2.41,0.0,0.0,0,0,5,3,0,1,0,0,0
2018-05-10,17,19.2,54,3.4,1075,9.6,1.83,0.0,0.0,0,0,5,3,0,1,0,0,0
2018-05-10,18,18.0,61,3.5,790,10.3,1.05,0.0,0.0,0,0,5,3,0,1,0,0,0
2018-05-10,19,15.5,74,3.6,675,10.8,0.35,0.0,0.0,0,0,5,3,0,1,0,0,0
2018-05-10,20,13.6,82,2.1,520,10.5,0.02,0.0,0.0,0,0,5,3,0,1,0,0,0
2018-05-10,21,12.6,85,2.4,460,10.1,0.0,0.0,0.0,0,0,5,3,0,1,0,0,0
2018-05-10,22,12.3,85,2.3,452,9.8,0.0,0.0,0.0,0,0,5,3,0,1,0,0,0
2018-05-10,23,12.4,85,1.1,369,9.9,0.0,0.0,0.0,0,0,5,3,0,1,0,0,0
2018-05-11,0,12.5,84,1.5,334,9.8,0.0,0.0,0.0,0,1,5,4,0,1,0,0,724
2018-05-11,1,12.4,84,1.8,287,9.7,0.0,0.0,0.0,0,1,5,4,0,1,0,0,565
2018-05-11,2,12.1,85,1.4,321,9.6,0.0,0.0,0.0,0,1,5,4,0,1,0,0,378
2018-05-11,3,12.0,86,0.9,297,9.7,0.0,0.0,0.0,0,1,5,4,0,1,0,0,252
2018-05-11,4,11.9,85,0.7,315,9.4,0.0,0.0,0.0,0,1,5,4,0,1,0,0,154
2018-05-11,5,11.9,84,1.5,358,9.2,0.0,0.0,0.0,0,1,5,4,0,1,0,0,223
2018-05-11,6,12.0,83,0.4,321,9.1,0.01,0.0,0.0,0,1,5,4,0,1,0,0,486
2018-05-11,7,12.4,82,1.0,314,9.4,0.1,0.0,0.0,0,1,5,4,0,1,0,0,1156
2018-05-11,8,13.1,78,1.2,330,9.3,0.41,0.0,0.0,0,1,5,4,0,1,0,0,1881
2018-05-11,9,14.3,72,0.7,342,9.3,0.84,0.0,0.0,0,1,5,4,0,1,0,0,850
2018-05-11,10,16.4,64,2.4,423,9.5,2.05,0.0,0.0,0,1,5,4,0,1,0,0,816
2018-05-11,11,18.3,56,1.4,519,9.3,2.53,0.0,0.0,0,1,5,4,0,1,0,0,972
2018-05-11,12,20.0,47,1.4,685,8.3,3.08,0.0,0.0,0,1,5,4,0,1,0,0,1161
2018-05-11,13,20.8,45,2.8,688,8.4,3.17,0.0,0.0,0,1,5,4,0,1,0,0,1177
2018-05-11,14,21.0,47,2.2,606,9.2,2.52,0.0,0.0,0,1,5,4,0,1,0,0,1174
2018-05-11,15,19.9,47,3.3,484,8.2,1.83,0.0,0.0,0,1,5,4,0,1,0,0,1295
2018-05-11,16,19.1,54,3.2,542,9.5,0.94,0.0,0.0,0,1,5,4,0,1,0,0,1496
2018-05-11,17,18.9,45,2.6,1084,6.6,0.8,0.0,0.0,0,1,5,4,0,1,0,0,1863
2018-05-11,18,17.9,37,3.1,1819,2.9,0.36,0.0,0.0,0,1,5,4,0,1,0,0,2701
2018-05-11,19,17.1,51,2.5,1223,6.8,0.06,0.0,0.0,0,1,5,4,0,1,0,0,1999
2018-05-11,20,16.7,52,0.9,1328,6.7,0.0,0.0,0.0,0,1,5,4,0,1,0,0,941
2018-05-11,21,16.4,52,1.5,1273,6.5,0.0,0.0,0.0,0,1,5,4,0,1,0,0,1644
2018-05-11,22,16.2,54,1.1,1327,6.8,0.0,0.0,0.0,0,1,5,4,0,1,0,0,1556
2018-05-11,23,16.2,50,1.6,1327,5.7,0.0,0.0,0.0,0,1,5,4,0,1,0,0,1185
2018-05-12,0,16.1,54,1.3,1052,6.7,0.0,0.0,0.0,0,1,5,5,0,1,0,0,862
2018-05-12,1,15.9,51,1.8,866,5.7,0.0,0.0,0.0,0,1,5,5,0,1,0,0,669
2018-05-12,2,15.5,62,1.0,730,8.2,0.0,0.0,0.0,0,1,5,5,0,1,0,0,416
2018-05-12,3,15.2,63,0.5,700,8.1,0.0,0.0,0.0,0,1,5,5,0,1,0,0,358
2018-05-12,4,15.0,61,0.8,867,7.5,0.0,0.0,0.0,0,1,5,5,0,1,0,0,207
2018-05-12,5,15.0,61,1.2,903,7.5,0.0,0.0,0.0,0,1,5,5,0,1,0,0,70
2018-05-12,6,14.4,71,1.3,560,9.2,0.0,0.4,0.0,0,1,5,5,0,1,0,0,37
2018-05-12,7,13.3,81,1.5,525,10.1,0.04,0.1,0.0,0,1,5,5,0,1,0,0,43
2018-05-12,8,12.0,87,1.0,296,9.8,0.1,1.0,0.0,0,1,5,5,0,1,0,0,20
2018-05-12,9,11.8,95,1.0,168,11.0,0.14,3.0,0.0,0,1,5,5,0,1,0,0,16
2018-05-12,10,11.8,96,1.3,221,11.1,0.12,2.5,0.0,0,1,5,5,0,1,0,0,6
2018-05-12,11,12.0,96,1.0,184,11.3,0.14,3.5,0.0,0,1,5,5,0,1,0,0,18
2018-05-12,12,12.3,97,0.8,238,11.8,0.14,2.0,0.0,0,1,5,5,0,1,0,0,11
2018-05-12,13,12.6,97,0.6,327,12.1,0.14,3.0,0.0,0,1,5,5,0,1,0,0,19
2018-05-12,14,13.0,97,0.8,211,12.5,0.15,2.0,0.0,0,1,5,5,0,1,0,0,22
2018-05-12,15,13.3,97,0.8,194,12.8,0.12,3.0,0.0,0,1,5,5,0,1,0,0,17
2018-05-12,16,13.8,97,0.7,196,13.3,0.12,1.5,0.0,0,1,5,5,0,1,0,0,34
2018-05-12,17,14.3,98,0.7,270,13.9,0.08,1.5,0.0,0,1,5,5,0,1,0,0,24
2018-05-12,18,15.4,97,1.9,340,14.9,0.03,2.0,0.0,0,1,5,5,0,1,0,0,22
2018-05-12,19,15.5,97,0.7,403,15.0,0.0,2.0,0.0,0,1,5,5,0,1,0,0,29
2018-05-12,20,15.7,97,0.3,343,15.2,0.0,1.0,0.0,0,1,5,5,0,1,0,0,29
2018-05-12,21,15.8,97,0.6,193,15.3,0.0,0.5,0.0,0,1,5,5,0,1,0,0,25
2018-05-12,22,15.8,98,0.4,179,15.4,0.0,1.5,0.0,0,1,5,5,0,1,0,0,30
2018-05-12,23,15.8,98,1.6,235,15.4,0.0,1.0,0.0,0,1,5,5,0,1,0,0,50
2018-05-13,0,15.5,97,1.5,181,15.0,0.0,0.5,0.0,0,1,5,6,0,1,0,0,145
2018-05-13,1,15.1,97,1.7,173,14.6,0.0,0.2,0.0,0,1,5,6,0,1,0,0,178
2018-05-13,2,14.5,97,2.9,359,14.0,0.0,0.1,0.0,0,1,5,6,0,1,0,0,189
2018-05-13,3,14.2,98,1.5,135,13.8,0.0,0.2,0.0,0,1,5,6,0,1,0,0,141
2018-05-13,4,13.8,98,2.9,27,13.4,0.0,0.0,0.0,0,1,5,6,0,1,0,0,83
2018-05-13,5,13.5,98,0.8,105,13.1,0.0,0.0,0.0,0,1,5,6,0,1,0,0,72
2018-05-13,6,13.5,98,0.4,251,13.1,0.01,0.0,0.0,0,1,5,6,0,1,0,0,139
2018-05-13,7,13.7,98,1.6,468,13.3,0.1,0.0,0.0,0,1,5,6,0,1,0,0,220
2018-05-13,8,14.1,98,1.3,834,13.7,0.26,0.0,0.0,0,1,5,6,0,1,0,0,397
2018-05-13,9,14.8,95,1.0,986,14.0,0.53,0.0,0.0,0,1,5,6,0,1,0,0,579
2018-05-13,10,15.2,88,2.2,1090,13.2,0.55,0.0,0.0,0,1,5,6,0,1,0,0,716
2018-05-13,11,16.4,78,1.6,1209,12.5,1.37,0.0,0.0,0,1,5,6,0,1,0,0,993
2018-05-13,12,18.3,65,1.2,1489,11.5,2.4,0.0,0.0,0,1,5,6,0,1,0,0,1434
2018-05-13,13,19.1,65,1.9,1145,12.3,2.26,0.0,0.0,0,1,5,6,0,1,0,0,1839
2018-05-13,14,19.7,64,2.9,929,12.6,1.99,0.0,0.0,0,1,5,6,0,1,0,0,2055
2018-05-13,15,19.7,63,2.5,941,12.4,2.01,0.0,0.0,0,1,5,6,0,1,0,0,2329
2018-05-13,16,19.5,65,2.9,857,12.7,1.97,0.0,0.0,0,1,5,6,0,1,0,0,2379
2018-05-13,17,19.4,63,2.6,1099,12.1,1.61,0.0,0.0,0,1,5,6,0,1,0,0,2410
2018-05-13,18,19.0,66,1.3,1111,12.4,0.95,0.0,0.0,0,1,5,6,0,1,0,0,2338
2018-05-13,19,17.6,73,2.0,886,12.6,0.34,0.0,0.0,0,1,5,6,0,1,0,0,2023
2018-05-13,20,15.6,81,2.3,827,12.3,0.02,0.0,0.0,0,1,5,6,0,1,0,0,1714
2018-05-13,21,14.1,86,0.9,535,11.7,0.0,0.0,0.0,0,1,5,6,0,1,0,0,1571
2018-05-13,22,13.5,87,2.2,433,11.3,0.0,0.0,0.0,0,1,5,6,0,1,0,0,1155
2018-05-13,23,13.0,89,1.3,326,11.2,0.0,0.0,0.0,0,1,5,6,0,1,0,0,814
2018-05-14,0,12.7,89,1.2,340,10.9,0.0,0.0,0.0,0,1,5,0,0,1,0,0,581
2018-05-14,1,12.4,94,1.3,307,11.4,0.0,0.0,0.0,0,1,5,0,0,1,0,0,377
2018-05-14,2,12.1,94,1.6,191,11.1,0.0,0.0,0.0,0,1,5,0,0,1,0,0,241
2018-05-14,3,11.9,95,1.5,180,11.1,0.0,0.0,0.0,0,1,5,0,0,1,0,0,167
2018-05-14,4,11.9,94,1.3,210,10.9,0.0,0.0,0.0,0,1,5,0,0,1,0,0,121
2018-05-14,5,11.9,93,0.8,241,10.7,0.0,0.0,0.0,0,1,5,0,0,1,0,0,199
2018-05-14,6,12.1,89,0.3,252,10.3,0.02,0.0,0.0,0,1,5,0,0,1,0,0,552
2018-05-14,7,12.6,85,0.4,292,10.1,0.23,0.0,0.0,0,1,5,0,0,1,0,0,1251
2018-05-14,8,13.8,79,0.9,313,10.2,0.44,0.0,0.0,0,1,5,0,0,1,0,0,1997
2018-05-14,9,15.1,74,0.6,437,10.4,0.76,0.0,0.0,0,1,5,0,0,1,0,0,1106
2018-05-14,10,16.6,67,0.9,479,10.4,1.23,0.0,0.0,0,1,5,0,0,1,0,0,779
2018-05-14,11,18.5,65,1.4,463,11.7,2.07,0.0,0.0,0,1,5,0,0,1,0,0,946
2018-05-14,12,20.0,62,1.8,428,12.4,2.38,0.0,0.0,0,1,5,0,0,1,0,0,1095
2018-05-14,13,21.8,59,1.9,404,13.4,2.74,0.0,0.0,0,1,5,0,0,1,0,0,1051
2018-05-14,14,23.1,56,1.6,391,13.8,2.67,0.0,0.0,0,1,5,0,0,1,0,0,1124
2018-05-14,15,24.0,59,1.6,353,15.4,2.24,0.0,0.0,0,1,5,0,0,1,0,0,1171
2018-05-14,16,24.3,54,2.6,346,14.3,1.81,0.0,0.0,0,1,5,0,0,1,0,0,1433
2018-05-14,17,24.4,51,1.9,466,13.5,1.42,0.0,0.0,0,1,5,0,0,1,0,0,1891
2018-05-14,18,23.6,48,3.1,666,11.9,0.85,0.0,0.0,0,1,5,0,0,1,0,0,2906
2018-05-14,19,22.7,56,1.8,598,13.4,0.31,0.0,0.0,0,1,5,0,0,1,0,0,2236
2018-05-14,20,21.4,64,2.1,411,14.3,0.02,0.0,0.0,0,1,5,0,0,1,0,0,1965
2018-05-14,21,20.5,67,1.4,357,14.1,0.0,0.0,0.0,0,1,5,0,0,1,0,0,1885
2018-05-14,22,19.6,71,0.6,325,14.1,0.0,0.0,0.0,0,1,5,0,0,1,0,0,1648
2018-05-14,23,18.8,73,0.8,291,13.8,0.0,0.0,0.0,0,1,5,0,0,1,0,0,1071
2018-05-15,0,18.1,77,0.5,287,13.9,0.0,0.0,0.0,0,1,5,1,0,1,0,0,764
2018-05-15,1,17.5,78,0.6,277,13.6,0.0,0.0,0.0,0,1,5,1,0,1,0,0,563
2018-05-15,2,17.1,74,0.4,350,12.4,0.0,0.0,0.0,0,1,5,1,0,1,0,0,372
2018-05-15,3,16.6,74,0.4,402,11.9,0.0,0.0,0.0,0,1,5,1,0,1,0,0,241
2018-05-15,4,16.1,74,0.8,440,11.4,0.0,0.0,0.0,0,1,5,1,0,1,0,0,170
2018-05-15,5,15.7,76,0.6,330,11.4,0.0,0.0,0.0,0,1,5,1,0,1,0,0,182
2018-05-15,6,15.4,84,0.8,235,12.7,0.03,0.0,0.0,0,1,5,1,0,1,0,0,562
2018-05-15,7,16.2,79,1.2,239,12.5,0.36,0.0,0.0,0,1,5,1,0,1,0,0,1239
2018-05-15,8,18.4,68,1.1,254,12.3,0.88,0.0,0.0,0,1,5,1,0,1,0,0,2059
2018-05-15,9,20.8,53,0.8,381,10.8,1.58,0.0,0.0,0,1,5,1,0,1,0,0,1148
2018-05-15,10,22.7,37,0.9,879,7.2,2.18,0.0,0.0,0,1,5,1,0,1,0,0,832
2018-05-15,11,24.8,36,1.8,973,8.7,2.7,0.0,0.0,0,1,5,1,0,1,0,0,944
2018-05-15,12,26.3,36,1.1,1133,10.0,2.88,0.0,0.0,0,1,5,1,0,1,0,0,1058
2018-05-15,13,27.8,34,1.5,1306,10.4,3.14,0.0,0.0,0,1,5,1,0,1,0,0,1080
2018-05-15,14,28.5,33,0.9,1348,10.6,2.51,0.0,0.0,0,1,5,1,0,1,0,0,1092
2018-05-15,15,29.1,38,1.7,1602,13.3,1.89,0.0,0.0,0,1,5,1,0,1,0,0,1210
2018-05-15,16,28.8,37,2.4,1629,12.6,1.44,0.0,0.0,0,1,5,1,0,1,0,0,1458
2018-05-15,17,28.5,43,1.7,1404,14.6,1.06,0.0,0.0,0,1,5,1,0,1,0,0,1951
2018-05-15,18,27.5,47,2.5,1113,15.1,0.43,0.0,0.0,0,1,5,1,0,1,0,0,2915
2018-05-15,19,26.9,49,0.9,1063,15.2,0.1,0.0,0.0,0,1,5,1,0,1,0,0,2248
2018-05-15,20,26.3,53,1.0,908,15.9,0.0,0.0,0.0,0,1,5,1,0,1,0,0,1958
2018-05-15,21,25.6,56,0.7,884,16.1,0.0,0.0,0.0,0,1,5,1,0,1,0,0,1944
2018-05-15,22,25.0,59,0.6,742,16.4,0.0,0.0,0.0,0,1,5,1,0,1,0,0,1640
2018-05-15,23,24.8,60,1.0,795,16.5,0.0,0.0,0.0,0,1,5,1,0,1,0,0,848
2018-05-16,0,24.4,63,0.8,745,16.8,0.0,0.0,0.0,0,1,5,2,0,1,0,0,662
2018-05-16,1,24.1,67,0.5,686,17.5,0.0,0.0,0.0,0,1,5,2,0,1,0,0,502
2018-05-16,2,23.9,69,0.3,531,17.8,0.0,0.2,0.0,0,1,5,2,0,1,0,0,145
2018-05-16,3,22.6,89,0.7,327,20.6,0.0,0.8,0.0,0,1,5,2,0,1,0,0,166
2018-05-16,4,22.3,86,0.5,387,19.8,0.0,0.0,0.0,0,1,5,2,0,1,0,0,124
2018-05-16,5,22.3,87,0.6,399,20.0,0.0,0.0,0.0,0,1,5,2,0,1,0,0,52
2018-05-16,6,22.1,94,0.9,269,21.0,0.0,2.0,0.0,0,1,5,2,0,1,0,0,135
2018-05-16,7,22.0,95,0.7,342,21.1,0.0,0.0,0.0,0,1,5,2,0,1,0,0,367
2018-05-16,8,22.4,93,1.2,683,21.2,0.04,0.0,0.0,0,1,5,2,0,1,0,0,291
2018-05-16,9,22.8,93,3.1,569,21.6,0.06,4.0,0.0,0,1,5,2,0,1,0,0,97
2018-05-16,10,22.8,95,1.7,176,21.9,0.05,1.0,0.0,0,1,5,2,0,1,0,0,81
2018-05-16,11,22.7,93,4.8,832,21.5,0.17,0.0,0.0,0,1,5,2,0,1,0,0,243
2018-05-16,12,22.9,87,4.0,1497,20.6,0.22,0.0,0.0,0,1,5,2,0,1,0,0,59
2018-05-16,13,21.8,97,2.4,682,21.2,0.06,35.0,0.0,0,1,5,2,0,1,0,0,151
2018-05-16,14,22.0,96,2.9,1327,21.3,0.39,0.0,0.0,0,1,5,2,0,1,0,0,248
2018-05-16,15,22.0,96,2.9,313,21.3,0.2,0.0,0.0,0,1,5,2,0,1,0,0,240
2018-05-16,16,21.8,97,1.8,206,21.2,0.18,0.0,0.0,0,1,5,2,0,1,0,0,223
2018-05-16,17,21.9,97,3.2,207,21.3,0.14,0.5,0.0,0,1,5,2,0,1,0,0,304
2018-05-16,18,21.9,97,2.1,191,21.3,0.08,0.0,0.0,0,1,5,2,0,1,0,0,562
2018-05-16,19,21.9,97,2.2,196,21.3,0.01,0.0,0.0,0,1,5,2,0,1,0,0,404
2018-05-16,20,21.8,97,2.2,156,21.2,0.0,0.5,0.0,0,1,5,2,0,1,0,0,338
2018-05-16,21,21.8,97,1.3,160,21.2,0.0,0.5,0.0,0,1,5,2,0,1,0,0,398
2018-05-16,22,21.9,97,1.5,164,21.3,0.0,0.0,0.0,0,1,5,2,0,1,0,0,399
2018-05-16,23,22.0,97,0.9,158,21.4,0.0,0.0,0.0,0,1,5,2,0,1,0,0,225
2018-05-17,0,22.0,97,1.6,152,21.4,0.0,0.5,0.0,0,1,5,3,0,1,0,0,118
2018-05-17,1,22.0,97,2.1,192,21.4,0.0,0.5,0.0,0,1,5,3,0,1,0,0,144
2018-05-17,2,21.8,97,1.3,175,21.2,0.0,1.0,0.0,0,1,5,3,0,1,0,0,78
2018-05-17,3,21.8,98,0.6,113,21.4,0.0,2.5,0.0,0,1,5,3,0,1,0,0,38
2018-05-17,4,19.2,98,2.4,1965,18.8,0.0,19.0,0.0,0,1,5,3,0,1,0,0,51
2018-05-17,5,18.8,97,0.9,1927,18.3,0.0,0.0,0.0,0,1,5,3,0,1,0,0,54
2018-05-17,6,18.9,98,0.3,338,18.5,0.0,0.0,0.0,0,1,5,3,0,1,0,0,69
2018-05-17,7,19.1,98,0.3,125,18.7,0.0,0.0,0.0,0,1,5,3,0,1,0,0,80
2018-05-17,8,19.7,98,0.5,1958,19.3,0.12,13.5,0.0,0,1,5,3,0,1,0,0,152
2018-05-17,9,19.7,98,0.5,659,19.3,0.05,10.0,0.0,0,1,5,3,0,1,0,0,28
2018-05-17,10,20.1,98,1.2,885,19.7,0.13,2.0,0.0,0,1,5,3,0,1,0,0,141
2018-05-17,11,20.4,98,0.9,300,20.0,0.25,2.5,0.0,0,1,5,3,0,1,0,0,182
2018-05-17,12,21.7,96,0.8,1773,21.0,0.81,1.5,0.0,0,1,5,3,0,1,0,0,467
2018-05-17,13,23.4,83,1.7,1944,20.3,1.5,0.0,0.0,0,1,5,3,0,1,0,0,592
2018-05-17,14,23.4,81,0.6,1921,19.9,0.5,0.0,0.0,0,1,5,3,0,1,0,0,352
2018-05-17,15,22.8,95,1.6,294,21.9,0.11,0.5,0.0,0,1,5,3,0,1,0,0,186
2018-05-17,16,22.9,95,0.4,385,22.0,0.31,0.0,0.0,0,1,5,3,0,1,0,0,102
2018-05-17,17,22.7,96,0.4,249,22.0,0.11,2.5,0.0,0,1,5,3,0,1,0,0,131
2018-05-17,18,22.6,97,1.1,304,22.0,0.07,1.5,0.0,0,1,5,3,0,1,0,0,431
2018-05-17,19,22.3,96,2.6,191,21.6,0.0,0.0,0.0,0,1,5,3,0,1,0,0,29
2018-05-17,20,21.3,97,2.8,388,20.7,0.0,12.5,0.0,0,1,5,3,0,1,0,0,17
2018-05-17,21,20.5,97,1.1,726,20.0,0.0,4.0,0.0,0,1,5,3,0,1,0,0,18
2018-05-17,22,20.2,98,0.5,468,19.8,0.0,6.0,0.0,0,1,5,3,0,1,0,0,26
2018-05-17,23,20.0,98,1.8,589,19.6,0.0,2.5,0.0,0,1,5,3,0,1,0,0,35
2018-05-18,0,19.3,97,1.8,523,18.8,0.0,1.0,0.0,0,1,5,4,0,1,0,0,129
2018-05-18,1,19.0,97,1.5,278,18.5,0.0,1.0,0.0,0,1,5,4,0,1,0,0,116
2018-05-18,2,18.8,98,1.5,237,18.4,0.0,0.5,0.0,0,1,5,4,0,1,0,0,48
2018-05-18,3,18.3,98,1.6,320,17.9,0.0,2.0,0.0,0,1,5,4,0,1,0,0,47
2018-05-18,4,18.1,98,1.7,223,17.7,0.0,1.0,0.0,0,1,5,4,0,1,0,0,22
2018-05-18,5,17.8,98,1.0,457,17.4,0.0,0.5,0.0,0,1,5,4,0,1,0,0,29
2018-05-18,6,17.4,98,0.3,234,17.0,0.0,0.0,0.0,0,1,5,4,0,1,0,0,77
2018-05-18,7,16.6,98,0.6,219,16.2,0.01,0.5,0.0,0,1,5,4,0,1,0,0,210
2018-05-18,8,16.4,98,0.3,514,16.0,0.11,0.0,0.0,0,1,5,4,0,1,0,0,400
2018-05-18,9,16.6,98,0.6,301,16.2,0.18,0.5,0.0,0,1,5,4,0,1,0,0,427
2018-05-18,10,16.3,97,1.0,693,15.8,0.37,0.0,0.0,0,1,5,4,0,1,0,0,454
2018-05-18,11,16.6,96,0.7,539,15.9,0.41,0.0,0.0,0,1,5,4,0,1,0,0,352
2018-05-18,12,16.6,96,0.8,430,15.9,0.34,0.0,0.0,0,1,5,4,0,1,0,0,185
2018-05-18,13,16.7,93,1.0,1373,15.5,0.72,0.5,0.0,0,1,5,4,0,1,0,0,509
2018-05-18,14,16.7,88,1.5,1760,14.6,0.72,0.0,0.0,0,1,5,4,0,1,0,0,697
2018-05-18,15,16.7,85,1.2,2000,14.1,0.49,0.0,0.0,0,1,5,4,0,1,0,0,906
2018-05-18,16,17.0,82,1.9,2000,13.8,0.84,0.0,0.0,0,1,5,4,0,1,0,0,1182
2018-05-18,17,17.2,81,1.2,2000,13.9,0.57,0.0,0.0,0,1,5,4,0,1,0,0,1551
2018-05-18,18,17.5,79,1.5,2000,13.8,0.57,0.0,0.0,0,1,5,4,0,1,0,0,2261
2018-05-18,19,17.0,76,1.5,2000,12.7,0.29,0.0,0.0,0,1,5,4,0,1,0,0,1751
2018-05-18,20,16.2,76,2.1,2000,11.9,0.02,0.0,0.0,0,1,5,4,0,1,0,0,1386
2018-05-18,21,15.3,73,2.3,2000,10.4,0.0,0.0,0.0,0,1,5,4,0,1,0,0,1263
2018-05-18,22,14.2,73,1.9,2000,9.4,0.0,0.0,0.0,0,1,5,4,0,1,0,0,1221
2018-05-18,23,13.2,68,1.8,2000,7.4,0.0,0.0,0.0,0,1,5,4,0,1,0,0,864
2018-05-19,0,12.2,67,1.2,2000,6.2,0.0,0.0,0.0,0,1,5,5,0,1,0,0,689
2018-05-19,1,11.4,74,1.3,2000,6.9,0.0,0.0,0.0,0,1,5,5,0,1,0,0,676
2018-05-19,2,11.1,74,1.9,2000,6.6,0.0,0.0,0.0,0,1,5,5,0,1,0,0,526
2018-05-19,3,10.7,73,1.3,2000,6.0,0.0,0.0,0.0,0,1,5,5,0,1,0,0,320
2018-05-19,4,10.5,73,1.2,2000,5.8,0.0,0.0,0.0,0,1,5,5,0,1,0,0,213
2018-05-19,5,10.4,71,1.1,2000,5.3,0.0,0.0,0.0,0,1,5,5,0,1,0,0,198
2018-05-19,6,10.5,70,1.0,2000,5.2,0.03,0.0,0.0,0,1,5,5,0,1,0,0,234
2018-05-19,7,11.4,0,1.4,2000,4.5,0.46,0.0,0.0,0,1,5,5,0,1,0,0,436
2018-05-19,8,13.7,57,1.4,2000,5.3,1.28,0.0,0.0,0,1,5,5,0,1,0,0,766
2018-05-19,9,15.7,49,1.6,2000,5.0,2.0,0.0,0.0,0,1,5,5,0,1,0,0,932
2018-05-19,10,17.2,45,2.1,2000,5.1,2.61,0.0,0.0,0,1,5,5,0,1,0,0,1051
2018-05-19,11,19.0,44,1.4,2000,6.4,3.12,0.0,0.0,0,1,5,5,0,1,0,0,1290
2018-05-19,12,20.5,42,2.1,2000,7.1,3.42,0.0,0.0,0,1,5,5,0,1,0,0,1573
2018-05-19,13,21.9,39,2.0,2000,7.3,3.52,0.0,0.0,0,1,5,5,0,1,0,0,1865
2018-05-19,14,22.8,39,2.6,1983,8.1,3.39,0.0,0.0,0,1,5,5,0,1,0,0,2128
2018-05-19,15,23.9,37,1.6,2000,8.3,3.07,0.0,0.0,0,1,5,5,0,1,0,0,2268
2018-05-19,16,24.5,34,1.5,2000,7.5,2.54,0.0,0.0,0,1,5,5,0,1,0,0,2479
2018-05-19,17,24.5,35,1.8,1927,8.0,1.93,0.0,0.0,0,1,5,5,0,1,0,0,2355
2018-05-19,18,24.0,34,1.7,2000,7.1,1.22,0.0,0.0,0,1,5,5,0,1,0,0,2439
2018-05-19,19,22.6,34,1.5,2000,5.9,0.51,0.0,0.0,0,1,5,5,0,1,0,0,2140
2018-05-19,20,20.9,34,1.4,2000,4.4,0.03,0.0,0.0,0,1,5,5,0,1,0,0,1872
2018-05-19,21,19.5,34,1.3,2000,3.2,0.0,0.0,0.0,0,1,5,5,0,1,0,0,1780
2018-05-19,22,18.4,34,1.2,2000,2.2,0.0,0.0,0.0,0,1,5,5,0,1,0,0,1595
2018-05-19,23,17.1,37,1.3,2000,2.2,0.0,0.0,0.0,0,1,5,5,0,1,0,0,1169
2018-05-20,0,15.8,41,1.2,2000,2.5,0.0,0.0,0.0,0,1,5,6,0,1,0,0,986
2018-05-20,1,14.7,43,1.2,2000,2.2,0.0,0.0,0.0,0,1,5,6,0,1,0,0,713
2018-05-20,2,13.9,43,0.9,2000,1.5,0.0,0.0,0.0,0,1,5,6,0,1,0,0,473
2018-05-20,3,13.5,41,1.0,2000,0.4,0.0,0.0,0.0,0,1,5,6,0,1,0,0,347
2018-05-20,4,12.8,44,0.8,2000,0.8,0.0,0.0,0.0,0,1,5,6,0,1,0,0,205
2018-05-20,5,12.1,47,1.6,2000,1.1,0.0,0.0,0.0,0,1,5,6,0,1,0,0,160
2018-05-20,6,11.6,46,0.8,2000,0.3,0.05,0.0,0.0,0,1,5,6,0,1,0,0,190
2018-05-20,7,12.3,43,0.6,2000,0.0,0.3,0.0,0.0,0,1,5,6,0,1,0,0,341
2018-05-20,8,14.1,38,1.0,2000,0.0,0.72,0.0,0.0,0,1,5,6,0,1,0,0,524
2018-05-20,9,16.0,34,1.3,2000,0.1,1.0,0.0,0.0,0,1,5,6,0,1,0,0,676
2018-05-20,10,17.0,37,1.4,2000,2.1,0.94,0.0,0.0,0,1,5,6,0,1,0,0,899
2018-05-20,11,18.7,30,1.9,2000,0.7,1.66,0.0,0.0,0,1,5,6,0,1,0,0,1013
2018-05-20,12,18.8,31,1.2,2000,1.2,0.92,0.0,0.0,0,1,5,6,0,1,0,0,1313
2018-05-20,13,19.9,33,1.4,2000,3.1,1.28,0.0,0.0,0,1,5,6,0,1,0,0,1559
2018-05-20,14,20.3,30,1.8,2000,2.1,1.01,0.0,0.0,0,1,5,6,0,1,0,0,1680
2018-05-20,15,21.0,28,1.7,2000,1.7,1.16,0.0,0.0,0,1,5,6,0,1,0,0,1999
2018-05-20,16,22.2,23,2.2,2000,0.0,1.66,0.0,0.0,0,1,5,6,0,1,0,0,2143
2018-05-20,17,22.4,23,2.4,2000,0.2,1.89,0.0,0.0,0,1,5,6,0,1,0,0,2310
2018-05-20,18,22.2,22,1.8,2000,-0.5,1.25,0.0,0.0,0,1,5,6,0,1,0,0,2403
2018-05-20,19,20.8,24,2.0,2000,-0.5,0.56,0.0,0.0,0,1,5,6,0,1,0,0,2145
2018-05-20,20,19.0,26,1.5,2000,-0.9,0.02,0.0,0.0,0,1,5,6,0,1,0,0,1846
2018-05-20,21,17.8,26,1.3,2000,-1.9,0.0,0.0,0.0,0,1,5,6,0,1,0,0,1636
2018-05-20,22,16.8,29,1.2,2000,-1.3,0.0,0.0,0.0,0,1,5,6,0,1,0,0,1325
2018-05-20,23,15.8,30,1.1,2000,-1.7,0.0,0.0,0.0,0,1,5,6,0,1,0,0,943
2018-05-21,0,15.3,29,1.3,2000,-2.6,0.0,0.0,0.0,0,1,5,0,0,1,0,0,666
2018-05-21,1,14.5,31,1.1,2000,-2.4,0.0,0.0,0.0,0,1,5,0,0,1,0,0,420
2018-05-21,2,13.9,0,0.9,2000,-2.1,0.0,0.0,0.0,0,1,5,0,0,1,0,0,262
2018-05-21,3,13.0,0,0.8,2000,-2.5,0.0,0.0,0.0,0,1,5,0,0,1,0,0,165
2018-05-21,4,12.4,0,0.8,2000,-3.4,0.0,0.0,0.0,0,1,5,0,0,1,0,0,113
2018-05-21,5,11.9,0,1.3,2000,-2.7,0.0,0.0,0.0,0,1,5,0,0,1,0,0,200
2018-05-21,6,11.4,0,0.9,2000,-2.0,0.03,0.0,0.0,0,1,5,0,0,1,0,0,467
2018-05-21,7,12.3,0,0.9,1989,-2.7,0.48,0.0,0.0,0,1,5,0,0,1,0,0,1135
2018-05-21,8,15.3,30,1.3,2000,-2.2,1.3,0.0,0.0,0,1,5,0,0,1,0,0,1785
2018-05-21,9,17.7,27,1.3,2000,-1.5,2.02,0.0,0.0,0,1,5,0,0,1,0,0,1118
2018-05-21,10,19.3,27,1.4,2000,-0.1,2.63,0.0,0.0,0,1,5,0,0,1,0,0,962
2018-05-21,11,20.9,27,1.7,2000,1.1,3.11,0.0,0.0,0,1,5,0,0,1,0,0,1129
2018-05-21,12,21.8,31,2.1,2000,3.9,3.39,0.0,0.0,0,1,5,0,0,1,0,0,1373
2018-05-21,13,22.8,31,1.9,1923,4.7,3.49,0.0,0.0,0,1,5,0,0,1,0,0,1456
2018-05-21,14,23.4,36,2.8,1947,7.4,3.11,0.0,0.0,0,1,5,0,0,1,0,0,1483
2018-05-21,15,23.3,38,1.5,1963,8.1,2.13,0.0,0.0,0,1,5,0,0,1,0,0,1612
2018-05-21,16,22.7,42,1.9,2000,9.1,1.13,0.0,0.0,0,1,5,0,0,1,0,0,1820
2018-05-21,17,22.2,45,2.4,2000,9.6,0.83,0.0,0.0,0,1,5,0,0,1,0,0,2214
2018-05-21,18,21.6,48,2.5,1884,10.1,0.61,0.0,0.0,0,1,5,0,0,1,0,0,3069
2018-05-21,19,19.5,56,1.6,1600,10.4,0.29,0.0,0.0,0,1,5,0,0,1,0,0,2450
2018-05-21,20,18.4,59,2.6,1476,10.2,0.04,0.0,0.0,0,1,5,0,0,1,0,0,2167
2018-05-21,21,17.7,63,0.5,1324,10.5,0.0,0.0,0.0,0,1,5,0,0,1,0,0,2065
2018-05-21,22,16.9,65,0.3,1281,10.2,0.0,0.0,0.0,0,1,5,0,0,1,0,0,1832
2018-05-21,23,16.3,70,0.7,1293,10.8,0.0,0.0,0.0,0,1,5,0,0,1,0,0,1273
2018-05-22,0,16.0,71,0.5,1299,10.7,0.0,0.0,0.0,1,1,5,1,0,1,0,0,957
2018-05-22,1,15.9,71,1.1,1312,10.6,0.0,0.0,0.0,1,1,5,1,0,1,0,0,810
2018-05-22,2,15.7,74,1.0,1313,11.0,0.0,0.0,0.0,1,1,5,1,0,1,0,0,590
2018-05-22,3,15.5,0,0.7,1420,10.4,0.0,0.0,0.0,1,1,5,1,0,1,0,0,406
2018-05-22,4,15.6,0,0.5,1502,10.5,0.0,0.0,0.0,1,1,5,1,0,1,0,0,248
2018-05-22,5,15.7,0,0.6,1610,10.6,0.0,0.0,0.0,1,1,5,1,0,1,0,0,182
2018-05-22,6,15.5,0,0.5,1691,10.4,0.06,0.0,0.0,1,1,5,1,0,1,0,0,277
2018-05-22,7,16.3,69,0.7,1750,10.5,0.34,0.0,0.0,1,1,5,1,0,1,0,0,443
2018-05-22,8,18.2,63,0.8,1731,11.0,1.0,0.0,0.0,1,1,5,1,0,1,0,0,694
2018-05-22,9,19.3,62,0.8,1894,11.8,1.14,0.0,0.0,1,1,5,1,0,1,0,0,912
2018-05-22,10,20.7,55,1.8,1698,11.3,1.43,0.0,0.0,1,1,5,1,0,1,0,0,1119
2018-05-22,11,21.9,55,1.4,1820,12.4,1.87,0.0,0.0,1,1,5,1,0,1,0,0,1438
2018-05-22,12,22.9,51,1.1,1591,12.2,1.8,0.0,0.0,1,1,5,1,0,1,0,0,1798
2018-05-22,13,22.7,52,1.0,1399,12.3,0.94,0.0,0.0,1,1,5,1,0,1,0,0,2000
2018-05-22,14,22.8,53,1.4,1630,12.7,0.98,0.0,0.0,1,1,5,1,0,1,0,0,1407
2018-05-22,15,21.1,72,2.7,663,15.8,0.31,0.1,0.0,1,1,5,1,0,1,0,0,163
2018-05-22,16,19.5,80,1.2,553,15.9,0.53,0.4,0.0,1,1,5,1,0,1,0,0,86
2018-05-22,17,18.6,84,1.8,499,15.8,0.28,1.0,0.0,1,1,5,1,0,1,0,0,50
2018-05-22,18,17.9,93,1.2,258,16.7,0.13,2.0,0.0,1,1,5,1,0,1,0,0,30
2018-05-22,19,17.6,93,0.3,331,16.4,0.06,1.5,0.0,1,1,5,1,0,1,0,0,45
2018-05-22,20,17.2,85,1.4,467,14.6,0.0,0.5,0.0,1,1,5,1,0,1,0,0,30
2018-05-22,21,17.0,85,1.1,597,14.4,0.0,0.5,0.0,1,1,5,1,0,1,0,0,58
2018-05-22,22,16.8,87,0.6,447,14.6,0.0,0.5,0.0,1,1,5,1,0,1,0,0,29
2018-05-22,23,16.3,96,1.1,198,15.6,0.0,2.5,0.0,1,1,5,1,0,1,0,0,18
2018-05-23,0,15.8,97,2.4,181,15.3,0.0,3.5,0.0,0,1,5,2,0,1,0,0,32
2018-05-23,1,15.3,97,3.2,178,14.8,0.0,3.0,0.0,0,1,5,2,0,1,0,0,25
2018-05-23,2,15.0,97,2.5,236,14.5,0.0,3.0,0.0,0,1,5,2,0,1,0,0,34
2018-05-23,3,14.9,96,2.2,636,14.2,0.0,0.5,0.0,0,1,5,2,0,1,0,0,43
2018-05-23,4,15.0,97,1.4,1827,14.5,0.0,0.0,0.0,0,1,5,2,0,1,0,0,59
2018-05-23,5,14.6,87,2.2,2000,12.4,0.0,0.0,0.0,0,1,5,2,0,1,0,0,152
2018-05-23,6,13.9,83,3.2,2000,11.0,0.04,0.0,0.0,0,1,5,2,0,1,0,0,436
2018-05-23,7,13.6,75,1.6,1987,9.2,0.47,0.0,0.0,0,1,5,2,0,1,0,0,1241
2018-05-23,8,14.6,70,3.1,2000,9.1,1.28,0.0,0.0,0,1,5,2,0,1,0,0,2035
2018-05-23,9,16.0,60,1.9,1992,8.2,1.98,0.0,0.0,0,1,5,2,0,1,0,0,1125
2018-05-23,10,17.9,56,3.3,1919,8.9,2.63,0.0,0.0,0,1,5,2,0,1,0,0,871
2018-05-23,11,18.9,42,3.8,2000,5.6,3.13,0.0,0.0,0,1,5,2,0,1,0,0,1012
2018-05-23,12,20.1,37,4.0,1910,4.9,3.44,0.0,0.0,0,1,5,2,0,1,0,0,1216
2018-05-23,13,20.9,33,3.9,1853,4.0,3.52,0.0,0.0,0,1,5,2,0,1,0,0,1167
2018-05-23,14,22.0,33,3.4,1966,4.9,3.41,0.0,0.0,0,1,5,2,0,1,0,0,1183
2018-05-23,15,23.0,29,2.9,1876,3.9,3.11,0.0,0.0,0,1,5,2,0,1,0,0,1332
2018-05-23,16,23.0,33,4.2,1880,5.8,2.57,0.0,0.0,0,1,5,2,0,1,0,0,1563
2018-05-23,17,22.4,39,3.2,1943,7.7,1.9,0.0,0.0,0,1,5,2,0,1,0,0,2069
2018-05-23,18,21.7,40,3.5,1987,7.4,1.18,0.0,0.0,0,1,5,2,0,1,0,0,3123
2018-05-23,19,18.8,52,3.4,2000,8.7,0.49,0.0,0.0,0,1,5,2,0,1,0,0,2454
2018-05-23,20,16.7,61,1.9,2000,9.1,0.05,0.0,0.0,0,1,5,2,0,1,0,0,2001
2018-05-23,21,15.4,61,1.1,1959,7.9,0.0,0.0,0.0,0,1,5,2,0,1,0,0,1833
2018-05-23,22,14.8,59,1.0,1740,6.8,0.0,0.0,0.0,0,1,5,2,0,1,0,0,1588
2018-05-23,23,14.6,54,1.5,1596,5.3,0.0,0.0,0.0,0,1,5,2,0,1,0,0,1080
2018-05-24,0,13.7,51,1.3,1651,3.7,0.0,0.0,0.0,0,1,5,3,0,1,0,0,778
2018-05-24,1,12.9,62,0.6,1557,5.7,0.0,0.0,0.0,0,1,5,3,0,1,0,0,578
2018-05-24,2,12.5,54,0.7,1500,3.4,0.0,0.0,0.0,0,1,5,3,0,1,0,0,385
2018-05-24,3,12.1,64,0.8,1538,5.4,0.0,0.0,0.0,0,1,5,3,0,1,0,0,265
2018-05-24,4,11.7,64,1.6,1578,5.1,0.0,0.0,0.0,0,1,5,3,0,1,0,0,161
2018-05-24,5,11.3,64,1.2,1634,4.7,0.0,0.0,0.0,0,1,5,3,0,1,0,0,205
2018-05-24,6,11.4,67,1.0,1600,5.4,0.04,0.0,0.0,0,1,5,3,0,1,0,0,530
2018-05-24,7,12.5,61,1.3,1818,5.1,0.42,0.0,0.0,0,1,5,3,0,1,0,0,1390
2018-05-24,8,15.2,50,1.6,1530,4.8,1.1,0.0,0.0,0,1,5,3,0,1,0,0,2081
2018-05-24,9,17.6,30,1.1,1531,0.0,1.79,0.0,0.0,0,1,5,3,0,1,0,0,1226
2018-05-24,10,19.9,27,2.7,1775,0.3,2.44,0.0,0.0,0,1,5,3,0,1,0,0,880
2018-05-24,11,21.5,30,2.9,1779,3.1,2.92,0.0,0.0,0,1,5,3,0,1,0,0,922
2018-05-24,12,22.1,36,5.3,1696,6.3,3.2,0.0,0.0,0,1,5,3,0,1,0,0,1087
2018-05-24,13,23.3,35,3.7,1874,6.9,3.28,0.0,0.0,0,1,5,3,0,1,0,0,1078
2018-05-24,14,23.2,36,4.9,1597,7.2,3.18,0.0,0.0,0,1,5,3,0,1,0,0,1059
2018-05-24,15,23.5,36,3.2,1786,7.5,2.91,0.0,0.0,0,1,5,3,0,1,0,0,1174
2018-05-24,16,23.5,36,4.0,1763,7.5,2.42,0.0,0.0,0,1,5,3,0,1,0,0,1455
2018-05-24,17,23.4,38,2.7,1885,8.2,1.76,0.0,0.0,0,1,5,3,0,1,0,0,1863
2018-05-24,18,22.6,39,2.8,1655,7.9,1.1,0.0,0.0,0,1,5,3,0,1,0,0,2825
2018-05-24,19,21.1,44,2.6,1512,8.3,0.41,0.0,0.0,0,1,5,3,0,1,0,0,2334
2018-05-24,20,20.0,46,2.6,1414,8.0,0.05,0.0,0.0,0,1,5,3,0,1,0,0,1902
2018-05-24,21,19.3,50,1.7,1381,8.6,0.0,0.0,0.0,0,1,5,3,0,1,0,0,1838
2018-05-24,22,18.6,54,2.3,1328,9.0,0.0,0.0,0.0,0,1,5,3,0,1,0,0,1678
2018-05-24,23,18.1,56,1.6,1095,9.1,0.0,0.0,0.0,0,1,5,3,0,1,0,0,1087
2018-05-25,0,17.6,57,1.8,943,8.9,0.0,0.0,0.0,0,1,5,4,0,1,0,0,831
2018-05-25,1,16.9,61,1.0,844,9.3,0.0,0.0,0.0,0,1,5,4,0,1,0,0,610
2018-05-25,2,16.1,70,0.6,787,10.6,0.0,0.0,0.0,0,1,5,4,0,1,0,0,437
2018-05-25,3,15.4,71,0.5,780,10.1,0.0,0.0,0.0,0,1,5,4,0,1,0,0,286
2018-05-25,4,14.8,71,0.4,700,9.5,0.0,0.0,0.0,0,1,5,4,0,1,0,0,188
2018-05-25,5,14.3,75,0.6,635,9.9,0.0,0.0,0.0,0,1,5,4,0,1,0,0,201
2018-05-25,6,13.8,74,0.7,644,9.2,0.05,0.0,0.0,0,1,5,4,0,1,0,0,531
2018-05-25,7,14.4,66,1.1,704,8.1,0.42,0.0,0.0,0,1,5,4,0,1,0,0,1250
2018-05-25,8,17.1,57,1.7,792,8.5,1.21,0.0,0.0,0,1,5,4,0,1,0,0,1996
2018-05-25,9,19.5,44,1.3,995,6.9,1.88,0.0,0.0,0,1,5,4,0,1,0,0,1121
2018-05-25,10,21.4,30,2.5,1730,3.0,2.53,0.0,0.0,0,1,5,4,0,1,0,0,819
2018-05-25,11,23.1,30,2.5,1896,4.5,3.01,0.0,0.0,0,1,5,4,0,1,0,0,959
2018-05-25,12,24.4,24,2.9,1811,2.5,3.28,0.0,0.0,0,1,5,4,0,1,0,0,1082
2018-05-25,13,25.6,26,2.7,1747,4.6,3.36,0.0,0.0,0,1,5,4,0,1,0,0,1106
2018-05-25,14,26.0,23,2.3,1923,3.2,2.92,0.0,0.0,0,1,5,4,0,1,0,0,1161
2018-05-25,15,25.1,25,2.7,1959,3.6,2.2,0.0,0.0,0,1,5,4,0,1,0,0,1306
2018-05-25,16,24.3,27,4.1,1892,4.0,1.78,0.0,0.0,0,1,5,4,0,1,0,0,1533
2018-05-25,17,23.6,28,3.1,1844,4.0,1.26,0.0,0.0,0,1,5,4,0,1,0,0,2013
2018-05-25,18,23.3,32,2.6,1772,5.6,1.05,0.0,0.0,0,1,5,4,0,1,0,0,2916
2018-05-25,19,22.0,40,1.6,1658,7.7,0.47,0.0,0.0,0,1,5,4,0,1,0,0,2227
2018-05-25,20,20.4,45,2.0,1457,8.0,0.06,0.0,0.0,0,1,5,4,0,1,0,0,1905
2018-05-25,21,19.1,50,1.4,1378,8.4,0.0,0.0,0.0,0,1,5,4,0,1,0,0,1740
2018-05-25,22,18.3,54,1.7,1394,8.8,0.0,0.0,0.0,0,1,5,4,0,1,0,0,1630
2018-05-25,23,17.6,55,0.5,1362,8.4,0.0,0.0,0.0,0,1,5,4,0,1,0,0,1209
2018-05-26,0,17.0,59,1.1,1299,8.9,0.0,0.0,0.0,0,1,5,5,0,1,0,0,987
2018-05-26,1,16.2,63,0.7,1328,9.1,0.0,0.0,0.0,0,1,5,5,0,1,0,0,837
2018-05-26,2,15.8,66,0.6,1204,9.4,0.0,0.0,0.0,0,1,5,5,0,1,0,0,572
2018-05-26,3,15.3,69,0.5,1103,9.6,0.0,0.0,0.0,0,1,5,5,0,1,0,0,419
2018-05-26,4,14.8,73,0.5,994,9.9,0.0,0.0,0.0,0,1,5,5,0,1,0,0,232
2018-05-26,5,14.4,73,0.4,978,9.6,0.0,0.0,0.0,0,1,5,5,0,1,0,0,198
2018-05-26,6,14.2,72,0.6,947,9.2,0.04,0.0,0.0,0,1,5,5,0,1,0,0,299
2018-05-26,7,15.0,64,0.6,902,8.2,0.46,0.0,0.0,0,1,5,5,0,1,0,0,503
2018-05-26,8,17.8,52,0.6,1094,7.8,1.18,0.0,0.0,0,1,5,5,0,1,0,0,763
2018-05-26,9,20.6,43,1.1,1104,7.5,1.84,0.0,0.0,0,1,5,5,0,1,0,0,992
2018-05-26,10,23.2,41,1.1,1440,9.2,2.45,0.0,0.0,0,1,5,5,0,1,0,0,1010
2018-05-26,11,24.8,34,0.9,1439,7.8,2.92,0.0,0.0,0,1,5,5,0,1,0,0,1164
2018-05-26,12,26.2,31,1.2,1161,7.7,3.18,0.0,0.0,0,1,5,5,0,1,0,0,1285
2018-05-26,13,27.8,31,2.0,1326,9.1,3.29,0.0,0.0,0,1,5,5,0,1,0,0,1441
2018-05-26,14,28.3,30,2.3,1025,9.0,3.14,0.0,0.0,0,1,5,5,0,1,0,0,1448
2018-05-26,15,29.4,30,2.0,882,10.0,2.82,0.0,0.0,0,1,5,5,0,1,0,0,1575
2018-05-26,16,29.0,31,2.9,889,10.1,2.26,0.0,0.0,0,1,5,5,0,1,0,0,1690
2018-05-26,17,27.9,34,3.8,1259,10.5,1.73,0.0,0.0,0,1,5,5,0,1,0,0,1886
2018-05-26,18,27.0,33,2.2,822,9.3,1.07,0.0,0.0,0,1,5,5,0,1,0,0,2020
2018-05-26,19,24.9,46,3.1,1341,12.4,0.43,0.0,0.0,0,1,5,5,0,1,0,0,1985
2018-05-26,20,22.3,50,2.7,1512,11.3,0.05,0.0,0.0,0,1,5,5,0,1,0,0,1909
2018-05-26,21,21.7,58,1.3,1173,13.0,0.0,0.0,0.0,0,1,5,5,0,1,0,0,1851
2018-05-26,22,21.2,60,1.0,1192,13.1,0.0,0.0,0.0,0,1,5,5,0,1,0,0,1683
2018-05-26,23,20.7,63,0.8,1130,13.3,0.0,0.0,0.0,0,1,5,5,0,1,0,0,1330
2018-05-27,0,20.1,65,1.6,1097,13.3,0.0,0.0,0.0,0,1,5,6,0,1,0,0,1089
2018-05-27,1,19.8,61,1.4,943,12.0,0.0,0.0,0.0,0,1,5,6,0,1,0,0,799
2018-05-27,2,19.0,62,1.8,974,11.5,0.0,0.0,0.0,0,1,5,6,0,1,0,0,555
2018-05-27,3,18.5,62,0.8,1073,11.0,0.0,0.0,0.0,0,1,5,6,0,1,0,0,423
2018-05-27,4,17.9,59,1.3,1261,9.7,0.0,0.0,0.0,0,1,5,6,0,1,0,0,208
2018-05-27,5,17.6,0,0.8,1304,9.7,0.0,0.0,0.0,0,1,5,6,0,1,0,0,174
2018-05-27,6,17.3,62,1.4,1293,9.9,0.03,0.0,0.0,0,1,5,6,0,1,0,0,234
2018-05-27,7,17.6,0,1.4,1219,8.7,0.34,0.0,0.0,0,1,5,6,0,1,0,0,341
2018-05-27,8,18.3,51,2.0,1366,7.9,0.7,0.0,0.0,0,1,5,6,0,1,0,0,608
2018-05-27,9,19.5,43,1.5,1548,0.0,1.02,0.0,0.0,0,1,5,6,0,1,0,0,762
2018-05-27,10,21.6,33,2.0,1697,0.0,1.86,0.0,0.0,0,1,5,6,0,1,0,0,821
2018-05-27,11,22.3,33,1.8,1853,0.0,1.54,0.0,0.0,0,1,5,6,0,1,0,0,1004
2018-05-27,12,23.4,38,2.8,1756,8.2,1.87,0.0,0.0,0,1,5,6,0,1,0,0,1404
2018-05-27,13,24.3,37,2.3,1583,8.6,2.22,0.0,0.0,0,1,5,6,0,1,0,0,1579
2018-05-27,14,24.2,36,4.0,1907,8.1,2.16,0.0,0.0,0,1,5,6,0,1,0,0,1730
2018-05-27,15,23.9,37,2.6,1889,8.3,1.82,0.0,0.0,0,1,5,6,0,1,0,0,2019
2018-05-27,16,24.0,36,1.6,1811,7.9,1.34,0.0,0.0,0,1,5,6,0,1,0,0,2242
2018-05-27,17,23.5,32,3.2,1925,0.0,1.01,0.0,0.0,0,1,5,6,0,1,0,0,2307
2018-05-27,18,23.0,36,2.8,1904,7.1,0.85,0.0,0.0,0,1,5,6,0,1,0,0,2267
2018-05-27,19,21.7,38,2.1,1857,6.7,0.27,0.0,0.0,0,1,5,6,0,1,0,0,2207
2018-05-27,20,20.6,41,2.3,1788,6.8,0.09,0.0,0.0,0,1,5,6,0,1,0,0,2044
2018-05-27,21,19.5,46,1.8,1734,7.5,0.0,0.0,0.0,0,1,5,6,0,1,0,0,1729
2018-05-27,22,18.6,50,1.0,1830,7.9,0.0,0.0,0.0,0,1,5,6,0,1,0,0,1374
2018-05-27,23,17.9,53,1.9,1774,8.1,0.0,0.0,0.0,0,1,5,6,0,1,0,0,1071
2018-05-28,0,17.3,55,0.7,1741,8.1,0.0,0.0,0.0,0,1,5,0,0,1,0,0,770
2018-05-28,1,16.7,60,0.8,1806,8.8,0.0,0.0,0.0,0,1,5,0,0,1,0,0,440
2018-05-28,2,16.5,58,0.3,1759,8.1,0.0,0.0,0.0,0,1,5,0,0,1,0,0,335
2018-05-28,3,17.1,56,0.4,1583,8.2,0.0,0.0,0.0,0,1,5,0,0,1,0,0,185
2018-05-28,4,17.2,0,0.4,1619,8.8,0.0,0.0,0.0,0,1,5,0,0,1,0,0,134
2018-05-28,5,16.6,0,0.9,1361,9.7,0.0,0.0,0.0,0,1,5,0,0,1,0,0,247
2018-05-28,6,16.2,0,0.5,1588,9.3,0.05,0.0,0.0,0,1,5,0,0,1,0,0,641
2018-05-28,7,16.8,0,0.8,1387,8.9,0.36,0.0,0.0,0,1,5,0,0,1,0,0,1502
2018-05-28,8,19.5,50,0.7,1329,8.7,1.19,0.0,0.0,0,1,5,0,0,1,0,0,2194
2018-05-28,9,21.7,48,1.1,1806,10.2,1.92,0.0,0.0,0,1,5,0,0,1,0,0,1131
2018-05-28,10,23.3,49,1.1,1881,11.9,2.46,0.0,0.0,0,1,5,0,0,1,0,0,828
2018-05-28,11,25.1,45,0.9,1982,12.3,2.9,0.0,0.0,0,1,5,0,0,1,0,0,986
2018-05-28,12,26.3,44,1.8,2000,13.0,3.24,0.0,0.0,0,1,5,0,0,1,0,0,1139
2018-05-28,13,27.7,39,1.9,1882,12.4,3.33,0.0,0.0,0,1,5,0,0,1,0,0,1124
2018-05-28,14,28.7,36,2.6,1853,12.1,3.21,0.0,0.0,0,1,5,0,0,1,0,0,1128
2018-05-28,15,28.4,43,3.1,900,14.6,2.28,0.0,0.0,0,1,5,0,0,1,0,0,1258
2018-05-28,16,28.1,43,3.4,845,14.3,2.32,0.0,0.0,0,1,5,0,0,1,0,0,1497
2018-05-28,17,26.9,45,3.5,990,13.9,1.64,0.0,0.0,0,1,5,0,0,1,0,0,2060
2018-05-28,18,26.0,39,2.7,1950,10.9,1.07,0.0,0.0,0,1,5,0,0,1,0,0,3245
2018-05-28,19,24.4,44,2.8,1979,11.3,0.45,0.0,0.0,0,1,5,0,0,1,0,0,2656
2018-05-28,20,23.0,49,2.4,1905,11.7,0.07,0.0,0.0,0,1,5,0,0,1,0,0,2252
2018-05-28,21,21.8,50,2.1,1950,10.9,0.0,0.0,0.0,0,1,5,0,0,1,0,0,2140
2018-05-28,22,21.1,54,0.6,2000,11.4,0.0,0.0,0.0,0,1,5,0,0,1,0,0,1881
2018-05-28,23,20.9,53,1.6,1712,10.9,0.0,0.0,0.0,0,1,5,0,0,1,0,0,1247
2018-05-29,0,20.6,54,2.6,1737,0.0,0.0,0.0,0.0,0,1,5,1,0,1,0,0,841
2018-05-29,1,20.3,55,1.1,1756,0.0,0.0,0.0,0.0,0,1,5,1,0,1,0,0,721
2018-05-29,2,20.2,56,2.3,1498,0.0,0.0,0.0,0.0,0,1,5,1,0,1,0,0,466
2018-05-29,3,20.0,58,1.8,1279,11.4,0.0,0.0,0.0,0,1,5,1,0,1,0,0,285
2018-05-29,4,19.8,60,1.9,1364,11.8,0.0,0.0,0.0,0,1,5,1,0,1,0,0,204
2018-05-29,5,19.6,64,0.3,1483,12.5,0.0,0.0,0.0,0,1,5,1,0,1,0,0,252
2018-05-29,6,19.5,64,0.4,1268,12.5,0.02,0.0,0.0,0,1,5,1,0,1,0,0,625
2018-05-29,7,19.9,63,1.1,934,12.6,0.24,0.0,0.0,0,1,5,1,0,1,0,0,1427
2018-05-29,8,20.5,66,1.7,1062,13.9,0.34,0.0,0.0,0,1,5,1,0,1,0,0,2234
2018-05-29,9,21.0,67,1.1,1012,14.6,0.54,0.0,0.0,0,1,5,1,0,1,0,0,1192
2018-05-29,10,21.6,68,1.6,980,15.4,0.83,0.0,0.0,0,1,5,1,0,1,0,0,893
2018-05-29,11,23.1,63,2.6,949,15.6,1.68,0.0,0.0,0,1,5,1,0,1,0,0,949
2018-05-29,12,23.1,64,2.6,1250,15.9,1.35,0.0,0.0,0,1,5,1,0,1,0,0,1184
2018-05-29,13,24.2,58,1.5,1030,15.4,1.66,0.0,0.0,0,1,5,1,0,1,0,0,1103
2018-05-29,14,25.5,53,2.0,981,15.2,2.5,0.0,0.0,0,1,5,1,0,1,0,0,1174
2018-05-29,15,25.7,56,1.8,1112,16.2,1.71,0.0,0.0,0,1,5,1,0,1,0,0,1234
2018-05-29,16,23.6,66,4.2,1208,16.8,0.89,0.0,0.0,0,1,5,1,0,1,0,0,1592
2018-05-29,17,23.9,65,1.9,1425,16.9,1.02,0.0,0.0,0,1,5,1,0,1,0,0,2022
2018-05-29,18,23.1,68,2.9,1506,16.8,0.42,0.0,0.0,0,1,5,1,0,1,0,0,2154
2018-05-29,19,22.3,71,2.5,1268,16.7,0.14,0.0,0.0,0,1,5,1,0,1,0,0,477
2018-05-29,20,20.1,88,2.2,572,18.0,0.0,1.0,0.0,0,1,5,1,0,1,0,0,422
2018-05-29,21,19.9,93,1.4,416,18.7,0.0,0.0,0.0,0,1,5,1,0,1,0,0,1041
2018-05-29,22,19.9,85,1.7,559,17.2,0.0,0.0,0.0,0,1,5,1,0,1,0,0,1121
2018-05-29,23,19.5,89,1.7,304,17.6,0.0,0.0,0.0,0,1,5,1,0,1,0,0,742
2018-05-30,0,19.1,84,1.6,540,16.3,0.0,0.0,0.0,0,1,5,2,0,1,0,0,507
2018-05-30,1,18.8,84,0.5,488,16.0,0.0,0.0,0.0,0,1,5,2,0,1,0,0,570
2018-05-30,2,18.7,83,0.6,469,15.7,0.0,0.0,0.0,0,1,5,2,0,1,0,0,422
2018-05-30,3,18.4,86,0.6,360,16.0,0.0,0.0,0.0,0,1,5,2,0,1,0,0,238
2018-05-30,4,18.3,84,0.9,409,15.5,0.0,0.0,0.0,0,1,5,2,0,1,0,0,167
2018-05-30,5,18.4,84,0.6,352,15.6,0.0,0.0,0.0,0,1,5,2,0,1,0,0,239
2018-05-30,6,18.6,84,0.7,316,15.8,0.01,0.0,0.0,0,1,5,2,0,1,0,0,505
2018-05-30,7,18.9,85,0.6,289,16.3,0.12,0.0,0.0,0,1,5,2,0,1,0,0,1150
2018-05-30,8,19.3,83,0.6,394,16.3,0.23,0.0,0.0,0,1,5,2,0,1,0,0,1937
2018-05-30,9,19.8,79,1.3,405,16.0,0.45,0.0,0.0,0,1,5,2,0,1,0,0,1200
2018-05-30,10,21.4,71,1.7,476,15.9,1.43,0.0,0.0,0,1,5,2,0,1,0,0,916
2018-05-30,11,22.8,66,2.7,1270,16.1,2.76,0.0,0.0,0,1,5,2,0,1,0,0,975
2018-05-30,12,23.2,64,3.0,1305,16.0,2.08,0.0,0.0,0,1,5,2,0,1,0,0,1187
2018-05-30,13,24.0,56,2.6,1282,14.6,2.94,0.0,0.0,0,1,5,2,0,1,0,0,1134
2018-05-30,14,24.3,58,2.9,1211,15.5,2.92,0.0,0.0,0,1,5,2,0,1,0,0,1119
2018-05-30,15,24.3,52,3.0,1447,13.8,2.55,0.0,0.0,0,1,5,2,0,1,0,0,1280
2018-05-30,16,24.7,47,3.0,1594,12.6,2.44,0.0,0.0,0,1,5,2,0,1,0,0,1571
2018-05-30,17,24.1,41,2.2,1980,10.0,1.9,0.0,0.0,0,1,5,2,0,1,0,0,2166
2018-05-30,18,23.6,42,2.1,2000,9.9,1.23,0.0,0.0,0,1,5,2,0,1,0,0,3251
2018-05-30,19,21.2,52,3.6,1856,10.9,0.55,0.0,0.0,0,1,5,2,0,1,0,0,2650
2018-05-30,20,19.1,64,2.6,1530,12.1,0.06,0.0,0.0,0,1,5,2,0,1,0,0,2224
2018-05-30,21,18.2,69,2.0,1286,12.4,0.0,0.0,0.0,0,1,5,2,0,1,0,0,2074
2018-05-30,22,17.3,76,1.7,801,13.0,0.0,0.0,0.0,0,1,5,2,0,1,0,0,1732
2018-05-30,23,16.4,80,1.5,642,12.9,0.0,0.0,0.0,0,1,5,2,0,1,0,0,1158
2018-05-31,0,15.8,82,1.6,546,12.7,0.0,0.0,0.0,0,1,5,3,0,1,0,0,844
2018-05-31,1,15.5,82,1.5,513,12.4,0.0,0.0,0.0,0,1,5,3,0,1,0,0,610
2018-05-31,2,15.2,84,0.7,485,12.5,0.0,0.0,0.0,0,1,5,3,0,1,0,0,470
2018-05-31,3,15.0,84,1.3,473,12.3,0.0,0.0,0.0,0,1,5,3,0,1,0,0,328
2018-05-31,4,14.8,85,0.7,478,12.2,0.0,0.0,0.0,0,1,5,3,0,1,0,0,188
2018-05-31,5,14.4,82,1.2,708,11.3,0.0,0.0,0.0,0,1,5,3,0,1,0,0,265
2018-05-31,6,14.3,82,0.7,653,11.2,0.05,0.0,0.0,0,1,5,3,0,1,0,0,646
2018-05-31,7,14.9,71,0.9,651,9.6,0.47,0.0,0.0,0,1,5,3,0,1,0,0,1401
2018-05-31,8,16.9,65,1.6,896,10.2,1.21,0.0,0.0,0,1,5,3,0,1,0,0,2281
2018-05-31,9,18.8,59,1.6,1233,10.6,1.9,0.0,0.0,0,1,5,3,0,1,0,0,1277
2018-05-31,10,20.8,54,1.2,1129,11.1,2.45,0.0,0.0,0,1,5,3,0,1,0,0,936
2018-05-31,11,22.0,54,2.7,1189,12.2,2.89,0.0,0.0,0,1,5,3,0,1,0,0,979
2018-05-31,12,23.7,44,1.3,1624,10.7,3.2,0.0,0.0,0,1,5,3,0,1,0,0,1134
2018-05-31,13,25.0,47,2.5,1120,12.8,3.34,0.0,0.0,0,1,5,3,0,1,0,0,1151
2018-05-31,14,25.9,43,2.7,1493,12.3,2.97,0.0,0.0,0,1,5,3,0,1,0,0,1164
2018-05-31,15,26.9,37,2.7,1850,10.9,2.9,0.0,0.0,0,1,5,3,0,1,0,0,1280
2018-05-31,16,27.3,38,2.9,1784,11.7,2.41,0.0,0.0,0,1,5,3,0,1,0,0,1550
2018-05-31,17,27.2,42,2.9,1828,13.1,1.79,0.0,0.0,0,1,5,3,0,1,0,0,2047
2018-05-31,18,26.4,42,3.1,1995,12.4,0.79,0.0,0.0,0,1,5,3,0,1,0,0,3119
2018-05-31,19,25.2,53,3.1,1983,0.0,0.51,0.0,0.0,0,1,5,3,0,1,0,0,2534
2018-05-31,20,23.1,58,2.9,1950,14.3,0.06,0.0,0.0,0,1,5,3,0,1,0,0,2164
2018-05-31,21,21.9,60,2.5,1551,13.7,0.0,0.0,0.0,0,1,5,3,0,1,0,0,2070
2018-05-31,22,21.1,59,2.1,1874,12.7,0.0,0.0,0.0,0,1,5,3,0,1,0,0,1900
2018-05-31,23,20.5,62,2.2,1903,12.9,0.0,0.0,0.0,0,1,5,3,0,1,0,0,1343
2018-06-01,0,20.1,63,1.1,1698,12.8,0.0,0.0,0.0,0,1,6,4,0,0,1,0,963
2018-06-01,1,19.5,65,0.4,1662,12.7,0.0,0.0,0.0,0,1,6,4,0,0,1,0,776
2018-06-01,2,19.0,72,1.4,1258,13.8,0.0,0.0,0.0,0,1,6,4,0,0,1,0,554
2018-06-01,3,18.6,72,1.4,1340,13.4,0.0,0.0,0.0,0,1,6,4,0,0,1,0,366
2018-06-01,4,18.1,76,1.8,561,13.7,0.0,0.0,0.0,0,1,6,4,0,0,1,0,265
2018-06-01,5,17.8,75,1.0,1210,13.3,0.0,0.0,0.0,0,1,6,4,0,0,1,0,306
2018-06-01,6,17.5,76,1.2,1161,13.2,0.05,0.0,0.0,0,1,6,4,0,0,1,0,672
2018-06-01,7,18.1,64,0.6,923,11.1,0.47,0.0,0.0,0,1,6,4,0,0,1,0,1421
2018-06-01,8,20.6,55,0.7,1200,11.2,1.21,0.0,0.0,0,1,6,4,0,0,1,0,2149
2018-06-01,9,23.1,52,1.7,1012,12.6,1.88,0.0,0.0,0,1,6,4,0,0,1,0,1219
2018-06-01,10,25.3,45,1.3,1371,12.5,2.45,0.0,0.0,0,1,6,4,0,0,1,0,862
2018-06-01,11,26.8,38,2.6,1879,11.2,2.99,0.0,0.0,0,1,6,4,0,0,1,0,1036
2018-06-01,12,28.2,34,2.6,1867,10.8,3.26,0.0,0.0,0,1,6,4,0,0,1,0,1076
2018-06-01,13,29.4,33,2.2,1535,11.4,3.3,0.0,0.0,0,1,6,4,0,0,1,0,1093
2018-06-01,14,29.6,31,3.7,1988,10.6,3.25,0.0,0.0,0,1,6,4,0,0,1,0,1071
2018-06-01,15,29.9,36,3.3,1866,13.2,2.94,0.0,0.0,0,1,6,4,0,0,1,0,1235
2018-06-01,16,29.9,34,3.2,1912,12.3,2.46,0.0,0.0,0,1,6,4,0,0,1,0,1488
2018-06-01,17,29.2,35,4.3,1967,12.1,1.87,0.0,0.0,0,1,6,4,0,0,1,0,2123
2018-06-01,18,28.5,36,3.0,1981,11.9,1.21,0.0,0.0,0,1,6,4,0,0,1,0,3088
2018-06-01,19,26.8,35,1.9,2000,10.0,0.54,0.0,0.0,0,1,6,4,0,0,1,0,2505
2018-06-01,20,25.0,39,2.8,2000,10.0,0.06,0.0,0.0,0,1,6,4,0,0,1,0,2163
2018-06-01,21,23.5,44,1.6,2000,10.5,0.0,0.0,0.0,0,1,6,4,0,0,1,0,2066
2018-06-01,22,22.7,44,1.5,2000,9.8,0.0,0.0,0.0,0,1,6,4,0,0,1,0,1991
2018-06-01,23,21.8,49,1.6,1965,10.6,0.0,0.0,0.0,0,1,6,4,0,0,1,0,1440
2018-06-02,0,20.9,53,1.4,1717,10.9,0.0,0.0,0.0,0,1,6,5,0,0,1,0,1165
2018-06-02,1,20.2,57,0.4,1428,11.4,0.0,0.0,0.0,0,1,6,5,0,0,1,0,989
2018-06-02,2,19.6,60,1.9,1200,11.6,0.0,0.0,0.0,0,1,6,5,0,0,1,0,677
2018-06-02,3,18.9,63,1.5,1007,11.6,0.0,0.0,0.0,0,1,6,5,0,0,1,0,475
2018-06-02,4,18.3,66,1.3,929,11.8,0.0,0.0,0.0,0,1,6,5,0,0,1,0,312
2018-06-02,5,17.8,69,1.1,951,12.0,0.0,0.0,0.0,0,1,6,5,0,0,1,0,264
2018-06-02,6,17.7,68,1.3,842,11.7,0.05,0.0,0.0,0,1,6,5,0,0,1,0,342
2018-06-02,7,18.1,59,0.6,789,9.9,0.47,0.0,0.0,0,1,6,5,0,0,1,0,560
2018-06-02,8,20.4,54,1.0,828,10.7,1.23,0.0,0.0,0,1,6,5,0,0,1,0,898
2018-06-02,9,23.3,43,1.2,1257,10.0,1.91,0.0,0.0,0,1,6,5,0,0,1,0,1005
2018-06-02,10,25.5,33,1.1,1815,0.0,2.52,0.0,0.0,0,1,6,5,0,0,1,0,1044
2018-06-02,11,27.3,35,2.3,1537,10.4,2.98,0.0,0.0,0,1,6,5,0,0,1,0,1094
2018-06-02,12,28.3,30,3.0,1675,9.0,3.29,0.0,0.0,0,1,6,5,0,0,1,0,1253
2018-06-02,13,29.6,24,2.4,1873,6.8,3.42,0.0,0.0,0,1,6,5,0,0,1,0,1334
2018-06-02,14,29.8,23,3.6,1945,6.4,3.32,0.0,0.0,0,1,6,5,0,0,1,0,1396
2018-06-02,15,29.8,24,2.9,1939,7.0,3.0,0.0,0.0,0,1,6,5,0,0,1,0,1535
2018-06-02,16,29.6,26,3.7,2000,8.0,2.58,0.0,0.0,0,1,6,5,0,0,1,0,1707
2018-06-02,17,28.9,22,2.7,1965,5.0,1.93,0.0,0.0,0,1,6,5,0,0,1,0,2025
2018-06-02,18,27.4,29,3.6,2000,7.7,1.19,0.0,0.0,0,1,6,5,0,0,1,0,2246
2018-06-02,19,25.4,33,2.7,2000,7.9,0.54,0.0,0.0,0,1,6,5,0,0,1,0,2337
2018-06-02,20,23.4,38,2.3,2000,8.2,0.06,0.0,0.0,0,1,6,5,0,0,1,0,2338
2018-06-02,21,22.1,44,2.5,2000,9.2,0.0,0.0,0.0,0,1,6,5,0,0,1,0,2238
2018-06-02,22,21.4,48,1.6,2000,9.9,0.0,0.0,0.0,0,1,6,5,0,0,1,0,1969
2018-06-02,23,20.6,52,0.5,2000,10.3,0.0,0.0,0.0,0,1,6,5,0,0,1,0,1490
2018-06-03,0,19.7,55,2.0,1986,10.3,0.0,0.0,0.0,0,1,6,6,0,0,1,0,1248
2018-06-03,1,19.2,57,0.8,1985,10.4,0.0,0.0,0.0,0,1,6,6,0,0,1,0,902
2018-06-03,2,18.6,60,1.8,1841,10.6,0.0,0.0,0.0,0,1,6,6,0,0,1,0,673
2018-06-03,3,18.0,64,1.3,1560,11.0,0.0,0.0,0.0,0,1,6,6,0,0,1,0,437
2018-06-03,4,17.4,65,0.8,1093,10.7,0.0,0.0,0.0,0,1,6,6,0,0,1,0,294
2018-06-03,5,17.1,66,0.3,1370,10.6,0.0,0.0,0.0,0,1,6,6,0,0,1,0,193
2018-06-03,6,16.9,62,0.4,1768,9.5,0.06,0.0,0.0,0,1,6,6,0,0,1,0,228
2018-06-03,7,18.0,54,0.7,1997,8.5,0.51,0.0,0.0,0,1,6,6,0,0,1,0,423
2018-06-03,8,20.3,47,1.5,1785,8.6,1.05,0.0,0.0,0,1,6,6,0,0,1,0,659
2018-06-03,9,22.7,39,0.7,1880,8.0,1.91,0.0,0.0,0,1,6,6,0,0,1,0,831
2018-06-03,10,24.8,34,1.3,1869,7.8,2.09,0.0,0.0,0,1,6,6,0,0,1,0,938
2018-06-03,11,26.7,30,1.1,1782,7.6,2.83,0.0,0.0,0,1,6,6,0,0,1,0,977
2018-06-03,12,28.7,27,1.7,1843,7.8,3.29,0.0,0.0,0,1,6,6,0,0,1,0,1134
2018-06-03,13,29.4,24,2.7,1905,6.7,3.18,0.0,0.0,0,1,6,6,0,0,1,0,1393
2018-06-03,14,29.8,26,2.2,1818,8.2,3.2,0.0,0.0,0,1,6,6,0,0,1,0,1399
2018-06-03,15,30.7,21,2.5,1876,5.8,2.95,0.0,0.0,0,1,6,6,0,0,1,0,1556
2018-06-03,16,30.4,28,3.6,1790,9.8,2.48,0.0,0.0,0,1,6,6,0,0,1,0,1834
2018-06-03,17,29.5,29,4.1,1944,9.5,1.84,0.0,0.0,0,1,6,6,0,0,1,0,2131
2018-06-03,18,29.3,25,2.4,1973,7.2,1.23,0.0,0.0,0,1,6,6,0,0,1,0,2349
2018-06-03,19,27.4,29,2.4,2000,7.7,0.5,0.0,0.0,0,1,6,6,0,0,1,0,2514
2018-06-03,20,25.3,32,2.2,1997,7.4,0.06,0.0,0.0,0,1,6,6,0,0,1,0,2460
2018-06-03,21,24.2,32,2.1,2000,6.4,0.0,0.0,0.0,0,1,6,6,0,0,1,0,2173
2018-06-03,22,23.0,38,1.2,1996,7.9,0.0,0.0,0.0,0,1,6,6,0,0,1,0,1741
2018-06-03,23,22.0,44,0.8,1978,9.1,0.0,0.0,0.0,0,1,6,6,0,0,1,0,1274
2018-06-04,0,21.4,45,1.4,1964,8.9,0.0,0.0,0.0,0,1,6,0,0,0,1,0,938
2018-06-04,1,20.7,47,0.9,1987,8.9,0.0,0.0,0.0,0,1,6,0,0,0,1,0,596
2018-06-04,2,20.1,49,0.8,1978,9.0,0.0,0.0,0.0,0,1,6,0,0,0,1,0,351
2018-06-04,3,19.6,51,1.0,1923,9.1,0.0,0.0,0.0,0,1,6,0,0,0,1,0,244
2018-06-04,4,19.4,56,1.2,1752,10.3,0.0,0.0,0.0,0,1,6,0,0,0,1,0,172
2018-06-04,5,19.2,56,0.9,1772,10.2,0.0,0.0,0.0,0,1,6,0,0,0,1,0,299
2018-06-04,6,18.9,53,0.3,1871,9.1,0.04,0.0,0.0,0,1,6,0,0,0,1,0,742
2018-06-04,7,19.5,52,0.8,1818,9.3,0.46,0.0,0.0,0,1,6,0,0,0,1,0,1505
2018-06-04,8,22.1,44,1.4,1435,9.2,1.16,0.0,0.0,0,1,6,0,0,0,1,0,2287
2018-06-04,9,23.3,37,0.4,1336,7.7,1.28,0.0,0.0,0,1,6,0,0,0,1,0,1243
2018-06-04,10,25.1,40,2.7,1076,10.5,2.37,0.0,0.0,0,1,6,0,0,0,1,0,970
2018-06-04,11,26.1,37,2.4,1079,10.2,2.79,0.0,0.0,0,1,6,0,0,0,1,0,1008
2018-06-04,12,26.3,36,3.1,1377,10.0,2.61,0.0,0.0,0,1,6,0,0,0,1,0,1152
2018-06-04,13,27.4,30,2.0,1768,8.2,3.03,0.0,0.0,0,1,6,0,0,0,1,0,1085
2018-06-04,14,26.5,43,3.9,1671,12.8,2.36,0.0,0.0,0,1,6,0,0,0,1,0,1148
2018-06-04,15,25.5,43,2.9,1996,11.9,1.71,0.0,0.0,0,1,6,0,0,0,1,0,1249
2018-06-04,16,25.5,43,3.2,1892,11.9,1.72,0.0,0.0,0,1,6,0,0,0,1,0,1671
2018-06-04,17,24.9,46,2.0,1855,12.4,0.91,0.0,0.0,0,1,6,0,0,0,1,0,2190
2018-06-04,18,24.4,48,1.9,1998,12.6,0.56,0.0,0.0,0,1,6,0,0,0,1,0,3380
2018-06-04,19,23.9,51,2.3,2000,13.1,0.12,0.0,0.0,0,1,6,0,0,0,1,0,2788
2018-06-04,20,23.4,43,1.1,2000,10.0,0.01,0.0,0.0,0,1,6,0,0,0,1,0,2508
2018-06-04,21,22.6,62,1.1,1363,14.9,0.0,0.0,0.0,0,1,6,0,0,0,1,0,2377
2018-06-04,22,22.0,64,1.8,1211,14.8,0.0,0.0,0.0,0,1,6,0,0,0,1,0,2000
2018-06-04,23,21.4,68,2.7,972,15.2,0.0,0.0,0.0,0,1,6,0,0,0,1,0,1354
2018-06-05,0,20.5,71,2.8,1204,15.0,0.0,0.0,0.0,0,1,6,1,0,0,1,0,927
2018-06-05,1,20.0,67,0.7,1426,13.6,0.0,0.0,0.0,0,1,6,1,0,0,1,0,742
2018-06-05,2,19.7,66,0.5,1591,13.1,0.0,0.0,0.0,0,1,6,1,0,0,1,0,448
2018-06-05,3,19.1,72,0.6,1370,13.9,0.0,0.0,0.0,0,1,6,1,0,0,1,0,314
2018-06-05,4,18.5,72,0.6,1168,13.3,0.0,0.0,0.0,0,1,6,1,0,0,1,0,214
2018-06-05,5,18.1,73,0.5,1182,13.1,0.0,0.0,0.0,0,1,6,1,0,0,1,0,282
2018-06-05,6,17.8,73,0.4,1188,12.8,0.04,0.0,0.0,0,1,6,1,0,0,1,0,733
2018-06-05,7,18.8,64,0.7,1099,11.8,0.48,0.0,0.0,0,1,6,1,0,0,1,0,1602
2018-06-05,8,21.5,58,1.1,1021,12.8,1.21,0.0,0.0,0,1,6,1,0,0,1,0,2322
2018-06-05,9,23.5,51,1.4,1169,12.7,1.82,0.0,0.0,0,1,6,1,0,0,1,0,1344
2018-06-05,10,25.5,43,1.0,1568,11.9,2.49,0.0,0.0,0,1,6,1,0,0,1,0,959
2018-06-05,11,26.8,37,1.6,1639,10.8,2.91,0.0,0.0,0,1,6,1,0,0,1,0,974
2018-06-05,12,28.2,35,1.2,1411,11.2,3.23,0.0,0.0,0,1,6,1,0,0,1,0,1111
2018-06-05,13,28.6,34,2.0,1274,11.1,2.82,0.0,0.0,0,1,6,1,0,0,1,0,1058
2018-06-05,14,28.9,34,2.7,1328,11.4,2.06,0.0,0.0,0,1,6,1,0,0,1,0,1120
2018-06-05,15,29.0,38,3.4,749,13.2,2.12,0.0,0.0,0,1,6,1,0,0,1,0,1250
2018-06-05,16,28.8,38,3.1,1027,13.0,2.14,0.0,0.0,0,1,6,1,0,0,1,0,1434
2018-06-05,17,28.1,37,3.6,1346,12.0,1.56,0.0,0.0,0,1,6,1,0,0,1,0,2115
2018-06-05,18,27.1,40,2.8,1811,12.3,1.0,0.0,0.0,0,1,6,1,0,0,1,0,3227
2018-06-05,19,25.5,43,3.1,1760,11.9,0.41,0.0,0.0,0,1,6,1,0,0,1,0,2615
2018-06-05,20,24.0,46,2.8,1896,11.6,0.06,0.0,0.0,0,1,6,1,0,0,1,0,2346
2018-06-05,21,23.3,51,1.7,1654,12.5,0.0,0.0,0.0,0,1,6,1,0,0,1,0,2404
2018-06-05,22,22.4,54,2.5,1778,12.6,0.0,0.0,0.0,0,1,6,1,0,0,1,0,2237
2018-06-05,23,21.9,56,0.7,1898,12.7,0.0,0.0,0.0,0,1,6,1,0,0,1,0,1646
2018-06-06,0,21.2,60,0.9,1789,13.1,0.0,0.0,0.0,1,1,6,2,0,0,1,0,1268
2018-06-06,1,20.6,63,0.6,1670,13.3,0.0,0.0,0.0,1,1,6,2,0,0,1,0,1031
2018-06-06,2,20.1,65,1.0,1435,13.3,0.0,0.0,0.0,1,1,6,2,0,0,1,0,792
2018-06-06,3,19.6,68,1.7,1260,13.5,0.0,0.0,0.0,1,1,6,2,0,0,1,0,562
2018-06-06,4,19.2,68,0.8,1181,13.1,0.0,0.0,0.0,1,1,6,2,0,0,1,0,332
2018-06-06,5,18.7,73,1.4,1065,13.7,0.0,0.0,0.0,1,1,6,2,0,0,1,0,218
2018-06-06,6,18.5,73,1.1,1028,13.5,0.06,0.0,0.0,1,1,6,2,0,0,1,0,351
2018-06-06,7,19.3,63,0.7,916,12.0,0.46,0.0,0.0,1,1,6,2,0,0,1,0,536
2018-06-06,8,21.2,59,1.2,794,12.8,1.13,0.0,0.0,1,1,6,2,0,0,1,0,799
2018-06-06,9,22.9,56,2.3,763,13.6,1.74,0.0,0.0,1,1,6,2,0,0,1,0,925
2018-06-06,10,24.3,53,2.9,949,14.1,2.37,0.0,0.0,1,1,6,2,0,0,1,0,1087
2018-06-06,11,25.8,52,2.1,905,15.1,2.84,0.0,0.0,1,1,6,2,0,0,1,0,1152
2018-06-06,12,27.3,51,2.8,703,16.2,3.16,0.0,0.0,1,1,6,2,0,0,1,0,1400
2018-06-06,13,27.3,52,3.1,613,16.5,3.21,0.0,0.0,1,1,6,2,0,0,1,0,1444
2018-06-06,14,27.4,50,3.5,615,16.0,3.01,0.0,0.0,1,1,6,2,0,0,1,0,1603
2018-06-06,15,27.6,49,3.7,656,15.9,2.79,0.0,0.0,1,1,6,2,0,0,1,0,1674
2018-06-06,16,27.9,47,2.8,824,15.5,2.36,0.0,0.0,1,1,6,2,0,0,1,0,1940
2018-06-06,17,27.4,48,2.7,1084,15.4,1.8,0.0,0.0,1,1,6,2,0,0,1,0,2104
2018-06-06,18,26.6,52,2.5,1368,15.9,1.09,0.0,0.0,1,1,6,2,0,0,1,0,2162
2018-06-06,19,24.9,56,3.1,1469,15.5,0.51,0.0,0.0,1,1,6,2,0,0,1,0,2163
2018-06-06,20,23.4,64,1.8,1144,16.1,0.07,0.0,0.0,1,1,6,2,0,0,1,0,2145
2018-06-06,21,22.1,72,2.5,923,16.8,0.0,0.0,0.0,1,1,6,2,0,0,1,0,1935
2018-06-06,22,20.8,78,1.8,763,16.8,0.0,0.0,0.0,1,1,6,2,0,0,1,0,1624
2018-06-06,23,20.1,77,3.1,797,15.9,0.0,0.0,0.0,1,1,6,2,0,0,1,0,1251
2018-06-07,0,19.6,82,1.7,628,16.4,0.0,0.0,0.0,0,1,6,3,0,0,1,0,978
2018-06-07,1,19.1,86,1.8,522,16.6,0.0,0.0,0.0,0,1,6,3,0,0,1,0,606
2018-06-07,2,18.8,88,0.3,500,16.7,0.0,0.0,0.0,0,1,6,3,0,0,1,0,418
2018-06-07,3,18.4,88,1.6,465,16.3,0.0,0.0,0.0,0,1,6,3,0,0,1,0,275
2018-06-07,4,18.1,88,1.8,458,16.0,0.0,0.0,0.0,0,1,6,3,0,0,1,0,191
2018-06-07,5,17.8,91,2.2,393,16.3,0.0,0.0,0.0,0,1,6,3,0,0,1,0,288
2018-06-07,6,18.1,88,1.1,272,16.0,0.03,0.0,0.0,0,1,6,3,0,0,1,0,716
2018-06-07,7,18.6,85,2.0,307,16.0,0.16,0.0,0.0,0,1,6,3,0,0,1,0,1551
2018-06-07,8,18.9,82,2.3,326,15.7,0.44,0.0,0.0,0,1,6,3,0,0,1,0,2317
2018-06-07,9,20.5,73,1.6,364,15.4,1.23,0.0,0.0,0,1,6,3,0,0,1,0,1342
2018-06-07,10,22.0,69,2.0,488,16.0,2.04,0.0,0.0,0,1,6,3,0,0,1,0,914
2018-06-07,11,23.4,62,1.8,603,15.6,2.87,0.0,0.0,0,1,6,3,0,0,1,0,967
2018-06-07,12,25.0,56,3.0,715,15.6,3.19,0.0,0.0,0,1,6,3,0,0,1,0,1099
2018-06-07,13,26.7,47,2.4,806,14.4,3.26,0.0,0.0,0,1,6,3,0,0,1,0,1071
2018-06-07,14,28.2,44,1.7,644,14.7,3.11,0.0,0.0,0,1,6,3,0,0,1,0,1116
2018-06-07,15,29.3,41,2.0,609,14.6,2.63,0.0,0.0,0,1,6,3,0,0,1,0,1171
2018-06-07,16,29.3,41,2.0,905,14.6,1.95,0.0,0.0,0,1,6,3,0,0,1,0,1442
2018-06-07,17,28.2,51,3.3,879,17.0,1.73,0.0,0.0,0,1,6,3,0,0,1,0,2002
2018-06-07,18,25.6,57,2.7,1217,16.4,0.96,0.0,0.0,0,1,6,3,0,0,1,0,3221
2018-06-07,19,24.0,60,2.8,1379,15.7,0.38,0.0,0.0,0,1,6,3,0,0,1,0,2649
2018-06-07,20,22.8,67,1.6,1219,16.3,0.06,0.0,0.0,0,1,6,3,0,0,1,0,2278
2018-06-07,21,21.5,69,2.6,942,15.5,0.0,0.0,0.0,0,1,6,3,0,0,1,0,2161
2018-06-07,22,20.9,71,1.0,763,15.4,0.0,0.0,0.0,0,1,6,3,0,0,1,0,1939
2018-06-07,23,20.3,77,1.3,770,16.1,0.0,0.0,0.0,0,1,6,3,0,0,1,0,1290
2018-06-08,0,19.1,82,2.2,874,15.9,0.0,0.0,0.0,0,1,6,4,0,0,1,0,926
2018-06-08,1,18.8,84,1.7,658,16.0,0.0,0.0,0.0,0,1,6,4,0,0,1,0,769
2018-06-08,2,18.6,84,2.5,619,15.8,0.0,0.0,0.0,0,1,6,4,0,0,1,0,525
2018-06-08,3,18.6,83,2.9,889,15.6,0.0,0.0,0.0,0,1,6,4,0,0,1,0,365
2018-06-08,4,18.5,82,2.0,1072,15.3,0.0,0.0,0.0,0,1,6,4,0,0,1,0,255
2018-06-08,5,18.6,81,0.8,1205,15.2,0.0,0.0,0.0,0,1,6,4,0,0,1,0,299
2018-06-08,6,18.8,78,2.0,1259,14.8,0.01,0.0,0.0,0,1,6,4,0,0,1,0,744
2018-06-08,7,19.1,73,2.0,1300,14.1,0.3,0.0,0.0,0,1,6,4,0,0,1,0,1544
2018-06-08,8,19.7,69,2.0,1448,13.8,0.54,0.0,0.0,0,1,6,4,0,0,1,0,2348
2018-06-08,9,21.2,62,1.7,1384,13.6,1.45,0.0,0.0,0,1,6,4,0,0,1,0,1283
2018-06-08,10,21.9,62,1.7,1664,14.2,1.36,0.0,0.0,0,1,6,4,0,0,1,0,1002
2018-06-08,11,21.9,64,2.4,1359,14.7,1.03,0.0,0.0,0,1,6,4,0,0,1,0,1095
2018-06-08,12,23.1,56,1.6,1222,13.8,1.71,0.0,0.0,0,1,6,4,0,0,1,0,1256
2018-06-08,13,24.2,58,1.9,1015,15.4,1.87,0.0,0.0,0,1,6,4,0,0,1,0,1314
2018-06-08,14,25.0,54,2.2,1146,15.0,1.86,0.0,0.0,0,1,6,4,0,0,1,0,1249
2018-06-08,15,26.2,51,3.3,1104,15.2,2.87,0.0,0.0,0,1,6,4,0,0,1,0,1416
2018-06-08,16,26.6,49,3.2,1200,15.0,2.35,0.0,0.0,0,1,6,4,0,0,1,0,1668
2018-06-08,17,26.9,49,2.3,1210,15.2,1.72,0.0,0.0,0,1,6,4,0,0,1,0,2314
2018-06-08,18,26.2,54,2.2,1183,16.1,0.88,0.0,0.0,0,1,6,4,0,0,1,0,3309
2018-06-08,19,24.5,63,3.1,970,16.9,0.46,0.0,0.0,0,1,6,4,0,0,1,0,2797
2018-06-08,20,22.6,71,1.8,856,17.0,0.11,0.0,0.0,0,1,6,4,0,0,1,0,2476
2018-06-08,21,21.2,77,1.7,638,16.9,0.0,0.0,0.0,0,1,6,4,0,0,1,0,2337
2018-06-08,22,20.5,78,0.9,550,16.5,0.0,0.0,0.0,0,1,6,4,0,0,1,0,2140
2018-06-08,23,20.0,79,1.4,510,16.2,0.0,0.0,0.0,0,1,6,4,0,0,1,0,1672
2018-06-09,0,19.7,83,1.5,390,16.7,0.0,0.0,0.0,0,1,6,5,0,0,1,0,1247
2018-06-09,1,19.7,81,0.6,419,16.3,0.0,0.0,0.0,0,1,6,5,0,0,1,0,1029
2018-06-09,2,19.4,84,0.7,382,16.6,0.0,0.0,0.0,0,1,6,5,0,0,1,0,732
2018-06-09,3,19.1,84,0.6,421,16.3,0.0,0.0,0.0,0,1,6,5,0,0,1,0,535
2018-06-09,4,19.0,83,0.4,473,16.0,0.0,0.0,0.0,0,1,6,5,0,0,1,0,352
2018-06-09,5,19.0,85,0.4,467,16.4,0.0,0.0,0.0,0,1,6,5,0,0,1,0,262
2018-06-09,6,19.0,84,0.5,440,16.2,0.05,0.0,0.0,0,1,6,5,0,0,1,0,381
2018-06-09,7,20.2,73,1.1,708,15.1,0.41,0.0,0.0,0,1,6,5,0,0,1,0,616
2018-06-09,8,21.9,62,0.9,1071,14.2,1.03,0.0,0.0,0,1,6,5,0,0,1,0,963
2018-06-09,9,24.0,55,1.8,1411,14.3,1.81,0.0,0.0,0,1,6,5,0,0,1,0,1102
2018-06-09,10,25.8,49,1.3,1442,14.2,2.42,0.0,0.0,0,1,6,5,0,0,1,0,1156
2018-06-09,11,27.2,46,1.7,1301,14.5,2.88,0.0,0.0,0,1,6,5,0,0,1,0,1200
2018-06-09,12,28.2,42,1.4,1563,14.0,2.84,0.0,0.0,0,1,6,5,0,0,1,0,1462
2018-06-09,13,28.8,42,2.0,1438,14.6,2.38,0.0,0.0,0,1,6,5,0,0,1,0,1583
2018-06-09,14,30.1,35,1.4,1583,12.9,2.53,0.0,0.0,0,1,6,5,0,0,1,0,1744
2018-06-09,15,29.6,40,2.5,1546,14.5,1.96,0.0,0.0,0,1,6,5,0,0,1,0,1890
2018-06-09,16,28.7,40,2.5,1474,13.7,1.0,0.0,0.0,0,1,6,5,0,0,1,0,2297
2018-06-09,17,28.2,39,2.9,1653,12.9,0.7,0.0,0.0,0,1,6,5,0,0,1,0,2355
2018-06-09,18,27.3,42,1.2,2000,13.2,0.19,0.0,0.0,0,1,6,5,0,0,1,0,1934
2018-06-09,19,25.7,47,1.8,2000,13.5,0.04,0.0,0.0,0,1,6,5,0,0,1,0,1058
2018-06-09,20,23.7,62,1.6,1402,15.9,0.0,0.4,0.0,0,1,6,5,0,0,1,0,246
2018-06-09,21,22.4,72,1.5,1816,17.0,0.0,0.1,0.0,0,1,6,5,0,0,1,0,225
2018-06-09,22,21.0,75,1.3,2000,16.3,0.0,0.0,0.0,0,1,6,5,0,0,1,0,776
2018-06-09,23,20.7,66,1.6,2000,14.1,0.0,0.0,0.0,0,1,6,5,0,0,1,0,766
2018-06-10,0,20.2,66,1.5,2000,13.6,0.0,0.0,0.0,0,1,6,6,0,0,1,0,483
2018-06-10,1,19.7,71,1.2,1986,14.2,0.0,0.5,0.0,0,1,6,6,0,0,1,0,375
2018-06-10,2,19.2,69,1.3,2000,13.3,0.0,0.0,0.0,0,1,6,6,0,0,1,0,162
2018-06-10,3,18.6,78,0.8,1997,14.6,0.0,0.0,0.0,0,1,6,6,0,0,1,0,150
2018-06-10,4,18.3,72,1.7,2000,13.1,0.0,0.0,0.0,0,1,6,6,0,0,1,0,174
2018-06-10,5,18.4,70,1.4,2000,12.8,0.0,0.0,0.0,0,1,6,6,0,0,1,0,138
2018-06-10,6,18.3,71,0.9,2000,12.9,0.0,0.0,0.0,0,1,6,6,0,0,1,0,216
2018-06-10,7,18.4,68,0.6,2000,12.3,0.04,0.0,0.0,0,1,6,6,0,0,1,0,313
2018-06-10,8,19.0,65,2.0,2000,12.2,0.28,0.0,0.0,0,1,6,6,0,0,1,0,619
2018-06-10,9,19.2,65,1.4,2000,12.4,0.34,0.0,0.0,0,1,6,6,0,0,1,0,786
2018-06-10,10,20.2,62,1.8,2000,12.6,0.82,0.0,0.0,0,1,6,6,0,0,1,0,942
2018-06-10,11,21.3,56,1.5,1989,12.1,1.18,0.0,0.0,0,1,6,6,0,0,1,0,1074
2018-06-10,12,23.2,50,2.2,1988,12.1,2.45,0.0,0.0,0,1,6,6,0,0,1,0,1442
2018-06-10,13,24.2,48,1.2,1968,12.4,2.19,0.0,0.0,0,1,6,6,0,0,1,0,1752
2018-06-10,14,24.1,51,1.1,2000,13.3,1.58,0.0,0.0,0,1,6,6,0,0,1,0,1985
2018-06-10,15,24.8,49,1.2,2000,13.3,1.34,0.0,0.0,0,1,6,6,0,0,1,0,2182
2018-06-10,16,24.8,51,1.6,2000,13.9,1.17,0.0,0.0,0,1,6,6,0,0,1,0,2333
2018-06-10,17,24.6,52,1.3,2000,14.0,0.82,0.0,0.0,0,1,6,6,0,0,1,0,2431
2018-06-10,18,24.1,53,1.3,2000,13.9,0.48,0.0,0.0,0,1,6,6,0,0,1,0,2367
2018-06-10,19,23.4,55,1.0,2000,13.8,0.12,0.0,0.0,0,1,6,6,0,0,1,0,2267
2018-06-10,20,22.8,55,1.3,2000,13.2,0.01,0.0,0.0,0,1,6,6,0,0,1,0,2300
2018-06-10,21,22.1,55,1.5,2000,12.6,0.0,0.0,0.0,0,1,6,6,0,0,1,0,2026
2018-06-10,22,21.5,55,1.8,2000,12.0,0.0,0.0,0.0,0,1,6,6,0,0,1,0,1634
2018-06-10,23,20.9,56,1.5,2000,11.7,0.0,0.0,0.0,0,1,6,6,0,0,1,0,1191
2018-06-11,0,20.3,58,1.4,2000,11.7,0.0,0.0,0.0,0,1,6,0,0,0,1,0,918
2018-06-11,1,19.8,59,1.3,2000,11.5,0.0,0.0,0.0,0,1,6,0,0,0,1,0,555
2018-06-11,2,19.2,60,1.5,2000,11.2,0.0,0.0,0.0,0,1,6,0,0,0,1,0,353
2018-06-11,3,18.8,61,1.3,2000,11.1,0.0,0.0,0.0,0,1,6,0,0,0,1,0,232
2018-06-11,4,18.8,60,1.0,2000,10.8,0.0,0.0,0.0,0,1,6,0,0,0,1,0,194
2018-06-11,5,18.8,61,1.2,2000,11.1,0.0,0.0,0.0,0,1,6,0,0,0,1,0,324
2018-06-11,6,18.6,61,0.8,2000,10.9,0.03,0.0,0.0,0,1,6,0,0,0,1,0,807
2018-06-11,7,19.1,59,1.1,2000,10.8,0.38,0.0,0.0,0,1,6,0,0,0,1,0,1629
2018-06-11,8,20.7,55,1.5,2000,11.3,1.23,0.0,0.0,0,1,6,0,0,0,1,0,2375
2018-06-11,9,22.2,48,1.7,1889,10.6,1.77,0.0,0.0,0,1,6,0,0,0,1,0,1307
2018-06-11,10,23.7,47,1.3,2000,11.7,2.67,0.0,0.0,0,1,6,0,0,0,1,0,992
2018-06-11,11,23.2,52,1.4,2000,12.7,1.53,0.0,0.0,0,1,6,0,0,0,1,0,1107
2018-06-11,12,23.2,52,1.2,2000,12.7,0.82,0.0,0.0,0,1,6,0,0,0,1,0,1204
2018-06-11,13,23.7,49,1.2,2000,12.3,1.04,0.0,0.0,0,1,6,0,0,0,1,0,1033
2018-06-11,14,23.9,47,1.0,2000,11.8,0.97,0.0,0.0,0,1,6,0,0,0,1,0,1075
2018-06-11,15,22.2,60,1.3,1907,14.0,0.34,0.0,0.0,0,1,6,0,0,0,1,0,1240
2018-06-11,16,22.0,60,1.8,2000,13.8,0.14,0.0,0.0,0,1,6,0,0,0,1,0,1220
2018-06-11,17,20.7,72,3.4,2000,15.4,0.11,0.0,0.0,0,1,6,0,0,0,1,0,1475
2018-06-11,18,19.8,80,3.9,2000,16.2,0.12,0.0,0.0,0,1,6,0,0,0,1,0,1491
2018-06-11,19,19.4,85,1.2,1651,16.8,0.08,0.5,0.0,0,1,6,0,0,0,1,0,873
2018-06-11,20,19.1,84,1.7,2000,16.3,0.04,0.0,0.0,0,1,6,0,0,0,1,0,1280
2018-06-11,21,19.0,82,1.0,2000,15.8,0.0,0.0,0.0,0,1,6,0,0,0,1,0,1647
2018-06-11,22,19.0,76,0.1,2000,14.6,0.0,0.0,0.0,0,1,6,0,0,0,1,0,1117
2018-06-11,23,18.2,93,0.8,460,17.0,0.0,3.5,0.0,0,1,6,0,0,0,1,0,384
2018-06-12,0,18.0,94,0.7,1906,17.0,0.0,1.0,0.0,0,1,6,1,0,0,1,0,470
2018-06-12,1,17.7,92,0.9,1958,16.3,0.0,0.0,0.0,0,1,6,1,0,0,1,0,454
2018-06-12,2,17.7,87,1.2,2000,15.5,0.0,0.0,0.0,0,1,6,1,0,0,1,0,385
2018-06-12,3,17.5,87,0.5,1995,15.3,0.0,0.0,0.0,0,1,6,1,0,0,1,0,206
2018-06-12,4,17.5,84,0.8,2000,14.7,0.0,0.0,0.0,0,1,6,1,0,0,1,0,144
2018-06-12,5,17.2,87,0.6,2000,15.0,0.0,0.0,0.0,0,1,6,1,0,0,1,0,296
2018-06-12,6,16.7,85,1.0,2000,14.1,0.03,0.0,0.0,0,1,6,1,0,0,1,0,740
2018-06-12,7,17.1,77,1.5,1748,13.0,0.49,0.0,0.0,0,1,6,1,0,0,1,0,1573
2018-06-12,8,19.0,67,1.1,1976,12.7,1.29,0.0,0.0,0,1,6,1,0,0,1,0,2495
2018-06-12,9,21.1,60,0.9,1998,13.0,2.18,0.0,0.0,0,1,6,1,0,0,1,0,1317
2018-06-12,10,22.1,53,1.1,1999,12.0,2.28,0.0,0.0,0,1,6,1,0,0,1,0,971
2018-06-12,11,22.9,54,2.6,1959,13.0,2.56,0.0,0.0,0,1,6,1,0,0,1,0,1092
2018-06-12,12,24.0,51,1.8,2000,13.2,2.29,0.0,0.0,0,1,6,1,0,0,1,0,1202
2018-06-12,13,25.7,46,0.8,2000,13.2,3.18,0.0,0.0,0,1,6,1,0,0,1,0,1215
2018-06-12,14,25.6,45,2.2,1961,12.7,1.39,0.0,0.0,0,1,6,1,0,0,1,0,1246
2018-06-12,15,26.2,42,2.7,1977,12.2,1.59,0.0,0.0,0,1,6,1,0,0,1,0,1427
2018-06-12,16,26.2,47,3.8,1996,13.9,2.45,0.0,0.0,0,1,6,1,0,0,1,0,1714
2018-06-12,17,26.4,47,3.0,1976,14.1,1.76,0.0,0.0,0,1,6,1,0,0,1,0,2270
2018-06-12,18,24.9,53,3.6,2000,14.6,1.28,0.0,0.0,0,1,6,1,0,0,1,0,3404
2018-06-12,19,23.1,58,2.4,1997,14.3,0.59,0.0,0.0,0,1,6,1,0,0,1,0,2873
2018-06-12,20,21.6,62,3.3,2000,13.9,0.09,0.0,0.0,0,1,6,1,0,0,1,0,2579
2018-06-12,21,20.6,70,1.8,1986,14.9,0.0,0.0,0.0,0,1,6,1,0,0,1,0,2505
2018-06-12,22,20.0,70,1.0,2000,14.3,0.0,0.0,0.0,0,1,6,1,0,0,1,0,2309
2018-06-12,23,19.5,72,0.6,1989,14.3,0.0,0.0,0.0,0,1,6,1,0,0,1,0,1657
2018-06-13,0,19.3,76,1.2,1968,14.9,0.0,0.0,0.0,0,1,6,2,0,0,1,0,1274
2018-06-13,1,18.9,77,0.7,1987,14.7,0.0,0.0,0.0,0,1,6,2,0,0,1,0,1088
2018-06-13,2,18.4,75,0.6,1986,13.8,0.0,0.0,0.0,0,1,6,2,0,0,1,0,847
2018-06-13,3,18.5,73,1.0,1951,13.5,0.0,0.0,0.0,0,1,6,2,0,0,1,0,591
2018-06-13,4,18.7,74,0.9,1933,13.9,0.0,0.0,0.0,0,1,6,2,0,0,1,0,421
2018-06-13,5,18.6,76,0.4,1957,14.2,0.0,0.0,0.0,0,1,6,2,0,0,1,0,290
2018-06-13,6,18.7,75,0.9,1923,14.1,0.06,0.0,0.0,0,1,6,2,0,0,1,0,416
2018-06-13,7,19.4,69,0.3,1277,13.5,0.42,0.0,0.0,0,1,6,2,0,0,1,0,657
2018-06-13,8,20.7,65,1.5,1004,13.8,0.97,0.0,0.0,0,1,6,2,0,0,1,0,959
2018-06-13,9,22.6,59,1.6,1030,14.1,1.8,0.0,0.0,0,1,6,2,0,0,1,0,1111
2018-06-13,10,23.0,57,2.2,1145,14.0,1.1,0.0,0.0,0,1,6,2,0,0,1,0,1269
2018-06-13,11,24.5,51,1.5,1333,13.6,1.97,0.0,0.0,0,1,6,2,0,0,1,0,1478
2018-06-13,12,24.5,56,2.3,1094,15.1,1.74,0.0,0.0,0,1,6,2,0,0,1,0,1747
2018-06-13,13,24.9,52,1.8,1554,14.3,1.7,0.0,0.0,0,1,6,2,0,0,1,0,1834
2018-06-13,14,26.6,50,2.4,1119,15.3,2.95,0.0,0.0,0,1,6,2,0,0,1,0,2088
2018-06-13,15,25.5,50,2.2,1025,14.3,0.47,0.0,0.0,0,1,6,2,0,0,1,0,2288
2018-06-13,16,25.8,50,1.7,1152,14.5,0.66,0.0,0.0,0,1,6,2,0,0,1,0,2474
2018-06-13,17,25.6,57,3.3,919,16.4,0.87,0.0,0.0,0,1,6,2,0,0,1,0,2664
2018-06-13,18,23.4,63,3.6,1245,15.9,0.5,0.0,0.0,0,1,6,2,0,0,1,0,2479
2018-06-13,19,22.8,64,2.3,1444,15.6,0.45,0.0,0.0,0,1,6,2,0,0,1,0,2404
2018-06-13,20,22.1,65,1.3,1611,15.2,0.09,0.0,0.0,0,1,6,2,0,0,1,0,2276
2018-06-13,21,21.8,67,0.0,1485,15.3,0.0,0.0,0.0,0,1,6,2,0,0,1,0,2166
2018-06-13,22,21.6,66,1.2,1438,14.9,0.0,0.0,0.0,0,1,6,2,0,0,1,0,1934
2018-06-13,23,21.5,62,0.1,1827,13.9,0.0,0.0,0.0,0,1,6,2,0,0,1,0,1394
2018-06-14,0,21.1,69,0.5,1086,15.1,0.0,0.0,0.0,0,1,6,3,0,0,1,0,1047
2018-06-14,1,20.8,72,1.0,912,15.5,0.0,0.0,0.0,0,1,6,3,0,0,1,0,715
2018-06-14,2,20.8,73,0.8,829,15.7,0.0,0.0,0.0,0,1,6,3,0,0,1,0,453
2018-06-14,3,20.8,73,0.7,756,15.7,0.0,0.0,0.0,0,1,6,3,0,0,1,0,289
2018-06-14,4,21.0,72,0.8,677,15.7,0.0,0.0,0.0,0,1,6,3,0,0,1,0,193
2018-06-14,5,20.3,84,3.2,518,17.5,0.0,0.0,0.0,0,1,6,3,0,0,1,0,154
2018-06-14,6,19.5,95,1.4,179,18.6,0.0,1.5,0.0,0,1,6,3,0,0,1,0,100
2018-06-14,7,19.4,97,0.9,272,18.9,0.0,13.5,0.0,0,1,6,3,0,0,1,0,94
2018-06-14,8,18.9,97,1.2,492,18.4,0.06,11.5,0.0,0,1,6,3,0,0,1,0,187
2018-06-14,9,19.1,96,0.6,273,18.4,0.17,1.5,0.0,0,1,6,3,0,0,1,0,175
2018-06-14,10,19.7,94,1.1,497,18.7,0.61,1.0,0.0,0,1,6,3,0,0,1,0,532
2018-06-14,11,20.5,79,1.7,770,16.7,1.25,0.0,0.0,0,1,6,3,0,0,1,0,735
2018-06-14,12,21.2,75,0.7,876,16.5,1.07,0.0,0.0,0,1,6,3,0,0,1,0,945
2018-06-14,13,22.8,67,1.2,930,16.3,1.55,0.0,0.0,0,1,6,3,0,0,1,0,1056
2018-06-14,14,23.8,62,1.2,1282,16.0,1.91,0.0,0.0,0,1,6,3,0,0,1,0,1153
2018-06-14,15,24.6,57,1.8,1664,15.5,1.54,0.0,0.0,0,1,6,3,0,0,1,0,1292
2018-06-14,16,25.0,56,0.7,1723,15.6,1.27,0.0,0.0,0,1,6,3,0,0,1,0,1550
2018-06-14,17,24.6,57,1.0,1866,15.5,0.45,0.0,0.0,0,1,6,3,0,0,1,0,1934
2018-06-14,18,24.0,61,1.5,1935,16.0,0.26,0.0,0.0,0,1,6,3,0,0,1,0,2962
2018-06-14,19,23.6,63,0.6,1956,16.1,0.19,0.0,0.0,0,1,6,3,0,0,1,0,1856
2018-06-14,20,22.6,74,1.2,1594,17.7,0.01,0.0,0.0,0,1,6,3,0,0,1,0,1557
2018-06-14,21,22.2,72,1.0,1786,16.9,0.0,0.0,0.0,0,1,6,3,0,0,1,0,1807
2018-06-14,22,21.8,72,1.0,1952,16.5,0.0,0.0,0.0,0,1,6,3,0,0,1,0,1737
2018-06-14,23,21.6,68,0.8,2000,15.4,0.0,0.0,0.0,0,1,6,3,0,0,1,0,1295
2018-06-15,0,21.0,70,0.9,2000,15.3,0.0,0.0,0.0,0,1,6,4,0,0,1,0,986
2018-06-15,1,20.6,65,1.2,2000,13.7,0.0,0.0,0.0,0,1,6,4,0,0,1,0,717
2018-06-15,2,20.1,67,1.1,2000,13.7,0.0,0.1,0.0,0,1,6,4,0,0,1,0,403
2018-06-15,3,18.8,93,1.0,419,17.6,0.0,5.4,0.0,0,1,6,4,0,0,1,0,154
2018-06-15,4,18.0,93,1.6,627,16.8,0.0,10.5,0.0,0,1,6,4,0,0,1,0,72
2018-06-15,5,17.4,86,1.1,1820,15.0,0.0,0.5,0.0,0,1,6,4,0,0,1,0,161
2018-06-15,6,17.2,83,1.3,2000,14.2,0.07,0.0,0.0,0,1,6,4,0,0,1,0,609
2018-06-15,7,18.2,75,1.4,2000,13.6,0.56,0.0,0.0,0,1,6,4,0,0,1,0,1467
2018-06-15,8,18.7,71,1.1,1992,13.3,0.61,0.0,0.0,0,1,6,4,0,0,1,0,2328
2018-06-15,9,20.1,65,1.4,2000,13.3,0.93,0.0,0.0,0,1,6,4,0,0,1,0,1170
2018-06-15,10,22.0,56,1.5,1989,12.8,1.91,0.0,0.0,0,1,6,4,0,0,1,0,1004
2018-06-15,11,22.9,57,1.4,1918,13.9,2.24,0.0,0.0,0,1,6,4,0,0,1,0,1118
2018-06-15,12,24.4,50,1.6,2000,13.2,3.07,0.0,0.0,0,1,6,4,0,0,1,0,1193
2018-06-15,13,25.3,48,1.8,1935,13.4,3.42,0.0,0.0,0,1,6,4,0,0,1,0,1035
2018-06-15,14,26.4,43,2.1,1944,12.8,3.23,0.0,0.0,0,1,6,4,0,0,1,0,1027
2018-06-15,15,26.7,40,1.6,1995,11.9,2.42,0.0,0.0,0,1,6,4,0,0,1,0,1461
2018-06-15,16,26.5,45,1.6,2000,13.5,1.91,0.0,0.0,0,1,6,4,0,0,1,0,1726
2018-06-15,17,26.1,45,1.4,2000,13.2,1.26,0.0,0.0,0,1,6,4,0,0,1,0,2460
2018-06-15,18,25.9,44,1.5,2000,12.7,1.36,0.0,0.0,0,1,6,4,0,0,1,0,2891
2018-06-15,19,24.3,48,1.5,2000,12.5,0.59,0.0,0.0,0,1,6,4,0,0,1,0,2984
2018-06-15,20,22.6,51,1.3,2000,11.9,0.06,0.0,0.0,0,1,6,4,0,0,1,0,2441
2018-06-15,21,21.4,54,1.5,2000,11.6,0.0,0.0,0.0,0,1,6,4,0,0,1,0,2337
2018-06-15,22,20.4,54,1.4,2000,10.7,0.0,0.0,0.0,0,1,6,4,0,0,1,0,2155
2018-06-15,23,19.6,55,1.4,2000,10.3,0.0,0.0,0.0,0,1,6,4,0,0,1,0,1593
2018-06-16,0,19.0,57,1.6,2000,10.2,0.0,0.0,0.0,0,1,6,5,0,0,1,0,1217
2018-06-16,1,18.4,59,1.3,2000,10.2,0.0,0.0,0.0,0,1,6,5,0,0,1,0,1056
2018-06-16,2,17.9,60,0.8,2000,10.0,0.0,0.0,0.0,0,1,6,5,0,0,1,0,764
2018-06-16,3,17.4,61,1.2,2000,9.7,0.0,0.0,0.0,0,1,6,5,0,0,1,0,518
2018-06-16,4,16.9,63,1.0,2000,9.8,0.0,0.0,0.0,0,1,6,5,0,0,1,0,317
2018-06-16,5,16.6,65,1.2,2000,9.9,0.0,0.0,0.0,0,1,6,5,0,0,1,0,277
2018-06-16,6,16.3,66,0.7,2000,9.9,0.05,0.0,0.0,0,1,6,5,0,0,1,0,381
2018-06-16,7,17.0,60,1.1,1993,9.1,0.47,0.0,0.0,0,1,6,5,0,0,1,0,583
2018-06-16,8,18.7,57,1.0,1956,9.9,1.05,0.0,0.0,0,1,6,5,0,0,1,0,892
2018-06-16,9,20.4,54,1.5,2000,10.7,1.88,0.0,0.0,0,1,6,5,0,0,1,0,1144
2018-06-16,10,21.8,46,0.9,1927,9.6,2.46,0.0,0.0,0,1,6,5,0,0,1,0,1166
2018-06-16,11,23.4,46,1.6,1954,11.1,2.96,0.0,0.0,0,1,6,5,0,0,1,0,1330
2018-06-16,12,24.8,43,1.2,1943,11.3,3.27,0.0,0.0,0,1,6,5,0,0,1,0,1525
2018-06-16,13,26.2,37,1.2,1936,10.3,3.36,0.0,0.0,0,1,6,5,0,0,1,0,1704
2018-06-16,14,27.1,40,1.8,1779,12.3,3.26,0.0,0.0,0,1,6,5,0,0,1,0,1783
2018-06-16,15,27.8,41,1.6,1851,13.3,2.89,0.0,0.0,0,1,6,5,0,0,1,0,1861
2018-06-16,16,28.3,41,2.6,1852,13.7,2.58,0.0,0.0,0,1,6,5,0,0,1,0,1991
2018-06-16,17,28.4,43,2.0,1806,14.6,1.93,0.0,0.0,0,1,6,5,0,0,1,0,2383
2018-06-16,18,28.0,46,2.3,1833,15.2,1.23,0.0,0.0,0,1,6,5,0,0,1,0,2451
2018-06-16,19,27.2,48,1.4,1994,15.2,0.57,0.0,0.0,0,1,6,5,0,0,1,0,2475
2018-06-16,20,25.0,60,2.4,1773,16.6,0.1,0.0,0.0,0,1,6,5,0,0,1,0,2497
2018-06-16,21,23.7,64,1.7,1707,16.4,0.0,0.0,0.0,0,1,6,5,0,0,1,0,2435
2018-06-16,22,22.8,69,1.7,1656,16.8,0.0,0.0,0.0,0,1,6,5,0,0,1,0,1995
2018-06-16,23,22.1,73,1.6,1180,17.0,0.0,0.0,0.0,0,1,6,5,0,0,1,0,1615
2018-06-17,0,21.5,76,1.4,1015,17.0,0.0,0.0,0.0,0,1,6,6,0,0,1,0,1394
2018-06-17,1,20.9,79,2.0,932,17.1,0.0,0.0,0.0,0,1,6,6,0,0,1,0,929
2018-06-17,2,20.5,76,1.1,994,16.1,0.0,0.0,0.0,0,1,6,6,0,0,1,0,755
2018-06-17,3,19.9,80,1.6,741,16.3,0.0,0.0,0.0,0,1,6,6,0,0,1,0,491
2018-06-17,4,19.4,82,0.9,531,16.2,0.0,0.0,0.0,0,1,6,6,0,0,1,0,304
2018-06-17,5,19.0,85,0.8,567,16.4,0.0,0.0,0.0,0,1,6,6,0,0,1,0,238
2018-06-17,6,18.9,83,0.3,576,15.9,0.05,0.0,0.0,0,1,6,6,0,0,1,0,324
2018-06-17,7,19.6,75,0.9,884,15.0,0.42,0.0,0.0,0,1,6,6,0,0,1,0,475
2018-06-17,8,21.1,70,0.3,766,15.4,0.9,0.0,0.0,0,1,6,6,0,0,1,0,715
2018-06-17,9,22.5,66,1.2,605,15.8,0.97,0.0,0.0,0,1,6,6,0,0,1,0,944
2018-06-17,10,23.0,66,1.1,516,16.2,0.83,0.0,0.0,0,1,6,6,0,0,1,0,953
2018-06-17,11,23.6,63,0.7,523,16.1,0.93,0.0,0.0,0,1,6,6,0,0,1,0,1146
2018-06-17,12,24.8,56,0.9,530,15.4,1.57,0.0,0.0,0,1,6,6,0,0,1,0,1422
2018-06-17,13,25.7,52,1.1,639,15.0,1.81,0.0,0.0,0,1,6,6,0,0,1,0,1563
2018-06-17,14,26.8,44,1.6,760,13.5,2.01,0.0,0.0,0,1,6,6,0,0,1,0,1709
2018-06-17,15,27.3,51,2.6,598,16.2,2.4,0.0,0.0,0,1,6,6,0,0,1,0,1979
2018-06-17,16,26.6,51,2.2,809,15.6,1.27,0.0,0.0,0,1,6,6,0,0,1,0,2235
2018-06-17,17,25.6,58,3.3,865,16.7,0.66,0.0,0.0,0,1,6,6,0,0,1,0,2330
2018-06-17,18,25.0,59,3.4,1324,16.4,0.54,0.0,0.0,0,1,6,6,0,0,1,0,2474
2018-06-17,19,24.2,62,1.9,1225,16.4,0.39,0.0,0.0,0,1,6,6,0,0,1,0,2481
2018-06-17,20,23.1,67,2.1,1060,16.6,0.03,0.0,0.0,0,1,6,6,0,0,1,0,2429
2018-06-17,21,22.7,66,0.9,1069,16.0,0.0,0.0,0.0,0,1,6,6,0,0,1,0,2055
2018-06-17,22,22.2,70,0.5,1056,16.4,0.0,0.0,0.0,0,1,6,6,0,0,1,0,1819
2018-06-17,23,21.7,74,1.4,920,16.8,0.0,0.0,0.0,0,1,6,6,0,0,1,0,1323
2018-06-18,0,21.3,74,1.4,963,16.4,0.0,0.0,0.0,0,1,6,0,0,0,1,0,917
2018-06-18,1,21.0,74,0.5,990,16.1,0.0,0.0,0.0,0,1,6,0,0,0,1,0,547
2018-06-18,2,20.7,76,0.3,920,16.3,0.0,0.0,0.0,0,1,6,0,0,0,1,0,436
2018-06-18,3,20.5,77,0.5,865,16.3,0.0,0.0,0.0,0,1,6,0,0,0,1,0,202
2018-06-18,4,20.2,78,0.7,884,16.2,0.0,0.0,0.0,0,1,6,0,0,0,1,0,164
2018-06-18,5,20.0,80,0.3,824,16.4,0.0,0.0,0.0,0,1,6,0,0,0,1,0,383
2018-06-18,6,20.0,78,0.4,752,16.0,0.05,0.0,0.0,0,1,6,0,0,0,1,0,779
2018-06-18,7,20.6,76,0.5,786,16.2,0.3,0.0,0.0,0,1,6,0,0,0,1,0,1590
2018-06-18,8,22.7,65,0.7,759,15.7,1.05,0.0,0.0,0,1,6,0,0,0,1,0,2357
2018-06-18,9,24.7,59,1.1,616,16.1,1.8,0.0,0.0,0,1,6,0,0,0,1,0,1263
2018-06-18,10,26.1,53,0.9,554,15.7,2.14,0.0,0.0,0,1,6,0,0,0,1,0,822
2018-06-18,11,27.3,45,2.4,846,14.3,2.84,0.0,0.0,0,1,6,0,0,0,1,0,915
2018-06-18,12,28.4,45,2.2,649,15.3,2.92,0.0,0.0,0,1,6,0,0,0,1,0,988
2018-06-18,13,29.4,42,1.7,689,15.1,3.1,0.0,0.0,0,1,6,0,0,0,1,0,938
2018-06-18,14,29.8,36,2.0,1382,13.1,2.63,0.0,0.0,0,1,6,0,0,0,1,0,997
2018-06-18,15,30.5,34,2.8,1590,12.8,2.87,0.0,0.0,0,1,6,0,0,0,1,0,1177
2018-06-18,16,30.5,34,2.9,1830,12.8,2.51,0.0,0.0,0,1,6,0,0,0,1,0,1401
2018-06-18,17,29.5,36,3.7,1786,12.8,1.94,0.0,0.0,0,1,6,0,0,0,1,0,2040
2018-06-18,18,29.2,35,2.7,1900,12.1,1.27,0.0,0.0,0,1,6,0,0,0,1,0,746
2018-06-18,19,28.1,38,2.6,2000,12.4,0.63,0.0,0.0,0,1,6,0,0,0,1,0,1557
2018-06-18,20,25.7,43,2.1,2000,12.1,0.12,0.0,0.0,0,1,6,0,0,0,1,0,2515
2018-06-18,21,23.8,48,2.0,2000,12.1,0.0,0.0,0.0,0,1,6,0,0,0,1,0,1702
2018-06-18,22,22.9,56,1.3,1927,13.6,0.0,0.0,0.0,0,1,6,0,0,0,1,0,1373
2018-06-18,23,22.3,59,1.1,1892,13.8,0.0,0.0,0.0,0,1,6,0,0,0,1,0,1732
2018-06-19,0,21.5,63,1.0,1740,14.1,0.0,0.0,0.0,0,1,6,1,0,0,1,0,1055
2018-06-19,1,20.9,66,0.8,1528,14.3,0.0,0.0,0.0,0,1,6,1,0,0,1,0,766
2018-06-19,2,20.2,71,1.2,1414,14.7,0.0,0.0,0.0,0,1,6,1,0,0,1,0,527
2018-06-19,3,19.9,69,1.4,1179,14.0,0.0,0.0,0.0,0,1,6,1,0,0,1,0,369
2018-06-19,4,19.7,73,1.6,848,14.7,0.0,0.0,0.0,0,1,6,1,0,0,1,0,268
2018-06-19,5,19.4,77,0.8,831,15.2,0.0,0.0,0.0,0,1,6,1,0,0,1,0,317
2018-06-19,6,19.1,75,0.4,1039,14.5,0.08,0.0,0.0,0,1,6,1,0,0,1,0,746
2018-06-19,7,19.9,72,0.6,840,14.6,0.32,0.0,0.0,0,1,6,1,0,0,1,0,1616
2018-06-19,8,21.1,66,1.0,797,14.4,0.62,0.0,0.0,0,1,6,1,0,0,1,0,2430
2018-06-19,9,22.4,62,0.9,761,14.7,0.93,0.0,0.0,0,1,6,1,0,0,1,0,1381
2018-06-19,10,23.7,56,1.6,1074,14.3,1.34,0.0,0.0,0,1,6,1,0,0,1,0,937
2018-06-19,11,24.6,53,1.4,1472,14.3,1.67,0.0,0.0,0,1,6,1,0,0,1,0,1014
2018-06-19,12,25.8,48,1.5,1487,13.9,2.31,0.0,0.0,0,1,6,1,0,0,1,0,1224
2018-06-19,13,26.6,46,2.9,1482,14.0,2.31,0.0,0.0,0,1,6,1,0,0,1,0,1230
2018-06-19,14,27.2,44,2.9,1377,13.8,2.59,0.0,0.0,0,1,6,1,0,0,1,0,1258
2018-06-19,15,26.7,42,2.6,1634,12.7,1.89,0.0,0.0,0,1,6,1,0,0,1,0,1363
2018-06-19,16,26.1,46,3.0,1728,13.5,1.55,0.0,0.0,0,1,6,1,0,0,1,0,1700
2018-06-19,17,25.1,51,2.4,1714,14.2,1.15,0.0,0.0,0,1,6,1,0,0,1,0,2328
2018-06-19,18,24.1,57,2.9,1301,15.0,0.56,0.0,0.0,0,1,6,1,0,0,1,0,3556
2018-06-19,19,23.3,59,2.6,1214,14.8,0.28,0.0,0.0,0,1,6,1,0,0,1,0,2809
2018-06-19,20,22.4,62,2.2,1041,14.7,0.05,0.0,0.0,0,1,6,1,0,0,1,0,2525
2018-06-19,21,21.6,66,2.4,962,14.9,0.0,0.0,0.0,0,1,6,1,0,0,1,0,2378
2018-06-19,22,20.8,71,2.1,800,15.3,0.0,0.0,0.0,0,1,6,1,0,0,1,0,2096
2018-06-19,23,20.1,73,1.9,771,15.1,0.0,0.0,0.0,0,1,6,1,0,0,1,0,1456
2018-06-20,0,19.7,71,2.0,1330,14.2,0.0,0.0,0.0,0,1,6,2,0,0,1,0,1030
2018-06-20,1,19.6,73,1.4,958,14.6,0.0,0.0,0.0,0,1,6,2,0,0,1,0,803
2018-06-20,2,19.6,78,0.8,662,15.6,0.0,0.0,0.0,0,1,6,2,0,0,1,0,576
2018-06-20,3,19.4,79,0.8,563,15.6,0.0,0.0,0.0,0,1,6,2,0,0,1,0,340
2018-06-20,4,19.1,82,1.5,471,15.9,0.0,0.0,0.0,0,1,6,2,0,0,1,0,249
2018-06-20,5,19.1,83,2.0,457,16.1,0.0,0.0,0.0,0,1,6,2,0,0,1,0,336
2018-06-20,6,19.4,83,1.6,448,16.4,0.03,0.0,0.0,0,1,6,2,0,0,1,0,714
2018-06-20,7,20.0,77,1.7,595,15.8,0.29,0.0,0.0,0,1,6,2,0,0,1,0,1629
2018-06-20,8,20.6,77,1.2,566,16.4,0.53,0.0,0.0,0,1,6,2,0,0,1,0,2440
2018-06-20,9,21.1,73,2.0,623,16.0,0.43,0.0,0.0,0,1,6,2,0,0,1,0,1401
2018-06-20,10,22.2,70,3.1,740,16.4,1.44,0.0,0.0,0,1,6,2,0,0,1,0,1002
2018-06-20,11,23.7,56,2.4,1070,14.3,2.33,0.0,0.0,0,1,6,2,0,0,1,0,1100
2018-06-20,12,25.2,53,3.3,976,14.9,3.38,0.0,0.0,0,1,6,2,0,0,1,0,1252
2018-06-20,13,26.2,51,3.2,1078,15.2,3.36,0.0,0.0,0,1,6,2,0,0,1,0,1184
2018-06-20,14,27.5,47,2.7,990,15.1,3.24,0.0,0.0,0,1,6,2,0,0,1,0,1158
2018-06-20,15,27.9,45,3.6,1558,14.8,3.04,0.0,0.0,0,1,6,2,0,0,1,0,1266
2018-06-20,16,28.2,48,3.9,1103,16.1,2.55,0.0,0.0,0,1,6,2,0,0,1,0,1600
2018-06-20,17,28.0,50,3.2,1137,16.6,1.93,0.0,0.0,0,1,6,2,0,0,1,0,2289
2018-06-20,18,27.0,55,3.1,1246,17.1,1.26,0.0,0.0,0,1,6,2,0,0,1,0,3384
2018-06-20,19,25.6,61,2.7,1236,17.5,0.6,0.0,0.0,0,1,6,2,0,0,1,0,2741
2018-06-20,20,23.3,68,3.6,895,17.0,0.11,0.0,0.0,0,1,6,2,0,0,1,0,2519
2018-06-20,21,21.6,74,3.3,758,16.7,0.0,0.0,0.0,0,1,6,2,0,0,1,0,2246
2018-06-20,22,20.6,78,3.0,684,16.6,0.0,0.0,0.0,0,1,6,2,0,0,1,0,1979
2018-06-20,23,20.1,82,3.6,494,16.9,0.0,0.0,0.0,0,1,6,2,0,0,1,0,1401
2018-06-21,0,20.0,83,2.6,547,17.0,0.0,0.0,0.0,0,1,6,3,0,0,1,0,1083
2018-06-21,1,20.1,82,1.2,582,16.9,0.0,0.0,0.0,0,1,6,3,0,0,1,0,794
2018-06-21,2,20.2,82,0.9,575,17.0,0.0,0.0,0.0,0,1,6,3,0,0,1,0,539
2018-06-21,3,20.0,83,1.7,607,17.0,0.0,0.0,0.0,0,1,6,3,0,0,1,0,394
2018-06-21,4,19.6,87,1.2,465,17.3,0.0,0.0,0.0,0,1,6,3,0,0,1,0,215
2018-06-21,5,19.4,82,2.1,677,16.2,0.0,0.0,0.0,0,1,6,3,0,0,1,0,308
2018-06-21,6,19.5,80,1.6,709,15.9,0.04,0.0,0.0,0,1,6,3,0,0,1,0,709
2018-06-21,7,19.9,74,1.7,683,15.1,0.21,0.0,0.0,0,1,6,3,0,0,1,0,1543
2018-06-21,8,21.4,65,1.9,821,14.5,1.15,0.0,0.0,0,1,6,3,0,0,1,0,2370
2018-06-21,9,22.7,59,2.0,940,14.2,1.77,0.0,0.0,0,1,6,3,0,0,1,0,1360
2018-06-21,10,23.9,57,2.1,977,14.8,2.54,0.0,0.0,0,1,6,3,0,0,1,0,922
2018-06-21,11,25.5,57,1.8,943,16.3,3.01,0.0,0.0,0,1,6,3,0,0,1,0,1066
2018-06-21,12,26.4,46,1.4,1103,13.8,3.26,0.0,0.0,0,1,6,3,0,0,1,0,1197
2018-06-21,13,27.3,33,3.4,1921,9.6,3.42,0.0,0.0,0,1,6,3,0,0,1,0,1147
2018-06-21,14,28.0,39,2.6,1833,12.7,3.14,0.0,0.0,0,1,6,3,0,0,1,0,1152
2018-06-21,15,28.3,40,3.2,1619,13.4,2.96,0.0,0.0,0,1,6,3,0,0,1,0,1276
2018-06-21,16,28.5,42,3.1,1622,14.3,2.62,0.0,0.0,0,1,6,3,0,0,1,0,1473
2018-06-21,17,28.4,43,3.3,1715,14.6,2.04,0.0,0.0,0,1,6,3,0,0,1,0,2176
2018-06-21,18,27.8,43,3.0,1933,14.0,1.35,0.0,0.0,0,1,6,3,0,0,1,0,3418
2018-06-21,19,26.9,42,2.4,2000,12.8,0.62,0.0,0.0,0,1,6,3,0,0,1,0,2811
2018-06-21,20,25.1,55,2.3,1779,15.4,0.08,0.0,0.0,0,1,6,3,0,0,1,0,2556
2018-06-21,21,23.8,63,1.5,1455,16.3,0.0,0.0,0.0,0,1,6,3,0,0,1,0,2436
2018-06-21,22,22.8,67,2.1,1042,16.3,0.0,0.0,0.0,0,1,6,3,0,0,1,0,2179
2018-06-21,23,21.9,59,2.6,1188,13.5,0.0,0.0,0.0,0,1,6,3,0,0,1,0,1497
2018-06-22,0,20.7,67,1.9,885,14.3,0.0,0.0,0.0,0,1,6,4,0,0,1,0,1137
2018-06-22,1,20.2,75,1.4,525,15.6,0.0,0.0,0.0,0,1,6,4,0,0,1,0,912
2018-06-22,2,19.8,80,1.5,370,16.2,0.0,0.0,0.0,0,1,6,4,0,0,1,0,602
2018-06-22,3,19.3,85,1.6,345,16.7,0.0,0.0,0.0,0,1,6,4,0,0,1,0,413
2018-06-22,4,19.1,86,1.4,322,16.6,0.0,0.0,0.0,0,1,6,4,0,0,1,0,268
2018-06-22,5,18.6,85,1.0,384,16.0,0.0,0.0,0.0,0,1,6,4,0,0,1,0,336
2018-06-22,6,18.2,83,0.6,448,15.2,0.06,0.0,0.0,0,1,6,4,0,0,1,0,710
2018-06-22,7,18.8,66,1.1,814,12.3,0.46,0.0,0.0,0,1,6,4,0,0,1,0,1529
2018-06-22,8,21.9,58,1.2,771,13.2,1.29,0.0,0.0,0,1,6,4,0,0,1,0,2283
2018-06-22,9,24.2,47,1.2,822,12.1,1.94,0.0,0.0,0,1,6,4,0,0,1,0,1284
2018-06-22,10,26.3,34,0.9,1792,9.1,2.57,0.0,0.0,0,1,6,4,0,0,1,0,902
2018-06-22,11,28.1,35,1.3,1608,11.1,3.02,0.0,0.0,0,1,6,4,0,0,1,0,1020
2018-06-22,12,29.8,28,1.3,1777,9.3,3.21,0.0,0.0,0,1,6,4,0,0,1,0,1116
2018-06-22,13,30.6,26,1.2,1792,8.9,3.17,0.0,0.0,0,1,6,4,0,0,1,0,1073
2018-06-22,14,31.6,25,2.3,1780,9.1,3.21,0.0,0.0,0,1,6,4,0,0,1,0,1087
2018-06-22,15,31.9,23,1.8,1977,8.1,2.57,0.0,0.0,0,1,6,4,0,0,1,0,1203
2018-06-22,16,30.8,31,3.8,1246,11.7,2.17,0.0,0.0,0,1,6,4,0,0,1,0,1466
2018-06-22,17,30.4,28,2.9,1834,9.8,1.9,0.0,0.0,0,1,6,4,0,0,1,0,2146
2018-06-22,18,29.3,27,3.4,1977,8.3,1.24,0.0,0.0,0,1,6,4,0,0,1,0,3365
2018-06-22,19,27.1,32,3.5,2000,8.9,0.52,0.0,0.0,0,1,6,4,0,0,1,0,2732
2018-06-22,20,25.4,31,2.5,2000,7.0,0.07,0.0,0.0,0,1,6,4,0,0,1,0,2493
2018-06-22,21,24.2,32,1.5,2000,6.4,0.0,0.0,0.0,0,1,6,4,0,0,1,0,2251
2018-06-22,22,23.3,32,1.1,2000,5.6,0.0,0.0,0.0,0,1,6,4,0,0,1,0,2103
2018-06-22,23,22.9,34,1.1,1810,6.1,0.0,0.0,0.0,0,1,6,4,0,0,1,0,1648
2018-06-23,0,22.7,36,1.5,2000,6.8,0.0,0.0,0.0,0,1,6,5,0,0,1,0,1322
2018-06-23,1,22.5,39,1.1,2000,7.8,0.0,0.0,0.0,0,1,6,5,0,0,1,0,1073
2018-06-23,2,22.3,37,1.8,2000,6.8,0.0,0.0,0.0,0,1,6,5,0,0,1,0,818
2018-06-23,3,22.0,42,0.2,1891,8.4,0.0,0.0,0.0,0,1,6,5,0,0,1,0,540
2018-06-23,4,21.6,47,0.4,1985,9.7,0.0,0.0,0.0,0,1,6,5,0,0,1,0,375
2018-06-23,5,21.1,48,0.3,2000,9.6,0.0,0.0,0.0,0,1,6,5,0,0,1,0,339
2018-06-23,6,21.0,48,0.6,2000,9.5,0.01,0.0,0.0,0,1,6,5,0,0,1,0,417
2018-06-23,7,21.3,44,0.5,1911,8.5,0.2,0.0,0.0,0,1,6,5,0,0,1,0,622
2018-06-23,8,22.6,42,0.7,1887,9.0,0.62,0.0,0.0,0,1,6,5,0,0,1,0,934
2018-06-23,9,24.3,37,1.1,1939,8.6,1.31,0.0,0.0,0,1,6,5,0,0,1,0,1072
2018-06-23,10,25.8,35,1.5,1900,9.1,1.66,0.0,0.0,0,1,6,5,0,0,1,0,1064
2018-06-23,11,27.5,31,1.9,1841,8.8,2.7,0.0,0.0,0,1,6,5,0,0,1,0,1229
2018-06-23,12,28.4,31,2.7,1849,9.6,2.93,0.0,0.0,0,1,6,5,0,0,1,0,1374
2018-06-23,13,27.9,41,3.9,1649,13.4,2.08,0.0,0.0,0,1,6,5,0,0,1,0,1483
2018-06-23,14,28.0,46,3.6,1401,15.2,2.88,0.0,0.0,0,1,6,5,0,0,1,0,1445
2018-06-23,15,28.4,43,3.1,1337,14.6,2.65,0.0,0.0,0,1,6,5,0,0,1,0,1589
2018-06-23,16,28.3,48,3.1,1232,16.2,2.41,0.0,0.0,0,1,6,5,0,0,1,0,1837
2018-06-23,17,28.1,49,3.2,1117,16.3,1.62,0.0,0.0,0,1,6,5,0,0,1,0,2101
2018-06-23,18,26.3,55,3.2,1119,16.5,0.64,0.0,0.0,0,1,6,5,0,0,1,0,2256
2018-06-23,19,25.7,59,2.8,1083,17.0,0.38,0.0,0.0,0,1,6,5,0,0,1,0,2288
2018-06-23,20,24.6,65,2.1,1018,17.5,0.1,0.0,0.0,0,1,6,5,0,0,1,0,2262
2018-06-23,21,23.8,68,2.2,694,17.5,0.0,0.0,0.0,0,1,6,5,0,0,1,0,2175
2018-06-23,22,23.0,74,2.4,473,18.1,0.0,0.0,0.0,0,1,6,5,0,0,1,0,1932
2018-06-23,23,22.5,77,2.7,396,18.2,0.0,0.0,0.0,0,1,6,5,0,0,1,0,1402
2018-06-24,0,22.0,81,1.6,374,18.5,0.0,0.0,0.0,0,1,6,6,0,0,1,0,849
2018-06-24,1,21.5,83,1.3,345,18.4,0.0,0.0,0.0,0,1,6,6,0,0,1,0,545
2018-06-24,2,20.9,87,1.8,222,18.6,0.0,0.0,0.0,0,1,6,6,0,0,1,0,1254
2018-06-24,3,20.6,91,0.8,194,19.0,0.0,0.0,0.0,0,1,6,6,0,0,1,0,644
2018-06-24,4,20.5,90,0.8,223,18.7,0.0,0.0,0.0,0,1,6,6,0,0,1,0,286
2018-06-24,5,20.3,87,1.0,251,18.0,0.0,0.0,0.0,0,1,6,6,0,0,1,0,235
2018-06-24,6,20.2,87,2.0,255,17.9,0.01,0.0,0.0,0,1,6,6,0,0,1,0,258
2018-06-24,7,20.5,82,0.8,338,17.3,0.16,0.0,0.0,0,1,6,6,0,0,1,0,369
2018-06-24,8,21.3,78,0.7,351,17.3,0.51,0.0,0.0,0,1,6,6,0,0,1,0,561
2018-06-24,9,23.1,68,1.9,482,16.8,1.64,0.0,0.0,0,1,6,6,0,0,1,0,734
2018-06-24,10,25.0,60,1.5,570,16.6,2.33,0.0,0.0,0,1,6,6,0,0,1,0,763
2018-06-24,11,27.1,52,2.1,557,16.3,2.82,0.0,0.0,0,1,6,6,0,0,1,0,870
2018-06-24,12,28.9,40,2.3,809,13.9,3.15,0.0,0.0,0,1,6,6,0,0,1,0,1042
2018-06-24,13,30.6,31,2.7,1240,11.5,3.24,0.0,0.0,0,1,6,6,0,0,1,0,1062
2018-06-24,14,31.6,34,2.9,1050,13.8,3.12,0.0,0.0,0,1,6,6,0,0,1,0,1064
2018-06-24,15,31.8,31,3.4,1400,12.5,2.85,0.0,0.0,0,1,6,6,0,0,1,0,1213
2018-06-24,16,31.3,32,3.2,1427,12.6,2.38,0.0,0.0,0,1,6,6,0,0,1,0,1471
2018-06-24,17,30.9,34,2.5,1640,13.2,1.79,0.0,0.0,0,1,6,6,0,0,1,0,1754
2018-06-24,18,29.8,35,3.3,1805,12.6,1.15,0.0,0.0,0,1,6,6,0,0,1,0,2094
2018-06-24,19,27.8,41,2.7,1990,13.3,0.45,0.0,0.0,0,1,6,6,0,0,1,0,2290
2018-06-24,20,26.1,49,1.9,1960,14.5,0.1,0.0,0.0,0,1,6,6,0,0,1,0,2387
2018-06-24,21,24.5,71,1.7,1295,18.8,0.0,0.0,0.0,0,1,6,6,0,0,1,0,2153
2018-06-24,22,23.9,72,0.8,1098,18.5,0.0,0.0,0.0,0,1,6,6,0,0,1,0,1801
2018-06-24,23,23.3,75,2.0,890,18.6,0.0,0.0,0.0,0,1,6,6,0,0,1,0,1329
2018-06-25,0,22.9,79,0.6,715,19.0,0.0,0.0,0.0,0,1,6,0,0,0,1,0,962
2018-06-25,1,22.5,80,1.1,619,18.8,0.0,0.0,0.0,0,1,6,0,0,0,1,0,585
2018-06-25,2,22.3,80,0.8,709,18.6,0.0,0.0,0.0,0,1,6,0,0,0,1,0,424
2018-06-25,3,22.0,83,0.5,684,18.9,0.0,0.0,0.0,0,1,6,0,0,0,1,0,264
2018-06-25,4,21.8,82,0.7,702,18.5,0.0,0.0,0.0,0,1,6,0,0,0,1,0,199
2018-06-25,5,21.5,84,0.3,569,18.6,0.0,0.0,0.0,0,1,6,0,0,0,1,0,338
2018-06-25,6,21.3,81,0.7,604,17.8,0.05,0.0,0.0,0,1,6,0,0,0,1,0,785
2018-06-25,7,22.1,74,0.3,830,17.2,0.37,0.0,0.0,0,1,6,0,0,0,1,0,1620
2018-06-25,8,23.8,66,0.9,960,17.0,0.74,0.0,0.0,0,1,6,0,0,0,1,0,2331
2018-06-25,9,25.4,61,1.0,1079,17.3,1.28,0.0,0.0,0,1,6,0,0,0,1,0,1293
2018-06-25,10,26.4,55,0.9,901,16.6,1.16,0.0,0.0,0,1,6,0,0,0,1,0,878
2018-06-25,11,27.8,46,1.3,912,15.1,1.77,0.0,0.0,0,1,6,0,0,0,1,0,968
2018-06-25,12,29.8,42,2.1,1220,15.5,2.9,0.0,0.0,0,1,6,0,0,0,1,0,1039
2018-06-25,13,31.2,36,2.0,1022,14.3,2.91,0.0,0.0,0,1,6,0,0,0,1,0,1073
2018-06-25,14,32.3,35,1.8,982,14.8,2.71,0.0,0.0,0,1,6,0,0,0,1,0,1016
2018-06-25,15,32.7,31,1.7,1243,13.3,2.3,0.0,0.0,0,1,6,0,0,0,1,0,1184
2018-06-25,16,32.2,39,2.8,928,16.4,1.74,0.0,0.0,0,1,6,0,0,0,1,0,1407
2018-06-25,17,31.5,42,2.3,990,17.0,1.36,0.0,0.0,0,1,6,0,0,0,1,0,2008
2018-06-25,18,30.7,43,1.6,931,16.6,0.74,0.0,0.0,0,1,6,0,0,0,1,0,3238
2018-06-25,19,29.8,45,1.5,956,16.5,0.32,0.0,0.0,0,1,6,0,0,0,1,0,2779
2018-06-25,20,28.8,54,1.1,964,18.5,0.09,0.0,0.0,0,1,6,0,0,0,1,0,2456
2018-06-25,21,27.9,55,0.5,1083,18.0,0.0,0.0,0.0,0,1,6,0,0,0,1,0,2372
2018-06-25,22,27.4,55,0.3,1001,17.5,0.0,0.0,0.0,0,1,6,0,0,0,1,0,2046
2018-06-25,23,27.2,55,0.7,920,17.3,0.0,0.0,0.0,0,1,6,0,0,0,1,0,1437
2018-06-26,0,26.9,61,1.5,805,18.7,0.0,0.0,0.0,0,1,6,1,0,0,1,0,1052
2018-06-26,1,26.7,50,1.8,884,15.4,0.0,0.0,0.0,0,1,6,1,0,0,1,0,783
2018-06-26,2,26.1,51,1.7,760,15.1,0.0,0.0,0.0,0,1,6,1,0,0,1,0,524
2018-06-26,3,25.4,50,1.1,870,14.2,0.0,0.0,0.0,0,1,6,1,0,0,1,0,353
2018-06-26,4,24.7,49,1.0,1293,13.2,0.0,0.0,0.0,0,1,6,1,0,0,1,0,143
2018-06-26,5,23.7,64,0.9,876,16.4,0.0,0.1,0.0,0,1,6,1,0,0,1,0,45
2018-06-26,6,22.5,83,0.8,537,19.4,0.0,0.4,0.0,0,1,6,1,0,0,1,0,37
2018-06-26,7,21.2,87,0.8,376,18.9,0.03,1.5,0.0,0,1,6,1,0,0,1,0,49
2018-06-26,8,20.8,94,1.0,159,19.7,0.05,3.5,0.0,0,1,6,1,0,0,1,0,53
2018-06-26,9,20.3,96,1.1,143,19.6,0.06,6.5,0.0,0,1,6,1,0,0,1,0,19
2018-06-26,10,20.3,97,1.0,103,19.8,0.12,9.5,0.0,0,1,6,1,0,0,1,0,9
2018-06-26,11,20.4,97,1.4,129,19.9,0.09,16.0,0.0,0,1,6,1,0,0,1,0,11
2018-06-26,12,20.5,97,1.8,257,20.0,0.15,5.0,0.0,0,1,6,1,0,0,1,0,10
2018-06-26,13,20.5,97,1.2,338,20.0,0.11,14.5,0.0,0,1,6,1,0,0,1,0,24
2018-06-26,14,21.0,97,0.7,381,20.4,0.26,2.5,0.0,0,1,6,1,0,0,1,0,26
2018-06-26,15,21.5,97,0.6,311,20.9,0.21,4.5,0.0,0,1,6,1,0,0,1,0,65
2018-06-26,16,23.3,96,3.4,441,22.6,0.08,1.0,0.0,0,1,6,1,0,0,1,0,56
2018-06-26,17,24.0,95,5.0,362,23.1,0.07,2.0,0.0,0,1,6,1,0,0,1,0,113
2018-06-26,18,24.1,95,4.4,261,23.2,0.03,1.0,0.0,0,1,6,1,0,0,1,0,156
2018-06-26,19,24.2,94,4.7,242,23.1,0.03,1.5,0.0,0,1,6,1,0,0,1,0,203
2018-06-26,20,24.1,94,4.5,214,23.0,0.0,0.5,0.0,0,1,6,1,0,0,1,0,199
2018-06-26,21,23.5,94,4.6,227,22.4,0.0,1.5,0.0,0,1,6,1,0,0,1,0,275
2018-06-26,22,22.4,95,4.1,222,21.5,0.0,0.0,0.0,0,1,6,1,0,0,1,0,443
2018-06-26,23,21.6,89,4.3,698,19.7,0.0,0.0,0.0,0,1,6,1,0,0,1,0,552
2018-06-27,0,20.5,94,3.7,896,19.4,0.0,0.0,0.0,0,1,6,2,0,0,1,0,513
2018-06-27,1,20.0,96,3.0,182,19.3,0.0,0.1,0.0,0,1,6,2,0,0,1,0,254
2018-06-27,2,19.6,97,2.6,201,19.1,0.0,0.4,0.0,0,1,6,2,0,0,1,0,164
2018-06-27,3,19.4,97,2.9,282,18.9,0.0,0.0,0.0,0,1,6,2,0,0,1,0,152
2018-06-27,4,19.2,97,1.0,217,18.7,0.0,0.5,0.0,0,1,6,2,0,0,1,0,110
2018-06-27,5,19.1,97,1.2,402,18.6,0.0,0.0,0.0,0,1,6,2,0,0,1,0,162
2018-06-27,6,19.2,97,1.5,157,18.7,0.0,0.0,0.0,0,1,6,2,0,0,1,0,417
2018-06-27,7,19.3,98,1.0,188,18.9,0.06,0.0,0.0,0,1,6,2,0,0,1,0,1084
2018-06-27,8,19.7,97,1.5,200,19.2,0.25,0.0,0.0,0,1,6,2,0,0,1,0,1995
2018-06-27,9,20.0,96,1.6,287,19.3,0.39,0.0,0.0,0,1,6,2,0,0,1,0,1238
2018-06-27,10,21.4,85,1.1,596,18.7,1.34,0.0,0.0,0,1,6,2,0,0,1,0,862
2018-06-27,11,23.4,73,1.3,827,18.2,2.38,0.0,0.0,0,1,6,2,0,0,1,0,1015
2018-06-27,12,24.1,73,2.2,992,18.9,2.15,0.0,0.0,0,1,6,2,0,0,1,0,1145
2018-06-27,13,24.9,69,2.2,850,18.8,2.14,0.0,0.0,0,1,6,2,0,0,1,0,1234
2018-06-27,14,24.7,72,2.9,720,19.3,1.45,0.0,0.0,0,1,6,2,0,0,1,0,1243
2018-06-27,15,25.5,68,2.4,638,19.1,1.61,0.0,0.0,0,1,6,2,0,0,1,0,1362
2018-06-27,16,25.0,74,2.2,578,20.0,0.52,0.0,0.0,0,1,6,2,0,0,1,0,1618
2018-06-27,17,25.1,70,2.2,796,19.2,0.48,0.0,0.0,0,1,6,2,0,0,1,0,2115
2018-06-27,18,25.0,69,1.5,1125,18.9,0.52,0.0,0.0,0,1,6,2,0,0,1,0,3172
2018-06-27,19,24.9,70,1.8,1131,19.0,0.24,0.0,0.0,0,1,6,2,0,0,1,0,2487
2018-06-27,20,24.2,72,1.4,833,18.8,0.03,0.0,0.0,0,1,6,2,0,0,1,0,2274
2018-06-27,21,23.3,71,1.3,1145,17.7,0.0,0.0,0.0,0,1,6,2,0,0,1,0,2200
2018-06-27,22,22.7,77,2.0,1099,18.4,0.0,0.0,0.0,0,1,6,2,0,0,1,0,1959
2018-06-27,23,22.3,83,2.6,490,19.2,0.0,0.0,0.0,0,1,6,2,0,0,1,0,980
2018-06-28,0,22.2,84,1.1,482,19.3,0.0,0.0,0.0,0,1,6,3,0,0,1,0,561
2018-06-28,1,22.2,84,0.3,610,19.3,0.0,0.0,0.0,0,1,6,3,0,0,1,0,1068
2018-06-28,2,22.4,84,0.6,667,19.5,0.0,0.0,0.0,0,1,6,3,0,0,1,0,652
2018-06-28,3,22.4,86,0.6,618,19.9,0.0,0.0,0.0,0,1,6,3,0,0,1,0,344
2018-06-28,4,22.3,88,0.9,298,20.2,0.0,0.0,0.0,0,1,6,3,0,0,1,0,233
2018-06-28,5,22.1,93,0.4,333,20.9,0.0,0.0,0.0,0,1,6,3,0,0,1,0,266
2018-06-28,6,22.0,90,0.4,373,20.2,0.04,0.1,0.0,0,1,6,3,0,0,1,0,594
2018-06-28,7,22.7,81,0.4,866,19.2,0.4,0.0,0.0,0,1,6,3,0,0,1,0,1391
2018-06-28,8,24.2,73,1.0,1581,19.0,0.96,0.0,0.0,0,1,6,3,0,0,1,0,2288
2018-06-28,9,24.8,75,1.1,1418,20.0,0.63,0.0,0.0,0,1,6,3,0,0,1,0,1246
2018-06-28,10,25.3,70,0.6,1386,19.4,0.7,0.0,0.0,0,1,6,3,0,0,1,0,826
2018-06-28,11,26.5,64,1.8,1806,19.1,1.3,0.0,0.0,0,1,6,3,0,0,1,0,938
2018-06-28,12,27.0,68,2.0,1863,20.5,1.3,0.0,0.0,0,1,6,3,0,0,1,0,1158
2018-06-28,13,27.2,68,1.8,1575,20.7,1.1,0.0,0.0,0,1,6,3,0,0,1,0,1040
2018-06-28,14,27.1,72,3.0,1126,21.6,0.91,0.0,0.0,0,1,6,3,0,0,1,0,1030
2018-06-28,15,26.4,76,3.7,1370,21.8,1.01,0.0,0.0,0,1,6,3,0,0,1,0,1209
2018-06-28,16,25.2,81,3.6,961,21.6,0.5,0.0,0.0,0,1,6,3,0,0,1,0,766
2018-06-28,17,22.2,92,1.2,254,20.8,0.11,4.9,0.0,0,1,6,3,0,0,1,0,65
2018-06-28,18,20.6,97,0.7,222,20.1,0.14,21.5,0.0,0,1,6,3,0,0,1,0,596
2018-06-28,19,20.9,97,1.0,1747,20.3,0.19,0.0,0.0,0,1,6,3,0,0,1,0,944
2018-06-28,20,21.0,96,0.1,1431,20.3,0.02,0.0,0.0,0,1,6,3,0,0,1,0,1039
2018-06-28,21,21.3,94,0.3,1314,20.2,0.0,0.0,0.0,0,1,6,3,0,0,1,0,1223
2018-06-28,22,21.6,94,1.1,766,20.5,0.0,0.0,0.0,0,1,6,3,0,0,1,0,1239
2018-06-28,23,21.7,96,0.3,293,21.0,0.0,0.0,0.0,0,1,6,3,0,0,1,0,931
2018-06-29,0,21.9,95,1.9,357,21.0,0.0,0.0,0.0,0,1,6,4,0,0,1,0,470
2018-06-29,1,22.0,96,0.1,387,21.3,0.0,0.1,0.0,0,1,6,4,0,0,1,0,460
2018-06-29,2,22.2,96,0.8,269,21.5,0.0,0.2,0.0,0,1,6,4,0,0,1,0,345
2018-06-29,3,22.3,96,1.2,290,21.6,0.0,0.1,0.0,0,1,6,4,0,0,1,0,227
2018-06-29,4,22.3,96,0.0,278,21.6,0.0,0.1,0.0,0,1,6,4,0,0,1,0,123
2018-06-29,5,22.1,97,0.5,152,21.5,0.0,1.5,0.0,0,1,6,4,0,0,1,0,133
2018-06-29,6,21.9,97,0.2,190,21.3,0.0,4.5,0.0,0,1,6,4,0,0,1,0,308
2018-06-29,7,22.0,97,0.9,269,21.4,0.03,0.0,0.0,0,1,6,4,0,0,1,0,883
2018-06-29,8,22.2,95,1.6,389,21.3,0.26,0.0,0.0,0,1,6,4,0,0,1,0,2028
2018-06-29,9,22.9,86,1.7,538,20.4,0.76,0.0,0.0,0,1,6,4,0,0,1,0,1195
2018-06-29,10,24.4,76,2.1,617,19.8,1.58,0.0,0.0,0,1,6,4,0,0,1,0,913
2018-06-29,11,24.8,74,1.8,644,19.8,1.41,0.0,0.0,0,1,6,4,0,0,1,0,956
2018-06-29,12,26.1,67,2.2,758,19.4,2.15,0.0,0.0,0,1,6,4,0,0,1,0,1168
2018-06-29,13,26.8,65,2.0,732,19.6,2.37,0.0,0.0,0,1,6,4,0,0,1,0,1117
2018-06-29,14,27.8,57,2.1,760,18.4,2.62,0.0,0.0,0,1,6,4,0,0,1,0,1175
2018-06-29,15,28.4,63,2.8,742,20.6,2.47,0.0,0.0,0,1,6,4,0,0,1,0,1209
2018-06-29,16,29.0,57,2.3,987,19.6,2.36,0.0,0.0,0,1,6,4,0,0,1,0,1554
2018-06-29,17,28.5,60,2.6,1014,19.9,1.33,0.0,0.0,0,1,6,4,0,0,1,0,2099
2018-06-29,18,28.1,60,1.9,959,19.5,1.05,0.0,0.0,0,1,6,4,0,0,1,0,3113
2018-06-29,19,27.1,64,1.1,829,19.6,0.28,0.0,0.0,0,1,6,4,0,0,1,0,2602
2018-06-29,20,26.2,70,1.5,792,20.2,0.12,0.0,0.0,0,1,6,4,0,0,1,0,2339
2018-06-29,21,25.2,75,1.4,644,20.4,0.0,0.0,0.0,0,1,6,4,0,0,1,0,2225
2018-06-29,22,24.2,80,1.3,500,20.5,0.0,0.0,0.0,0,1,6,4,0,0,1,0,2103
2018-06-29,23,23.5,83,1.4,436,20.4,0.0,0.0,0.0,0,1,6,4,0,0,1,0,1552
2018-06-30,0,23.0,84,1.9,375,20.1,0.0,0.0,0.0,0,1,6,5,0,0,1,0,1275
2018-06-30,1,22.6,85,0.3,323,19.9,0.0,0.0,0.0,0,1,6,5,0,0,1,0,1070
2018-06-30,2,22.2,88,1.0,295,20.1,0.0,0.0,0.0,0,1,6,5,0,0,1,0,859
2018-06-30,3,21.9,88,0.9,274,19.8,0.0,0.0,0.0,0,1,6,5,0,0,1,0,625
2018-06-30,4,21.7,93,0.1,244,20.5,0.0,0.0,0.0,0,1,6,5,0,0,1,0,382
2018-06-30,5,21.7,88,0.6,289,19.6,0.0,0.0,0.0,0,1,6,5,0,0,1,0,247
2018-06-30,6,22.1,85,0.5,303,19.4,0.01,0.1,0.0,0,1,6,5,0,0,1,0,310
2018-06-30,7,22.5,86,0.6,299,20.0,0.07,0.0,0.0,0,1,6,5,0,0,1,0,468
2018-06-30,8,23.4,81,0.5,313,19.9,0.37,0.0,0.0,0,1,6,5,0,0,1,0,825
2018-06-30,9,24.2,81,0.9,295,20.7,0.53,0.0,0.0,0,1,6,5,0,0,1,0,862
2018-06-30,10,25.1,73,0.9,358,19.9,0.66,0.0,0.0,0,1,6,5,0,0,1,0,933
2018-06-30,11,26.4,71,1.0,430,20.7,1.36,0.0,0.0,0,1,6,5,0,0,1,0,871
2018-06-30,12,25.2,94,2.8,166,24.1,0.39,6.4,0.0,0,1,6,5,0,0,1,0,858
2018-06-30,13,25.6,87,1.7,390,23.2,0.71,3.5,0.0,0,1,6,5,0,0,1,0,1144
2018-06-30,14,27.5,69,0.5,736,21.2,1.84,0.0,0.0,0,1,6,5,0,0,1,0,1235
2018-06-30,15,27.8,71,0.9,733,22.0,0.93,0.0,0.0,0,1,6,5,0,0,1,0,1311
2018-06-30,16,27.9,69,0.5,880,21.6,0.61,0.0,0.0,0,1,6,5,0,0,1,0,1317
2018-06-30,17,27.4,75,2.3,616,22.5,0.46,0.0,0.0,0,1,6,5,0,0,1,0,1291
2018-06-30,18,27.5,79,0.5,1237,23.5,0.65,0.5,0.0,0,1,6,5,0,0,1,0,306
2018-06-30,19,24.3,95,0.5,958,23.4,0.11,4.0,0.0,0,1,6,5,0,0,1,0,481
2018-06-30,20,24.2,88,0.8,1276,22.0,0.06,0.0,0.0,0,1,6,5,0,0,1,0,778
2018-06-30,21,23.9,84,0.7,1552,21.0,0.0,0.0,0.0,0,1,6,5,0,0,1,0,1005
2018-06-30,22,23.4,88,0.9,1153,21.2,0.0,0.0,0.0,0,1,6,5,0,0,1,0,1107
2018-06-30,23,22.9,92,0.6,989,21.5,0.0,0.0,0.0,0,1,6,5,0,0,1,0,919
2018-07-01,0,22.6,88,0.2,1259,20.5,0.0,0.0,0.0,0,1,7,6,0,0,1,0,865
2018-07-01,1,22.7,87,0.5,1072,20.4,0.0,0.0,0.0,0,1,7,6,0,0,1,0,740
2018-07-01,2,22.7,87,0.5,1187,20.4,0.0,0.0,0.0,0,1,7,6,0,0,1,0,586
2018-07-01,3,22.7,86,0.7,1455,20.2,0.0,0.0,0.0,0,1,7,6,0,0,1,0,368
2018-07-01,4,22.7,85,0.7,1547,20.0,0.0,0.0,0.0,0,1,7,6,0,0,1,0,211
2018-07-01,5,22.6,86,0.5,1076,20.1,0.0,0.1,0.0,0,1,7,6,0,0,1,0,54
2018-07-01,6,22.3,93,0.6,1262,21.1,0.01,0.4,0.0,0,1,7,6,0,0,1,0,60
2018-07-01,7,22.1,89,0.5,1617,20.1,0.08,0.5,0.0,0,1,7,6,0,0,1,0,25
2018-07-01,8,22.1,93,0.5,805,20.9,0.14,1.0,0.0,0,1,7,6,0,0,1,0,20
2018-07-01,9,22.1,94,0.9,624,21.0,0.22,1.5,0.0,0,1,7,6,0,0,1,0,9
2018-07-01,10,21.6,97,0.5,266,21.0,0.13,12.0,0.0,0,1,7,6,0,0,1,0,13
2018-07-01,11,21.2,97,1.2,105,20.6,0.15,18.5,0.0,0,1,7,6,0,0,1,0,11
2018-07-01,12,21.1,97,1.2,653,20.5,0.17,7.5,0.0,0,1,7,6,0,0,1,0,9
2018-07-01,13,21.2,97,1.1,760,20.6,0.2,3.5,0.0,0,1,7,6,0,0,1,0,30
2018-07-01,14,21.5,97,0.7,1522,20.9,0.29,1.0,0.0,0,1,7,6,0,0,1,0,14
2018-07-01,15,21.8,97,0.7,324,21.2,0.14,5.5,0.0,0,1,7,6,0,0,1,0,51
2018-07-01,16,22.2,97,1.1,1745,21.6,0.25,1.0,0.0,0,1,7,6,0,0,1,0,41
2018-07-01,17,22.4,96,0.4,1661,21.7,0.21,1.5,0.0,0,1,7,6,0,0,1,0,25
2018-07-01,18,22.2,96,1.2,673,21.5,0.09,3.5,0.0,0,1,7,6,0,0,1,0,17
2018-07-01,19,21.9,96,1.2,509,21.2,0.01,5.5,0.0,0,1,7,6,0,0,1,0,18
2018-07-01,20,21.9,97,1.1,534,21.3,0.0,6.0,0.0,0,1,7,6,0,0,1,0,16
2018-07-01,21,21.8,97,0.6,692,21.2,0.0,3.5,0.0,0,1,7,6,0,0,1,0,17
2018-07-01,22,21.7,97,0.7,540,21.1,0.0,3.5,0.0,0,1,7,6,0,0,1,0,16
2018-07-01,23,21.5,97,1.5,523,20.9,0.0,5.0,0.0,0,1,7,6,0,0,1,0,15
2018-07-02,0,21.4,97,0.6,680,20.8,0.0,2.5,0.0,0,1,7,0,0,0,1,0,26
2018-07-02,1,21.3,97,1.0,1451,20.7,0.0,3.0,0.0,0,1,7,0,0,0,1,0,28
2018-07-02,2,21.2,97,0.8,1018,20.6,0.0,2.0,0.0,0,1,7,0,0,0,1,0,17
2018-07-02,3,21.1,96,2.4,866,20.4,0.0,4.5,0.0,0,1,7,0,0,0,1,0,23
2018-07-02,4,20.8,97,1.0,2000,20.3,0.0,4.0,0.0,0,1,7,0,0,0,1,0,58
2018-07-02,5,20.7,97,0.3,2000,20.2,0.0,0.5,0.0,0,1,7,0,0,0,1,0,28
2018-07-02,6,20.7,97,0.3,1262,20.2,0.0,1.0,0.0,0,1,7,0,0,0,1,0,40
2018-07-02,7,20.7,97,0.4,1801,20.2,0.0,0.5,0.0,0,1,7,0,0,0,1,0,126
2018-07-02,8,20.8,96,0.4,1627,20.1,0.11,1.5,0.0,0,1,7,0,0,0,1,0,104
2018-07-02,9,21.0,97,1.3,825,20.4,0.14,3.0,0.0,0,1,7,0,0,0,1,0,128
2018-07-02,10,21.4,97,0.6,563,20.8,0.27,1.0,0.0,0,1,7,0,0,0,1,0,27
2018-07-02,11,21.7,97,0.5,591,21.1,0.25,8.0,0.0,0,1,7,0,0,0,1,0,153
2018-07-02,12,22.4,97,1.0,945,21.8,0.46,0.0,0.0,0,1,7,0,0,0,1,0,218
2018-07-02,13,22.6,97,0.6,367,22.0,0.3,0.5,0.0,0,1,7,0,0,0,1,0,304
2018-07-02,14,23.3,96,0.3,434,22.6,0.53,0.0,0.0,0,1,7,0,0,0,1,0,381
2018-07-02,15,24.2,93,1.0,590,22.9,0.78,0.0,0.0,0,1,7,0,0,0,1,0,619
2018-07-02,16,25.2,87,0.9,601,22.8,0.88,0.0,0.0,0,1,7,0,0,0,1,0,839
2018-07-02,17,25.3,87,0.6,751,22.9,0.49,0.0,0.0,0,1,7,0,0,0,1,0,861
2018-07-02,18,24.9,87,1.9,1742,22.5,0.25,0.0,0.0,0,1,7,0,0,0,1,0,832
2018-07-02,19,24.1,93,2.1,1118,22.8,0.23,1.5,0.0,0,1,7,0,0,0,1,0,44
2018-07-02,20,23.5,97,0.1,1814,22.9,0.04,24.0,0.0,0,1,7,0,0,0,1,0,61
2018-07-02,21,23.4,98,0.4,1038,23.0,0.0,1.0,0.0,0,1,7,0,0,0,1,0,72
2018-07-02,22,23.4,98,0.3,585,23.0,0.0,2.5,0.0,0,1,7,0,0,0,1,0,83
2018-07-02,23,23.4,98,0.3,662,23.0,0.0,0.5,0.0,0,1,7,0,0,0,1,0,168
2018-07-03,0,23.2,98,0.2,927,22.8,0.0,0.5,0.0,0,1,7,1,0,0,1,0,349
2018-07-03,1,23.1,98,0.0,958,22.7,0.0,0.0,0.0,0,1,7,1,0,0,1,0,407
2018-07-03,2,23.0,98,0.1,1026,22.6,0.0,0.0,0.0,0,1,7,1,0,0,1,0,354
2018-07-03,3,22.8,98,0.0,1734,22.4,0.0,0.0,0.0,0,1,7,1,0,0,1,0,233
2018-07-03,4,22.7,97,0.2,1808,22.1,0.0,0.0,0.0,0,1,7,1,0,0,1,0,149
2018-07-03,5,22.6,97,0.0,1383,22.0,0.0,0.0,0.0,0,1,7,1,0,0,1,0,224
2018-07-03,6,22.6,95,0.1,1937,21.7,0.05,0.0,0.0,0,1,7,1,0,0,1,0,600
2018-07-03,7,23.5,86,0.2,1908,21.0,0.38,0.0,0.0,0,1,7,1,0,0,1,0,1308
2018-07-03,8,24.3,83,0.5,1986,21.2,0.53,0.0,0.0,0,1,7,1,0,0,1,0,2135
2018-07-03,9,25.7,76,0.8,1920,21.1,1.11,0.0,0.0,0,1,7,1,0,0,1,0,1156
2018-07-03,10,27.6,71,1.6,1870,21.8,2.14,0.0,0.0,0,1,7,1,0,0,1,0,818
2018-07-03,11,29.2,66,1.4,1953,22.1,2.72,0.0,0.0,0,1,7,1,0,0,1,0,906
2018-07-03,12,30.1,64,1.2,2000,22.5,2.54,0.0,0.0,0,1,7,1,0,0,1,0,944
2018-07-03,13,31.2,54,1.3,1961,20.7,3.11,0.0,0.0,0,1,7,1,0,0,1,0,994
2018-07-03,14,31.0,56,1.5,2000,21.1,1.47,0.0,0.0,0,1,7,1,0,0,1,0,1001
2018-07-03,15,32.0,54,1.2,1962,21.5,2.99,0.0,0.0,0,1,7,1,0,0,1,0,1069
2018-07-03,16,31.3,52,1.2,2000,20.2,1.63,0.0,0.0,0,1,7,1,0,0,1,0,1325
2018-07-03,17,32.4,50,2.2,2000,20.6,1.92,0.0,0.0,0,1,7,1,0,0,1,0,1783
2018-07-03,18,32.2,57,1.8,1880,22.5,1.53,0.0,0.0,0,1,7,1,0,0,1,0,2965
2018-07-03,19,30.4,62,0.9,2000,22.2,0.65,0.1,0.0,0,1,7,1,0,0,1,0,2598
2018-07-03,20,28.8,72,0.9,2000,23.2,0.11,0.0,0.0,0,1,7,1,0,0,1,0,2398
2018-07-03,21,27.8,72,0.6,2000,22.2,0.0,0.0,0.0,0,1,7,1,0,0,1,0,2264
2018-07-03,22,26.9,78,0.6,1806,22.7,0.0,0.0,0.0,0,1,7,1,0,0,1,0,1948
2018-07-03,23,26.4,78,0.3,2000,22.2,0.0,0.0,0.0,0,1,7,1,0,0,1,0,1365
2018-07-04,0,25.9,79,0.3,2000,21.9,0.0,0.0,0.0,0,1,7,2,0,0,1,0,971
2018-07-04,1,25.4,79,1.0,2000,21.4,0.0,0.0,0.0,0,1,7,2,0,0,1,0,796
2018-07-04,2,25.1,82,0.2,2000,21.8,0.0,0.0,0.0,0,1,7,2,0,0,1,0,555
2018-07-04,3,24.9,83,0.2,1857,21.8,0.0,0.0,0.0,0,1,7,2,0,0,1,0,372
2018-07-04,4,24.7,82,0.3,2000,21.4,0.0,0.0,0.0,0,1,7,2,0,0,1,0,234
2018-07-04,5,24.2,86,0.2,2000,21.7,0.0,0.0,0.0,0,1,7,2,0,0,1,0,316
2018-07-04,6,24.0,84,0.1,1969,21.1,0.05,0.0,0.0,0,1,7,2,0,0,1,0,747
2018-07-04,7,24.6,78,0.5,2000,20.5,0.33,0.0,0.0,0,1,7,2,0,0,1,0,1450
2018-07-04,8,26.4,64,0.5,1909,19.0,1.33,0.0,0.0,0,1,7,2,0,0,1,0,2215
2018-07-04,9,27.4,68,0.5,1941,20.9,1.31,0.0,0.0,0,1,7,2,0,0,1,0,1191
2018-07-04,10,28.5,65,1.5,1519,21.2,1.74,0.0,0.0,0,1,7,2,0,0,1,0,831
2018-07-04,11,30.0,60,2.3,1861,21.3,2.61,0.0,0.0,0,1,7,2,0,0,1,0,941
2018-07-04,12,30.5,58,2.5,1741,21.2,2.26,0.0,0.0,0,1,7,2,0,0,1,0,1021
2018-07-04,13,31.0,60,2.6,1657,22.3,2.75,0.0,0.0,0,1,7,2,0,0,1,0,1007
2018-07-04,14,31.3,58,3.0,1479,22.0,2.46,0.0,0.0,0,1,7,2,0,0,1,0,1005
2018-07-04,15,31.1,57,3.7,1912,21.5,2.03,0.0,0.0,0,1,7,2,0,0,1,0,1038
2018-07-04,16,31.6,57,2.7,1882,22.0,2.19,0.0,0.0,0,1,7,2,0,0,1,0,1306
2018-07-04,17,31.2,56,3.4,1943,21.3,1.82,0.0,0.0,0,1,7,2,0,0,1,0,1856
2018-07-04,18,30.0,60,2.5,1933,21.3,0.99,0.0,0.0,0,1,7,2,0,0,1,0,3080
2018-07-04,19,28.2,64,2.8,1978,20.7,0.5,0.0,0.0,0,1,7,2,0,0,1,0,2637
2018-07-04,20,27.1,67,2.9,1949,20.4,0.06,0.0,0.0,0,1,7,2,0,0,1,0,2415
2018-07-04,21,26.2,70,2.2,1908,20.2,0.0,0.0,0.0,0,1,7,2,0,0,1,0,2274
2018-07-04,22,25.1,73,2.5,1808,19.9,0.0,0.0,0.0,0,1,7,2,0,0,1,0,2091
2018-07-04,23,24.7,74,1.4,1596,19.7,0.0,0.0,0.0,0,1,7,2,0,0,1,0,1432
2018-07-05,0,24.2,77,1.8,1365,19.9,0.0,0.0,0.0,0,1,7,3,0,0,1,0,1078
2018-07-05,1,23.9,79,1.7,1121,20.0,0.0,0.0,0.0,0,1,7,3,0,0,1,0,846
2018-07-05,2,23.6,80,1.5,879,19.9,0.0,0.0,0.0,0,1,7,3,0,0,1,0,568
2018-07-05,3,23.5,81,0.9,878,20.0,0.0,0.0,0.0,0,1,7,3,0,0,1,0,376
2018-07-05,4,23.5,80,0.4,924,19.8,0.0,0.0,0.0,0,1,7,3,0,0,1,0,267
2018-07-05,5,23.5,80,0.3,838,19.8,0.0,0.0,0.0,0,1,7,3,0,0,1,0,326
2018-07-05,6,23.5,80,0.3,768,19.8,0.0,0.0,0.0,0,1,7,3,0,0,1,0,438
2018-07-05,7,23.5,90,0.5,445,21.7,0.05,0.5,0.0,0,1,7,3,0,0,1,0,828
2018-07-05,8,23.6,93,0.9,308,22.3,0.21,0.0,0.0,0,1,7,3,0,0,1,0,1836
2018-07-05,9,24.2,84,0.9,632,21.3,0.49,0.0,0.0,0,1,7,3,0,0,1,0,1112
2018-07-05,10,25.6,75,1.1,1028,20.8,1.22,0.0,0.0,0,1,7,3,0,0,1,0,827
2018-07-05,11,26.3,71,1.1,1340,20.6,0.86,0.0,0.0,0,1,7,3,0,0,1,0,890
2018-07-05,12,27.0,68,1.1,1744,20.5,1.2,0.0,0.0,0,1,7,3,0,0,1,0,996
2018-07-05,13,28.1,67,1.1,1772,21.3,1.43,0.0,0.0,0,1,7,3,0,0,1,0,929
2018-07-05,14,28.3,67,3.0,1242,21.5,1.73,0.0,0.0,0,1,7,3,0,0,1,0,933
2018-07-05,15,28.8,66,0.9,1806,21.8,1.55,0.0,0.0,0,1,7,3,0,0,1,0,1011
2018-07-05,16,28.2,71,1.7,2000,22.4,0.96,0.0,0.0,0,1,7,3,0,0,1,0,1105
2018-07-05,17,27.3,76,0.9,1971,22.6,0.52,0.0,0.0,0,1,7,3,0,0,1,0,1381
2018-07-05,18,26.8,71,1.2,2000,21.0,0.21,0.0,0.0,0,1,7,3,0,0,1,0,2594
2018-07-05,19,26.7,69,1.4,2000,20.5,0.36,0.0,0.0,0,1,7,3,0,0,1,0,2309
2018-07-05,20,25.8,68,1.4,2000,19.4,0.09,0.0,0.0,0,1,7,3,0,0,1,0,2122
2018-07-05,21,25.2,67,1.5,2000,18.6,0.0,0.0,0.0,0,1,7,3,0,0,1,0,2063
2018-07-05,22,24.4,67,1.6,2000,17.8,0.0,0.0,0.0,0,1,7,3,0,0,1,0,1941
2018-07-05,23,23.9,66,1.5,2000,17.1,0.0,0.0,0.0,0,1,7,3,0,0,1,0,1406
2018-07-06,0,23.5,65,1.9,2000,16.5,0.0,0.0,0.0,0,1,7,4,0,0,1,0,1075
2018-07-06,1,23.1,66,1.6,2000,16.3,0.0,0.0,0.0,0,1,7,4,0,0,1,0,839
2018-07-06,2,22.8,65,1.8,2000,15.8,0.0,0.0,0.0,0,1,7,4,0,0,1,0,558
2018-07-06,3,22.6,66,1.5,2000,15.9,0.0,0.0,0.0,0,1,7,4,0,0,1,0,403
2018-07-06,4,22.6,66,0.9,2000,15.9,0.0,0.0,0.0,0,1,7,4,0,0,1,0,273
2018-07-06,5,22.5,66,1.5,2000,15.8,0.0,0.0,0.0,0,1,7,4,0,0,1,0,311
2018-07-06,6,22.4,65,1.6,2000,15.4,0.01,0.0,0.0,0,1,7,4,0,0,1,0,723
2018-07-06,7,22.6,63,1.3,2000,15.1,0.21,0.0,0.0,0,1,7,4,0,0,1,0,1449
2018-07-06,8,23.2,60,1.7,2000,14.9,0.58,0.0,0.0,0,1,7,4,0,0,1,0,2273
2018-07-06,9,23.3,61,1.7,2000,15.3,0.8,0.0,0.0,0,1,7,4,0,0,1,0,1318
2018-07-06,10,23.7,59,1.7,2000,15.2,0.89,0.0,0.0,0,1,7,4,0,0,1,0,998
2018-07-06,11,23.9,59,2.1,2000,15.3,1.08,0.0,0.0,0,1,7,4,0,0,1,0,1024
2018-07-06,12,25.7,57,1.9,2000,16.5,2.32,0.0,0.0,0,1,7,4,0,0,1,0,1216
2018-07-06,13,26.2,53,2.1,2000,15.8,2.23,0.0,0.0,0,1,7,4,0,0,1,0,1210
2018-07-06,14,27.0,52,2.1,2000,16.2,2.51,0.0,0.0,0,1,7,4,0,0,1,0,1209
2018-07-06,15,26.9,51,2.0,2000,15.9,1.95,0.0,0.0,0,1,7,4,0,0,1,0,1346
2018-07-06,16,26.6,54,2.3,2000,16.5,1.24,0.0,0.0,0,1,7,4,0,0,1,0,1635
2018-07-06,17,26.6,52,2.2,2000,15.9,1.02,0.0,0.0,0,1,7,4,0,0,1,0,2282
2018-07-06,18,25.9,52,2.1,2000,15.2,0.57,0.0,0.0,0,1,7,4,0,0,1,0,3196
2018-07-06,19,25.0,52,2.2,2000,14.4,0.37,0.0,0.0,0,1,7,4,0,0,1,0,2557
2018-07-06,20,23.8,55,2.3,2000,14.2,0.05,0.0,0.0,0,1,7,4,0,0,1,0,2223
2018-07-06,21,23.1,54,2.1,2000,13.2,0.0,0.0,0.0,0,1,7,4,0,0,1,0,2183
2018-07-06,22,22.5,54,2.1,2000,12.7,0.0,0.0,0.0,0,1,7,4,0,0,1,0,1917
2018-07-06,23,22.0,55,1.7,2000,12.5,0.0,0.0,0.0,0,1,7,4,0,0,1,0,1458
2018-07-07,0,21.5,56,1.8,2000,12.3,0.0,0.0,0.0,0,1,7,5,0,0,1,0,1191
2018-07-07,1,21.1,57,2.0,2000,12.2,0.0,0.0,0.0,0,1,7,5,0,0,1,0,1079
2018-07-07,2,20.7,58,1.5,2000,12.1,0.0,0.0,0.0,0,1,7,5,0,0,1,0,760
2018-07-07,3,20.4,59,1.0,2000,12.1,0.0,0.0,0.0,0,1,7,5,0,0,1,0,545
2018-07-07,4,20.0,63,1.8,2000,12.7,0.0,0.0,0.0,0,1,7,5,0,0,1,0,331
2018-07-07,5,19.8,63,1.4,2000,12.5,0.0,0.0,0.0,0,1,7,5,0,0,1,0,273
2018-07-07,6,19.5,61,1.5,2000,11.7,0.03,0.0,0.0,0,1,7,5,0,0,1,0,396
2018-07-07,7,19.6,57,1.6,2000,10.8,0.42,0.0,0.0,0,1,7,5,0,0,1,0,567
2018-07-07,8,21.2,52,1.6,1998,10.9,1.2,0.0,0.0,0,1,7,5,0,0,1,0,832
2018-07-07,9,22.6,51,1.7,2000,11.9,1.87,0.0,0.0,0,1,7,5,0,0,1,0,1009
2018-07-07,10,24.0,49,1.7,2000,12.6,2.48,0.0,0.0,0,1,7,5,0,0,1,0,1050
2018-07-07,11,25.0,48,1.5,1986,13.2,2.95,0.0,0.0,0,1,7,5,0,0,1,0,1129
2018-07-07,12,26.4,47,1.7,2000,14.1,3.26,0.0,0.0,0,1,7,5,0,0,1,0,1328
2018-07-07,13,27.5,43,2.0,2000,13.7,3.41,0.0,0.0,0,1,7,5,0,0,1,0,1399
2018-07-07,14,28.3,43,1.6,1941,14.5,3.33,0.0,0.0,0,1,7,5,0,0,1,0,1430
2018-07-07,15,28.7,42,1.3,2000,14.5,2.98,0.0,0.0,0,1,7,5,0,0,1,0,1579
2018-07-07,16,28.9,44,1.6,1998,15.4,2.2,0.0,0.0,0,1,7,5,0,0,1,0,1764
2018-07-07,17,28.9,45,1.4,2000,15.7,1.89,0.0,0.0,0,1,7,5,0,0,1,0,2020
2018-07-07,18,27.8,48,1.2,2000,15.7,0.91,0.0,0.0,0,1,7,5,0,0,1,0,2238
2018-07-07,19,26.1,51,1.4,2000,15.1,0.32,0.0,0.0,0,1,7,5,0,0,1,0,2352
2018-07-07,20,24.6,51,1.7,2000,13.7,0.07,0.0,0.0,0,1,7,5,0,0,1,0,2232
2018-07-07,21,23.4,52,1.4,2000,12.9,0.0,0.0,0.0,0,1,7,5,0,0,1,0,2235
2018-07-07,22,22.6,51,1.7,2000,11.9,0.0,0.0,0.0,0,1,7,5,0,0,1,0,1921
2018-07-07,23,21.7,51,1.7,2000,11.1,0.0,0.0,0.0,0,1,7,5,0,0,1,0,1416
2018-07-08,0,20.7,51,1.7,2000,10.1,0.0,0.0,0.0,0,1,7,6,0,0,1,0,1208
2018-07-08,1,19.9,52,1.6,2000,9.7,0.0,0.0,0.0,0,1,7,6,0,0,1,0,946
2018-07-08,2,19.3,54,1.4,2000,9.7,0.0,0.0,0.0,0,1,7,6,0,0,1,0,648
2018-07-08,3,18.8,56,1.2,2000,9.8,0.0,0.0,0.0,0,1,7,6,0,0,1,0,460
2018-07-08,4,18.4,57,1.1,2000,9.7,0.0,0.0,0.0,0,1,7,6,0,0,1,0,277
2018-07-08,5,18.1,57,1.4,2000,9.4,0.0,0.0,0.0,0,1,7,6,0,0,1,0,253
2018-07-08,6,17.8,58,1.1,2000,9.4,0.04,0.0,0.0,0,1,7,6,0,0,1,0,267
2018-07-08,7,18.2,54,1.2,2000,8.7,0.42,0.0,0.0,0,1,7,6,0,0,1,0,410
2018-07-08,8,19.1,53,1.7,1952,9.2,0.8,0.0,0.0,0,1,7,6,0,0,1,0,684
2018-07-08,9,20.8,51,1.5,1973,10.2,1.65,0.0,0.0,0,1,7,6,0,0,1,0,787
2018-07-08,10,22.5,48,1.6,1940,10.9,2.33,0.0,0.0,0,1,7,6,0,0,1,0,867
2018-07-08,11,23.8,47,2.1,2000,11.8,2.59,0.0,0.0,0,1,7,6,0,0,1,0,1053
2018-07-08,12,25.0,46,1.9,1943,12.5,2.93,0.0,0.0,0,1,7,6,0,0,1,0,1237
2018-07-08,13,26.1,45,1.8,2000,13.2,3.33,0.0,0.0,0,1,7,6,0,0,1,0,1442
2018-07-08,14,27.1,41,1.4,1941,12.7,3.24,0.0,0.0,0,1,7,6,0,0,1,0,1517
2018-07-08,15,27.6,37,1.9,2000,11.5,2.58,0.0,0.0,0,1,7,6,0,0,1,0,1693
2018-07-08,16,27.9,39,1.2,2000,12.6,2.16,0.0,0.0,0,1,7,6,0,0,1,0,2070
2018-07-08,17,27.4,44,1.7,2000,14.0,1.17,0.0,0.0,0,1,7,6,0,0,1,0,2266
2018-07-08,18,26.7,48,1.0,2000,14.7,0.53,0.0,0.0,0,1,7,6,0,0,1,0,2351
2018-07-08,19,26.3,51,1.7,2000,15.3,0.18,0.0,0.0,0,1,7,6,0,0,1,0,2272
2018-07-08,20,25.7,53,1.3,2000,15.3,0.03,0.0,0.0,0,1,7,6,0,0,1,0,2348
2018-07-08,21,25.3,55,1.4,2000,15.6,0.0,0.0,0.0,0,1,7,6,0,0,1,0,2055
2018-07-08,22,25.0,57,1.0,2000,15.8,0.0,0.0,0.0,0,1,7,6,0,0,1,0,1717
2018-07-08,23,24.6,60,2.6,2000,16.3,0.0,0.0,0.0,0,1,7,6,0,0,1,0,1252
2018-07-09,0,24.2,61,1.7,2000,16.1,0.0,0.0,0.0,0,1,7,0,0,0,1,0,900
2018-07-09,1,23.7,64,0.8,2000,16.4,0.0,0.0,0.0,0,1,7,0,0,0,1,0,554
2018-07-09,2,22.7,63,0.9,2000,15.2,0.0,0.0,0.0,0,1,7,0,0,0,1,0,387
2018-07-09,3,21.9,63,1.3,2000,14.5,0.0,0.0,0.0,0,1,7,0,0,0,1,0,285
2018-07-09,4,21.4,63,1.5,2000,14.0,0.0,0.0,0.0,0,1,7,0,0,0,1,0,206
2018-07-09,5,21.1,64,1.5,2000,14.0,0.0,0.0,0.0,0,1,7,0,0,0,1,0,301
2018-07-09,6,21.0,64,1.0,2000,13.9,0.03,0.0,0.0,0,1,7,0,0,0,1,0,486
2018-07-09,7,20.9,66,1.4,2000,14.3,0.1,0.0,0.0,0,1,7,0,0,0,1,0,451
2018-07-09,8,20.7,73,0.8,2000,15.6,0.3,0.2,0.0,0,1,7,0,0,0,1,0,670
2018-07-09,9,21.1,72,1.0,1982,15.8,0.52,0.0,0.0,0,1,7,0,0,0,1,0,575
2018-07-09,10,21.1,73,1.2,1957,16.0,0.4,0.0,0.0,0,1,7,0,0,0,1,0,217
2018-07-09,11,20.6,82,1.0,2000,17.4,0.29,0.3,0.0,0,1,7,0,0,0,1,0,186
2018-07-09,12,20.7,83,0.6,1244,17.7,0.32,0.0,0.0,0,1,7,0,0,0,1,0,71
2018-07-09,13,20.3,87,1.0,771,18.0,0.31,0.5,0.0,0,1,7,0,0,0,1,0,99
2018-07-09,14,20.2,89,1.0,1854,18.3,0.27,0.5,0.0,0,1,7,0,0,0,1,0,110
2018-07-09,15,20.3,90,0.9,1356,18.5,0.34,0.0,0.0,0,1,7,0,0,0,1,0,59
2018-07-09,16,20.2,91,1.2,1637,18.6,0.42,1.0,0.0,0,1,7,0,0,0,1,0,68
2018-07-09,17,20.3,93,1.4,1684,19.1,0.32,1.0,0.0,0,1,7,0,0,0,1,0,104
2018-07-09,18,20.3,93,1.3,1832,19.1,0.22,0.5,0.0,0,1,7,0,0,0,1,0,140
2018-07-09,19,20.4,94,1.1,1769,19.3,0.14,0.5,0.0,0,1,7,0,0,0,1,0,68
2018-07-09,20,20.3,95,0.8,1372,19.4,0.02,1.0,0.0,0,1,7,0,0,0,1,0,48
2018-07-09,21,20.3,96,1.0,1007,19.6,0.0,1.5,0.0,0,1,7,0,0,0,1,0,95
2018-07-09,22,20.4,96,1.1,1641,19.7,0.0,0.5,0.0,0,1,7,0,0,0,1,0,71
2018-07-09,23,20.4,96,0.6,1137,19.7,0.0,1.0,0.0,0,1,7,0,0,0,1,0,40
2018-07-10,0,20.4,97,0.3,183,19.9,0.0,5.5,0.0,0,1,7,1,0,0,1,0,29
2018-07-10,1,20.4,97,0.3,193,19.9,0.0,8.5,0.0,0,1,7,1,0,0,1,0,39
2018-07-10,2,20.5,98,0.5,596,20.1,0.0,6.5,0.0,0,1,7,1,0,0,1,0,84
2018-07-10,3,20.6,98,0.8,1986,20.2,0.0,0.5,0.0,0,1,7,1,0,0,1,0,136
2018-07-10,4,20.6,97,0.5,1989,20.1,0.0,0.0,0.0,0,1,7,1,0,0,1,0,133
2018-07-10,5,20.6,97,0.6,2000,20.1,0.0,0.0,0.0,0,1,7,1,0,0,1,0,174
2018-07-10,6,20.7,97,0.9,2000,20.2,0.02,0.0,0.0,0,1,7,1,0,0,1,0,534
2018-07-10,7,21.1,95,0.4,2000,20.2,0.14,0.0,0.0,0,1,7,1,0,0,1,0,1209
2018-07-10,8,21.7,89,0.5,2000,19.8,0.31,0.0,0.0,0,1,7,1,0,0,1,0,2017
2018-07-10,9,22.3,86,1.0,2000,19.8,0.42,0.0,0.0,0,1,7,1,0,0,1,0,1061
2018-07-10,10,22.6,85,0.9,1996,19.9,0.38,0.0,0.0,0,1,7,1,0,0,1,0,768
2018-07-10,11,23.2,82,1.1,1991,19.9,0.47,0.0,0.0,0,1,7,1,0,0,1,0,909
2018-07-10,12,24.1,80,0.8,2000,20.4,0.72,0.0,0.0,0,1,7,1,0,0,1,0,1035
2018-07-10,13,25.2,77,1.2,1951,20.8,1.06,0.0,0.0,0,1,7,1,0,0,1,0,1074
2018-07-10,14,25.5,77,0.8,1957,21.1,0.75,0.0,0.0,0,1,7,1,0,0,1,0,1142
2018-07-10,15,25.7,77,0.5,1875,21.3,0.48,0.0,0.0,0,1,7,1,0,0,1,0,1169
2018-07-10,16,26.3,74,0.7,1580,21.2,0.52,0.0,0.0,0,1,7,1,0,0,1,0,1462
2018-07-10,17,26.5,76,1.0,1400,21.9,0.36,0.0,0.0,0,1,7,1,0,0,1,0,1603
2018-07-10,18,26.2,82,0.4,1408,22.8,0.21,0.0,0.0,0,1,7,1,0,0,1,0,1665
2018-07-10,19,25.7,83,1.1,1011,22.5,0.08,0.5,0.0,0,1,7,1,0,0,1,0,794
2018-07-10,20,25.3,89,0.3,745,23.3,0.0,0.0,0.0,0,1,7,1,0,0,1,0,908
2018-07-10,21,25.1,86,0.3,870,22.5,0.0,0.0,0.0,0,1,7,1,0,0,1,0,1352
2018-07-10,22,25.0,86,0.5,796,22.4,0.0,0.0,0.0,0,1,7,1,0,0,1,0,971
2018-07-10,23,24.9,87,0.5,658,22.5,0.0,0.0,0.0,0,1,7,1,0,0,1,0,373
2018-07-11,0,24.6,96,0.7,308,23.9,0.0,0.5,0.0,0,1,7,2,0,0,1,0,240
2018-07-11,1,24.6,96,0.5,443,23.9,0.0,0.5,0.0,0,1,7,2,0,0,1,0,240
2018-07-11,2,24.5,96,0.5,476,23.8,0.0,0.0,0.0,0,1,7,2,0,0,1,0,236
2018-07-11,3,24.5,97,0.8,263,23.9,0.0,0.5,0.0,0,1,7,2,0,0,1,0,157
2018-07-11,4,24.5,97,1.0,317,23.9,0.0,0.0,0.0,0,1,7,2,0,0,1,0,71
2018-07-11,5,24.5,97,0.5,229,23.9,0.0,0.5,0.0,0,1,7,2,0,0,1,0,76
2018-07-11,6,24.5,97,0.1,290,23.9,0.0,0.5,0.0,0,1,7,2,0,0,1,0,187
2018-07-11,7,24.6,97,0.3,180,24.0,0.07,0.5,0.0,0,1,7,2,0,0,1,0,303
2018-07-11,8,25.1,97,0.8,490,24.5,0.26,0.0,0.0,0,1,7,2,0,0,1,0,827
2018-07-11,9,25.6,96,0.6,450,24.9,0.41,0.0,0.0,0,1,7,2,0,0,1,0,634
2018-07-11,10,26.3,91,0.6,749,24.7,0.63,0.5,0.0,0,1,7,2,0,0,1,0,581
2018-07-11,11,27.2,82,0.9,1093,23.8,0.93,0.0,0.0,0,1,7,2,0,0,1,0,792
2018-07-11,12,28.1,73,2.1,1326,22.7,0.87,0.0,0.0,0,1,7,2,0,0,1,0,964
2018-07-11,13,28.7,69,2.6,1546,22.4,1.02,0.0,0.0,0,1,7,2,0,0,1,0,991
2018-07-11,14,29.2,67,2.8,1725,22.4,1.13,0.0,0.0,0,1,7,2,0,0,1,0,1052
2018-07-11,15,29.4,68,2.3,1525,22.8,1.29,0.0,0.0,0,1,7,2,0,0,1,0,1106
2018-07-11,16,28.7,70,3.2,1586,22.6,0.73,0.0,0.0,0,1,7,2,0,0,1,0,1344
2018-07-11,17,28.7,71,2.9,1666,22.9,0.71,0.0,0.0,0,1,7,2,0,0,1,0,1923
2018-07-11,18,28.4,75,2.4,1564,23.5,0.52,0.0,0.0,0,1,7,2,0,0,1,0,2931
2018-07-11,19,28.2,72,1.6,1745,22.6,0.13,0.0,0.0,0,1,7,2,0,0,1,0,2328
2018-07-11,20,27.7,76,1.8,1727,23.0,0.04,0.0,0.0,0,1,7,2,0,0,1,0,2048
2018-07-11,21,27.3,78,1.2,1606,23.1,0.0,0.0,0.0,0,1,7,2,0,0,1,0,1936
2018-07-11,22,27.1,79,1.2,1578,23.1,0.0,0.0,0.0,0,1,7,2,0,0,1,0,1870
2018-07-11,23,26.9,79,0.1,1541,22.9,0.0,0.0,0.0,0,1,7,2,0,0,1,0,1298
2018-07-12,0,26.7,79,0.9,1590,22.7,0.0,0.0,0.0,0,1,7,3,0,0,1,0,938
2018-07-12,1,26.6,80,0.0,1485,22.8,0.0,0.0,0.0,0,1,7,3,0,0,1,0,787
2018-07-12,2,26.3,84,0.3,1361,23.3,0.0,0.0,0.0,0,1,7,3,0,0,1,0,517
2018-07-12,3,26.2,83,0.3,1294,23.0,0.0,0.0,0.0,0,1,7,3,0,0,1,0,322
2018-07-12,4,26.1,85,0.6,1081,23.3,0.0,0.0,0.0,0,1,7,3,0,0,1,0,159
2018-07-12,5,25.9,91,0.4,872,24.3,0.0,0.5,0.0,0,1,7,3,0,0,1,0,231
2018-07-12,6,25.6,93,1.1,852,24.3,0.01,0.0,0.0,0,1,7,3,0,0,1,0,593
2018-07-12,7,25.9,87,1.7,834,23.5,0.26,0.0,0.0,0,1,7,3,0,0,1,0,1279
2018-07-12,8,26.3,84,2.1,973,23.3,0.48,0.0,0.0,0,1,7,3,0,0,1,0,1811
2018-07-12,9,26.5,82,2.7,815,23.1,0.57,0.0,0.0,0,1,7,3,0,0,1,0,982
2018-07-12,10,26.7,88,1.6,802,24.5,0.89,0.5,0.0,0,1,7,3,0,0,1,0,746
2018-07-12,11,27.4,78,2.3,1164,23.2,1.11,0.0,0.0,0,1,7,3,0,0,1,0,805
2018-07-12,12,27.4,80,2.7,1083,23.6,0.97,0.0,0.0,0,1,7,3,0,0,1,0,991
2018-07-12,13,27.7,76,2.6,1258,23.0,1.0,0.0,0.0,0,1,7,3,0,0,1,0,959
2018-07-12,14,27.8,76,3.1,1517,23.1,1.0,0.0,0.0,0,1,7,3,0,0,1,0,976
2018-07-12,15,28.0,76,2.3,1437,23.3,1.0,0.0,0.0,0,1,7,3,0,0,1,0,1163
2018-07-12,16,28.1,74,2.8,1559,23.0,1.06,0.0,0.0,0,1,7,3,0,0,1,0,1296
2018-07-12,17,27.9,75,2.5,1643,23.0,0.75,0.0,0.0,0,1,7,3,0,0,1,0,1915
2018-07-12,18,27.5,77,2.1,1897,23.0,0.46,0.0,0.0,0,1,7,3,0,0,1,0,3016
2018-07-12,19,27.4,78,1.1,1899,23.2,0.27,0.0,0.0,0,1,7,3,0,0,1,0,2313
2018-07-12,20,26.9,80,1.5,1806,23.1,0.09,0.0,0.0,0,1,7,3,0,0,1,0,2214
2018-07-12,21,26.3,81,0.8,1910,22.7,0.0,0.0,0.0,0,1,7,3,0,0,1,0,2115
2018-07-12,22,25.9,83,0.6,1827,22.7,0.0,0.0,0.0,0,1,7,3,0,0,1,0,1945
2018-07-12,23,25.5,84,0.8,1906,22.5,0.0,0.0,0.0,0,1,7,3,0,0,1,0,1355
2018-07-13,0,25.1,87,0.4,1800,22.7,0.0,0.0,0.0,0,1,7,4,0,0,1,0,1006
2018-07-13,1,24.8,89,0.9,1555,22.8,0.0,0.0,0.0,0,1,7,4,0,0,1,0,760
2018-07-13,2,24.9,86,1.3,1469,22.3,0.0,0.0,0.0,0,1,7,4,0,0,1,0,600
2018-07-13,3,24.9,86,2.0,1079,22.3,0.0,0.0,0.0,0,1,7,4,0,0,1,0,377
2018-07-13,4,24.8,86,2.1,1103,22.2,0.0,0.0,0.0,0,1,7,4,0,0,1,0,241
2018-07-13,5,24.8,84,1.4,1303,21.9,0.0,0.0,0.0,0,1,7,4,0,0,1,0,301
2018-07-13,6,24.8,84,1.1,1426,21.9,0.0,0.0,0.0,0,1,7,4,0,0,1,0,665
2018-07-13,7,25.0,83,1.0,1350,21.9,0.13,0.0,0.0,0,1,7,4,0,0,1,0,1321
2018-07-13,8,25.5,80,1.8,1402,21.7,0.37,0.0,0.0,0,1,7,4,0,0,1,0,2114
2018-07-13,9,26.6,73,2.2,1147,21.3,1.01,0.0,0.0,0,1,7,4,0,0,1,0,1240
2018-07-13,10,27.4,70,2.4,1335,21.4,1.28,0.0,0.0,0,1,7,4,0,0,1,0,836
2018-07-13,11,27.5,70,2.4,1719,21.5,1.07,0.0,0.0,0,1,7,4,0,0,1,0,887
2018-07-13,12,28.3,68,1.9,1546,21.8,1.35,0.0,0.0,0,1,7,4,0,0,1,0,1013
2018-07-13,13,28.9,68,2.8,1934,22.3,1.55,0.0,0.0,0,1,7,4,0,0,1,0,1046
2018-07-13,14,29.5,62,2.7,1941,21.4,1.79,0.0,0.0,0,1,7,4,0,0,1,0,999
2018-07-13,15,30.2,62,2.4,1806,22.1,1.91,0.0,0.0,0,1,7,4,0,0,1,0,1094
2018-07-13,16,30.0,67,2.0,1698,23.1,1.46,0.0,0.0,0,1,7,4,0,0,1,0,1291
2018-07-13,17,30.1,65,1.8,1923,22.7,1.36,0.0,0.0,0,1,7,4,0,0,1,0,1782
2018-07-13,18,30.8,60,2.5,1793,22.1,1.43,0.0,0.0,0,1,7,4,0,0,1,0,2884
2018-07-13,19,29.8,68,2.6,1749,23.2,0.81,0.0,0.0,0,1,7,4,0,0,1,0,2320
2018-07-13,20,28.2,76,2.2,1888,23.5,0.08,0.0,0.0,0,1,7,4,0,0,1,0,2069
2018-07-13,21,27.2,80,2.3,1870,23.4,0.0,0.0,0.0,0,1,7,4,0,0,1,0,1924
2018-07-13,22,26.7,82,1.3,1725,23.3,0.0,0.0,0.0,0,1,7,4,0,0,1,0,1879
2018-07-13,23,26.2,84,1.0,1646,23.2,0.0,0.0,0.0,0,1,7,4,0,0,1,0,1439
2018-07-14,0,25.7,85,0.4,1519,22.9,0.0,0.0,0.0,0,1,7,5,0,0,1,0,1169
2018-07-14,1,25.4,85,1.4,1663,22.6,0.0,0.0,0.0,0,1,7,5,0,0,1,0,1062
2018-07-14,2,25.3,85,1.7,1594,22.5,0.0,0.0,0.0,0,1,7,5,0,0,1,0,783
2018-07-14,3,25.2,83,1.1,1835,22.0,0.0,0.0,0.0,0,1,7,5,0,0,1,0,545
2018-07-14,4,25.1,82,1.5,1336,21.8,0.0,0.0,0.0,0,1,7,5,0,0,1,0,307
2018-07-14,5,24.8,86,1.6,1170,22.2,0.0,0.0,0.0,0,1,7,5,0,0,1,0,266
2018-07-14,6,24.6,86,0.4,1119,22.0,0.02,0.0,0.0,0,1,7,5,0,0,1,0,356
2018-07-14,7,24.9,81,0.3,1289,21.4,0.24,0.0,0.0,0,1,7,5,0,0,1,0,537
2018-07-14,8,26.1,74,0.7,1254,21.0,0.87,0.0,0.0,0,1,7,5,0,0,1,0,787
2018-07-14,9,27.0,70,1.1,1393,21.0,1.15,0.0,0.0,0,1,7,5,0,0,1,0,909
2018-07-14,10,27.8,68,2.1,1490,21.3,1.29,0.0,0.0,0,1,7,5,0,0,1,0,910
2018-07-14,11,29.0,65,2.0,1642,21.7,2.22,0.0,0.0,0,1,7,5,0,0,1,0,945
2018-07-14,12,30.2,58,2.3,1359,21.0,2.64,0.0,0.0,0,1,7,5,0,0,1,0,1039
2018-07-14,13,30.7,59,2.3,1534,21.7,2.67,0.0,0.0,0,1,7,5,0,0,1,0,1078
2018-07-14,14,30.7,59,2.9,1612,21.7,2.05,0.0,0.0,0,1,7,5,0,0,1,0,1038
2018-07-14,15,31.1,59,2.3,1929,22.1,2.34,0.0,0.0,0,1,7,5,0,0,1,0,1058
2018-07-14,16,31.7,55,2.3,1895,21.5,2.16,0.0,0.0,0,1,7,5,0,0,1,0,1177
2018-07-14,17,31.5,53,3.7,1974,20.7,2.02,0.0,0.0,0,1,7,5,0,0,1,0,1433
2018-07-14,18,31.1,55,2.2,1897,20.9,1.05,0.0,0.0,0,1,7,5,0,0,1,0,1624
2018-07-14,19,30.4,59,2.4,1972,21.4,0.69,0.0,0.0,0,1,7,5,0,0,1,0,1797
2018-07-14,20,29.2,63,1.7,1988,21.4,0.1,0.0,0.0,0,1,7,5,0,0,1,0,2023
2018-07-14,21,28.2,64,2.8,2000,20.7,0.0,0.0,0.0,0,1,7,5,0,0,1,0,2011
2018-07-14,22,27.6,70,2.7,1994,21.6,0.0,0.0,0.0,0,1,7,5,0,0,1,0,1682
2018-07-14,23,26.6,80,2.0,1527,22.8,0.0,0.0,0.0,0,1,7,5,0,0,1,0,1278
2018-07-15,0,26.0,82,1.9,1674,22.6,0.0,0.0,0.0,0,1,7,6,0,0,1,0,1143
2018-07-15,1,25.5,83,2.3,1576,22.3,0.0,0.0,0.0,0,1,7,6,0,0,1,0,868
2018-07-15,2,25.1,85,1.1,1379,22.3,0.0,0.0,0.0,0,1,7,6,0,0,1,0,632
2018-07-15,3,24.8,86,0.2,1354,22.2,0.0,0.0,0.0,0,1,7,6,0,0,1,0,443
2018-07-15,4,24.6,86,0.1,1358,22.0,0.0,0.0,0.0,0,1,7,6,0,0,1,0,278
2018-07-15,5,24.5,85,0.7,1345,21.8,0.0,0.0,0.0,0,1,7,6,0,0,1,0,223
2018-07-15,6,24.8,83,0.2,1534,21.7,0.02,0.0,0.0,0,1,7,6,0,0,1,0,292
2018-07-15,7,25.2,80,0.2,1551,21.4,0.18,0.0,0.0,0,1,7,6,0,0,1,0,402
2018-07-15,8,26.2,75,0.9,1560,21.4,0.77,0.0,0.0,0,1,7,6,0,0,1,0,613
2018-07-15,9,27.0,71,1.0,1518,21.2,0.97,0.0,0.0,0,1,7,6,0,0,1,0,715
2018-07-15,10,28.5,66,1.7,1319,21.5,1.83,0.0,0.0,0,1,7,6,0,0,1,0,701
2018-07-15,11,28.7,64,1.3,1332,21.2,1.53,0.0,0.0,0,1,7,6,0,0,1,0,712
2018-07-15,12,30.1,58,1.6,1491,20.9,2.15,0.0,0.0,0,1,7,6,0,0,1,0,803
2018-07-15,13,31.4,53,3.2,1695,20.6,3.28,0.0,0.0,0,1,7,6,0,0,1,0,810
2018-07-15,14,32.4,50,2.0,1735,20.6,3.13,0.0,0.0,0,1,7,6,0,0,1,0,822
2018-07-15,15,32.9,49,2.6,1631,20.7,2.81,0.0,0.0,0,1,7,6,0,0,1,0,946
2018-07-15,16,32.8,52,3.0,1803,21.6,2.28,0.0,0.0,0,1,7,6,0,0,1,0,1125
2018-07-15,17,32.7,52,3.0,1872,21.5,1.96,0.0,0.0,0,1,7,6,0,0,1,0,1247
2018-07-15,18,32.2,55,2.4,1769,22.0,1.28,0.0,0.0,0,1,7,6,0,0,1,0,1466
2018-07-15,19,31.2,62,2.1,1852,23.0,0.63,0.0,0.0,0,1,7,6,0,0,1,0,1847
2018-07-15,20,29.2,72,2.1,1932,23.6,0.09,0.0,0.0,0,1,7,6,0,0,1,0,2058
2018-07-15,21,28.1,74,3.1,1840,23.0,0.0,0.0,0.0,0,1,7,6,0,0,1,0,1924
2018-07-15,22,27.5,77,0.9,1778,23.0,0.0,0.0,0.0,0,1,7,6,0,0,1,0,1607
2018-07-15,23,27.0,78,1.6,1609,22.8,0.0,0.0,0.0,0,1,7,6,0,0,1,0,1113
2018-07-16,0,26.5,81,0.9,1650,22.9,0.0,0.0,0.0,0,1,7,0,0,0,1,0,732
2018-07-16,1,25.9,83,1.3,1520,22.7,0.0,0.0,0.0,0,1,7,0,0,0,1,0,498
2018-07-16,2,25.4,84,0.6,1340,22.4,0.0,0.0,0.0,0,1,7,0,0,0,1,0,469
2018-07-16,3,25.1,85,0.7,1507,22.3,0.0,0.0,0.0,0,1,7,0,0,0,1,0,276
2018-07-16,4,24.6,84,0.7,1373,21.7,0.0,0.0,0.0,0,1,7,0,0,0,1,0,211
2018-07-16,5,24.3,85,1.0,1496,21.6,0.0,0.0,0.0,0,1,7,0,0,0,1,0,324
2018-07-16,6,24.0,85,0.9,1569,21.3,0.02,0.0,0.0,0,1,7,0,0,0,1,0,703
2018-07-16,7,24.5,73,0.9,1901,19.3,0.36,0.0,0.0,0,1,7,0,0,0,1,0,1344
2018-07-16,8,26.4,69,0.5,1559,20.2,1.09,0.0,0.0,0,1,7,0,0,0,1,0,1935
2018-07-16,9,28.0,64,1.0,1682,20.5,1.35,0.0,0.0,0,1,7,0,0,0,1,0,1014
2018-07-16,10,29.8,54,1.8,1737,19.4,2.34,0.0,0.0,0,1,7,0,0,0,1,0,678
2018-07-16,11,31.5,51,2.1,1498,20.1,2.83,0.0,0.0,0,1,7,0,0,0,1,0,688
2018-07-16,12,32.4,49,2.0,1844,20.3,3.09,0.0,0.0,0,1,7,0,0,0,1,0,719
2018-07-16,13,33.0,51,2.5,1100,21.5,3.09,0.0,0.0,0,1,7,0,0,0,1,0,727
2018-07-16,14,33.7,45,2.5,1843,20.1,3.23,0.0,0.0,0,1,7,0,0,0,1,0,691
2018-07-16,15,33.4,44,3.1,1928,19.4,2.95,0.0,0.0,0,1,7,0,0,0,1,0,745
2018-07-16,16,33.3,46,3.1,1914,20.1,2.51,0.0,0.0,0,1,7,0,0,0,1,0,818
2018-07-16,17,33.0,46,3.1,1926,19.8,1.89,0.0,0.0,0,1,7,0,0,0,1,0,1425
2018-07-16,18,32.3,47,3.0,1961,19.5,1.26,0.0,0.0,0,1,7,0,0,0,1,0,2636
2018-07-16,19,31.2,52,2.4,1990,20.1,0.57,0.0,0.0,0,1,7,0,0,0,1,0,2368
2018-07-16,20,29.3,58,2.4,2000,20.1,0.09,0.0,0.0,0,1,7,0,0,0,1,0,2362
2018-07-16,21,28.0,64,1.5,2000,20.5,0.0,0.0,0.0,0,1,7,0,0,0,1,0,2241
2018-07-16,22,27.2,69,1.7,2000,21.0,0.0,0.0,0.0,0,1,7,0,0,0,1,0,1934
2018-07-16,23,26.6,75,1.5,1996,21.7,0.0,0.0,0.0,0,1,7,0,0,0,1,0,1285
2018-07-17,0,26.4,76,1.2,2000,21.8,0.0,0.0,0.0,0,1,7,1,0,0,1,0,1003
2018-07-17,1,25.8,78,0.4,2000,21.6,0.0,0.0,0.0,0,1,7,1,0,0,1,0,692
2018-07-17,2,25.3,78,1.0,2000,21.1,0.0,0.0,0.0,0,1,7,1,0,0,1,0,497
2018-07-17,3,24.8,80,1.0,1988,21.1,0.0,0.0,0.0,0,1,7,1,0,0,1,0,372
2018-07-17,4,24.4,80,1.0,1112,20.7,0.0,0.0,0.0,0,1,7,1,0,0,1,0,222
2018-07-17,5,24.1,81,0.9,1646,20.6,0.0,0.0,0.0,0,1,7,1,0,0,1,0,372
2018-07-17,6,24.0,81,0.9,1271,20.5,0.02,0.0,0.0,0,1,7,1,0,0,1,0,713
2018-07-17,7,24.4,75,1.0,841,19.6,0.35,0.0,0.0,0,1,7,1,0,0,1,0,1356
2018-07-17,8,25.8,69,0.8,969,19.6,1.06,0.0,0.0,0,1,7,1,0,0,1,0,1955
2018-07-17,9,27.5,60,2.2,1252,19.0,1.59,0.0,0.0,0,1,7,1,0,0,1,0,1031
2018-07-17,10,29.2,55,1.6,1404,19.2,2.36,0.0,0.0,0,1,7,1,0,0,1,0,719
2018-07-17,11,30.4,53,1.8,1359,19.7,2.74,0.0,0.0,0,1,7,1,0,0,1,0,797
2018-07-17,12,30.8,57,2.3,940,21.2,2.52,0.0,0.0,0,1,7,1,0,0,1,0,803
2018-07-17,13,31.1,53,3.2,1162,20.3,2.63,0.0,0.0,0,1,7,1,0,0,1,0,763
2018-07-17,14,31.8,49,3.5,1429,19.7,2.93,0.0,0.0,0,1,7,1,0,0,1,0,786
2018-07-17,15,31.9,51,3.3,1465,20.4,3.01,0.0,0.0,0,1,7,1,0,0,1,0,878
2018-07-17,16,32.0,51,2.4,1402,20.5,2.55,0.0,0.0,0,1,7,1,0,0,1,0,1062
2018-07-17,17,31.8,52,2.4,1438,20.7,1.93,0.0,0.0,0,1,7,1,0,0,1,0,1591
2018-07-17,18,31.3,55,2.5,1550,21.1,1.2,0.0,0.0,0,1,7,1,0,0,1,0,2770
2018-07-17,19,30.6,57,1.4,1529,21.1,0.58,0.0,0.0,0,1,7,1,0,0,1,0,2326
2018-07-17,20,28.9,64,1.7,1567,21.3,0.1,0.0,0.0,0,1,7,1,0,0,1,0,2174
2018-07-17,21,27.9,69,1.9,1194,21.6,0.0,0.0,0.0,0,1,7,1,0,0,1,0,2273
2018-07-17,22,27.2,70,1.9,1110,21.2,0.0,0.0,0.0,0,1,7,1,0,0,1,0,1940
2018-07-17,23,26.6,76,1.6,936,22.0,0.0,0.0,0.0,0,1,7,1,0,0,1,0,1340
2018-07-18,0,26.2,79,0.7,850,22.2,0.0,0.0,0.0,0,1,7,2,0,0,1,0,1002
2018-07-18,1,25.7,80,0.2,805,21.9,0.0,0.0,0.0,0,1,7,2,0,0,1,0,741
2018-07-18,2,25.2,82,0.4,791,21.9,0.0,0.0,0.0,0,1,7,2,0,0,1,0,526
2018-07-18,3,24.7,84,0.7,694,21.8,0.0,0.0,0.0,0,1,7,2,0,0,1,0,381
2018-07-18,4,24.3,83,0.7,621,21.2,0.0,0.0,0.0,0,1,7,2,0,0,1,0,266
2018-07-18,5,23.9,83,0.4,780,20.8,0.0,0.0,0.0,0,1,7,2,0,0,1,0,327
2018-07-18,6,23.7,83,0.1,713,20.6,0.03,0.0,0.0,0,1,7,2,0,0,1,0,695
2018-07-18,7,24.2,74,0.7,656,19.2,0.35,0.0,0.0,0,1,7,2,0,0,1,0,1308
2018-07-18,8,25.8,71,0.4,760,20.1,0.93,0.0,0.0,0,1,7,2,0,0,1,0,1944
2018-07-18,9,27.2,59,0.4,948,18.4,1.18,0.0,0.0,0,1,7,2,0,0,1,0,982
2018-07-18,10,28.9,61,1.5,941,20.6,2.04,0.0,0.0,0,1,7,2,0,0,1,0,722
2018-07-18,11,30.2,53,2.2,1143,19.5,2.77,0.0,0.0,0,1,7,2,0,0,1,0,701
2018-07-18,12,31.2,51,2.0,1101,19.8,2.96,0.0,0.0,0,1,7,2,0,0,1,0,780
2018-07-18,13,32.1,51,2.3,776,20.6,2.96,0.0,0.0,0,1,7,2,0,0,1,0,778
2018-07-18,14,32.7,49,1.5,765,20.5,2.62,0.0,0.0,0,1,7,2,0,0,1,0,762
2018-07-18,15,32.9,46,2.5,1248,19.7,2.9,0.0,0.0,0,1,7,2,0,0,1,0,776
2018-07-18,16,33.1,42,2.9,1712,18.4,2.52,0.0,0.0,0,1,7,2,0,0,1,0,912
2018-07-18,17,32.6,46,2.8,1560,19.4,1.95,0.0,0.0,0,1,7,2,0,0,1,0,1596
2018-07-18,18,32.0,50,2.6,1374,20.2,1.25,0.0,0.0,0,1,7,2,0,0,1,0,2692
2018-07-18,19,30.6,54,2.8,1531,20.2,0.59,0.0,0.0,0,1,7,2,0,0,1,0,2281
2018-07-18,20,28.8,66,1.9,1209,21.8,0.09,0.0,0.0,0,1,7,2,0,0,1,0,2202
2018-07-18,21,28.0,69,1.8,1140,21.7,0.0,0.0,0.0,0,1,7,2,0,0,1,0,2188
2018-07-18,22,27.2,73,1.5,1005,21.9,0.0,0.0,0.0,0,1,7,2,0,0,1,0,1980
2018-07-18,23,26.4,76,0.6,959,21.8,0.0,0.0,0.0,0,1,7,2,0,0,1,0,1354
2018-07-19,0,25.9,76,1.3,984,21.3,0.0,0.0,0.0,0,1,7,3,0,0,1,0,1068
2018-07-19,1,25.4,79,0.8,924,21.4,0.0,0.0,0.0,0,1,7,3,0,0,1,0,824
2018-07-19,2,24.8,80,1.5,888,21.1,0.0,0.0,0.0,0,1,7,3,0,0,1,0,591
2018-07-19,3,24.4,85,0.6,678,21.7,0.0,0.0,0.0,0,1,7,3,0,0,1,0,393
2018-07-19,4,24.0,87,0.9,582,21.6,0.0,0.0,0.0,0,1,7,3,0,0,1,0,231
2018-07-19,5,23.6,88,0.2,604,21.4,0.0,0.0,0.0,0,1,7,3,0,0,1,0,329
2018-07-19,6,23.3,83,0.2,875,20.2,0.02,0.0,0.0,0,1,7,3,0,0,1,0,672
2018-07-19,7,23.6,75,0.9,856,18.9,0.36,0.0,0.0,0,1,7,3,0,0,1,0,1315
2018-07-19,8,25.5,65,0.9,833,18.4,1.1,0.0,0.0,0,1,7,3,0,0,1,0,1993
2018-07-19,9,27.6,62,1.5,1043,19.6,1.76,0.0,0.0,0,1,7,3,0,0,1,0,985
2018-07-19,10,29.4,56,2.2,1153,19.7,2.38,0.0,0.0,0,1,7,3,0,0,1,0,695
2018-07-19,11,30.7,48,1.6,1705,18.4,2.92,0.0,0.0,0,1,7,3,0,0,1,0,687
2018-07-19,12,31.7,42,2.6,1868,17.2,3.23,0.0,0.0,0,1,7,3,0,0,1,0,828
2018-07-19,13,32.6,47,2.7,1641,19.8,3.36,0.0,0.0,0,1,7,3,0,0,1,0,798
2018-07-19,14,33.1,47,2.5,1785,20.2,3.26,0.0,0.0,0,1,7,3,0,0,1,0,722
2018-07-19,15,33.7,41,2.5,1924,18.6,3.04,0.0,0.0,0,1,7,3,0,0,1,0,827
2018-07-19,16,33.7,43,2.7,1890,19.3,2.55,0.0,0.0,0,1,7,3,0,0,1,0,1017
2018-07-19,17,34.0,44,2.3,1891,20.0,1.95,0.0,0.0,0,1,7,3,0,0,1,0,1536
2018-07-19,18,33.0,51,2.4,1566,21.5,1.23,0.0,0.0,0,1,7,3,0,0,1,0,2640
2018-07-19,19,31.6,58,2.3,1556,22.3,0.56,0.0,0.0,0,1,7,3,0,0,1,0,2245
2018-07-19,20,29.8,62,2.9,1931,21.7,0.08,0.0,0.0,0,1,7,3,0,0,1,0,2114
2018-07-19,21,28.8,69,2.4,1619,22.5,0.0,0.0,0.0,0,1,7,3,0,0,1,0,2122
2018-07-19,22,28.0,76,1.5,1542,23.3,0.0,0.0,0.0,0,1,7,3,0,0,1,0,1870
2018-07-19,23,27.2,78,1.9,1601,23.0,0.0,0.0,0.0,0,1,7,3,0,0,1,0,1318
2018-07-20,0,26.7,80,1.4,1465,22.9,0.0,0.0,0.0,0,1,7,4,0,0,1,0,1041
2018-07-20,1,26.1,81,1.6,1409,22.5,0.0,0.0,0.0,0,1,7,4,0,0,1,0,773
2018-07-20,2,25.7,84,0.1,1293,22.7,0.0,0.0,0.0,0,1,7,4,0,0,1,0,557
2018-07-20,3,25.4,84,0.9,1174,22.4,0.0,0.0,0.0,0,1,7,4,0,0,1,0,428
2018-07-20,4,25.1,83,0.0,1253,22.0,0.0,0.0,0.0,0,1,7,4,0,0,1,0,267
2018-07-20,5,24.9,83,0.3,1207,21.8,0.0,0.0,0.0,0,1,7,4,0,0,1,0,327
2018-07-20,6,24.6,82,0.2,1157,21.3,0.02,0.0,0.0,0,1,7,4,0,0,1,0,672
2018-07-20,7,25.2,75,0.6,1056,20.4,0.34,0.0,0.0,0,1,7,4,0,0,1,0,1251
2018-07-20,8,26.6,70,1.3,1062,20.6,1.01,0.0,0.0,0,1,7,4,0,0,1,0,1896
2018-07-20,9,28.4,65,1.2,806,21.1,1.69,0.0,0.0,0,1,7,4,0,0,1,0,1029
2018-07-20,10,29.8,59,1.2,973,20.9,2.32,0.0,0.0,0,1,7,4,0,0,1,0,641
2018-07-20,11,31.6,54,1.3,990,21.1,2.84,0.0,0.0,0,1,7,4,0,0,1,0,791
2018-07-20,12,32.6,51,2.1,800,21.1,3.21,0.0,0.0,0,1,7,4,0,0,1,0,822
2018-07-20,13,32.4,54,2.4,708,21.8,2.5,0.0,0.0,0,1,7,4,0,0,1,0,805
2018-07-20,14,33.4,52,2.7,685,22.1,2.67,0.0,0.0,0,1,7,4,0,0,1,0,741
2018-07-20,15,34.1,45,2.4,1110,20.4,2.88,0.0,0.0,0,1,7,4,0,0,1,0,794
2018-07-20,16,34.3,45,2.3,1466,20.6,2.47,0.0,0.0,0,1,7,4,0,0,1,0,928
2018-07-20,17,34.3,44,2.1,1704,20.2,1.87,0.0,0.0,0,1,7,4,0,0,1,0,1468
2018-07-20,18,33.9,42,2.0,1969,19.1,1.25,0.0,0.0,0,1,7,4,0,0,1,0,2419
2018-07-20,19,32.9,44,2.0,1985,19.0,0.59,0.0,0.0,0,1,7,4,0,0,1,0,2084
2018-07-20,20,30.9,51,2.2,2000,19.5,0.07,0.0,0.0,0,1,7,4,0,0,1,0,1888
2018-07-20,21,29.8,59,1.4,2000,20.9,0.0,0.0,0.0,0,1,7,4,0,0,1,0,1869
2018-07-20,22,28.8,65,1.3,1988,21.5,0.0,0.0,0.0,0,1,7,4,0,0,1,0,1782
2018-07-20,23,28.2,70,1.3,1811,22.2,0.0,0.0,0.0,0,1,7,4,0,0,1,0,1426
2018-07-21,0,27.5,73,1.1,1834,22.2,0.0,0.0,0.0,0,1,7,5,0,0,1,0,1132
2018-07-21,1,27.0,74,1.1,1833,21.9,0.0,0.0,0.0,0,1,7,5,0,0,1,0,945
2018-07-21,2,26.4,72,0.2,1766,20.9,0.0,0.0,0.0,0,1,7,5,0,0,1,0,684
2018-07-21,3,26.1,74,0.1,1683,21.0,0.0,0.0,0.0,0,1,7,5,0,0,1,0,477
2018-07-21,4,25.6,77,1.2,1203,21.2,0.0,0.0,0.0,0,1,7,5,0,0,1,0,347
2018-07-21,5,25.0,78,0.3,1474,20.8,0.0,0.0,0.0,0,1,7,5,0,0,1,0,292
2018-07-21,6,24.9,76,0.0,1473,20.3,0.02,0.0,0.0,0,1,7,5,0,0,1,0,381
2018-07-21,7,25.3,71,0.4,1226,19.6,0.34,0.0,0.0,0,1,7,5,0,0,1,0,491
2018-07-21,8,27.4,63,0.9,1043,19.7,1.03,0.0,0.0,0,1,7,5,0,0,1,0,720
2018-07-21,9,29.6,57,0.9,977,20.1,1.71,0.0,0.0,0,1,7,5,0,0,1,0,729
2018-07-21,10,31.4,51,1.1,847,20.0,2.32,0.0,0.0,0,1,7,5,0,0,1,0,699
2018-07-21,11,32.9,45,2.1,1020,19.3,2.72,0.0,0.0,0,1,7,5,0,0,1,0,676
2018-07-21,12,34.2,35,1.8,1528,16.5,3.14,0.0,0.0,0,1,7,5,0,0,1,0,735
2018-07-21,13,35.2,34,1.8,1636,16.9,3.21,0.0,0.0,0,1,7,5,0,0,1,0,727
2018-07-21,14,36.3,34,1.3,1493,17.9,3.17,0.0,0.0,0,1,7,5,0,0,1,0,682
2018-07-21,15,36.5,35,3.0,1355,18.5,2.71,0.0,0.0,0,1,7,5,0,0,1,0,785
2018-07-21,16,36.8,30,2.8,1756,16.3,2.41,0.0,0.0,0,1,7,5,0,0,1,0,883
2018-07-21,17,36.3,36,3.1,1972,18.8,1.91,0.0,0.0,0,1,7,5,0,0,1,0,1011
2018-07-21,18,35.0,42,2.9,1953,20.1,1.26,0.0,0.0,0,1,7,5,0,0,1,0,1202
2018-07-21,19,33.4,51,2.6,2000,21.8,0.59,0.0,0.0,0,1,7,5,0,0,1,0,1423
2018-07-21,20,31.5,53,1.8,2000,20.7,0.08,0.0,0.0,0,1,7,5,0,0,1,0,1655
2018-07-21,21,30.2,54,1.8,2000,19.8,0.0,0.0,0.0,0,1,7,5,0,0,1,0,1731
2018-07-21,22,29.4,55,1.4,2000,19.4,0.0,0.0,0.0,0,1,7,5,0,0,1,0,1588
2018-07-21,23,28.8,56,1.6,2000,19.1,0.0,0.0,0.0,0,1,7,5,0,0,1,0,1288
2018-07-22,0,28.1,56,0.2,2000,18.4,0.0,0.0,0.0,0,1,7,6,0,0,1,0,1088
2018-07-22,1,27.3,60,0.8,2000,18.8,0.0,0.0,0.0,0,1,7,6,0,0,1,0,772
2018-07-22,2,26.8,63,0.6,2000,19.1,0.0,0.0,0.0,0,1,7,6,0,0,1,0,587
2018-07-22,3,26.3,63,0.2,2000,18.6,0.0,0.0,0.0,0,1,7,6,0,0,1,0,438
2018-07-22,4,25.9,71,0.3,2000,20.2,0.0,0.0,0.0,0,1,7,6,0,0,1,0,270
2018-07-22,5,25.5,72,0.4,2000,20.0,0.0,0.0,0.0,0,1,7,6,0,0,1,0,256
2018-07-22,6,25.3,73,0.6,1979,20.1,0.02,0.0,0.0,0,1,7,6,0,0,1,0,286
2018-07-22,7,25.8,67,0.9,1773,19.1,0.34,0.0,0.0,0,1,7,6,0,0,1,0,360
2018-07-22,8,27.9,60,0.6,1835,19.4,1.06,0.0,0.0,0,1,7,6,0,0,1,0,477
2018-07-22,9,30.5,54,0.9,1907,20.1,1.71,0.0,0.0,0,1,7,6,0,0,1,0,526
2018-07-22,10,32.2,50,0.8,1881,20.4,2.29,0.0,0.0,0,1,7,6,0,0,1,0,522
2018-07-22,11,33.8,45,1.9,1928,20.2,2.74,0.0,0.0,0,1,7,6,0,0,1,0,499
2018-07-22,12,35.5,39,1.9,1803,19.4,3.05,0.0,0.0,0,1,7,6,0,0,1,0,560
2018-07-22,13,36.7,33,1.8,1911,17.7,3.24,0.0,0.0,0,1,7,6,0,0,1,0,569
2018-07-22,14,37.4,34,2.3,1860,18.8,3.05,0.0,0.0,0,1,7,6,0,0,1,0,565
2018-07-22,15,37.5,33,2.0,1816,18.4,2.32,0.0,0.0,0,1,7,6,0,0,1,0,632
2018-07-22,16,37.8,31,2.5,1929,17.7,2.46,0.0,0.0,0,1,7,6,0,0,1,0,771
2018-07-22,17,37.6,33,2.1,1837,18.5,1.82,0.0,0.0,0,1,7,6,0,0,1,0,965
2018-07-22,18,36.3,35,3.0,1860,18.3,0.89,0.0,0.0,0,1,7,6,0,0,1,0,1212
2018-07-22,19,34.5,47,2.8,1762,21.5,0.42,0.0,0.0,0,1,7,6,0,0,1,0,1478
2018-07-22,20,33.3,50,2.3,1706,21.4,0.1,0.0,0.0,0,1,7,6,0,0,1,0,1688
2018-07-22,21,32.3,50,1.7,1784,20.5,0.0,0.0,0.0,0,1,7,6,0,0,1,0,1666
2018-07-22,22,31.7,51,1.4,1742,20.3,0.0,0.0,0.0,0,1,7,6,0,0,1,0,1346
2018-07-22,23,31.2,52,1.5,1670,20.1,0.0,0.0,0.0,0,1,7,6,0,0,1,0,1030
2018-07-23,0,30.6,50,2.3,1631,18.9,0.0,0.0,0.0,0,1,7,0,0,0,1,0,792
2018-07-23,1,30.0,52,1.5,1774,19.0,0.0,0.0,0.0,0,1,7,0,0,0,1,0,542
2018-07-23,2,29.7,53,1.4,1682,19.0,0.0,0.0,0.0,0,1,7,0,0,0,1,0,382
2018-07-23,3,29.6,50,2.1,1970,18.0,0.0,0.0,0.0,0,1,7,0,0,0,1,0,238
2018-07-23,4,29.3,51,0.9,1498,18.1,0.0,0.0,0.0,0,1,7,0,0,0,1,0,174
2018-07-23,5,29.3,55,1.6,2000,19.3,0.0,0.0,0.0,0,1,7,0,0,0,1,0,310
2018-07-23,6,29.2,58,1.7,2000,20.0,0.01,0.0,0.0,0,1,7,0,0,0,1,0,652
2018-07-23,7,29.3,58,0.8,2000,20.1,0.23,0.0,0.0,0,1,7,0,0,0,1,0,1241
2018-07-23,8,30.0,56,0.9,2000,20.2,0.54,0.0,0.0,0,1,7,0,0,0,1,0,1889
2018-07-23,9,31.0,55,1.5,1945,20.8,1.14,0.0,0.0,0,1,7,0,0,0,1,0,985
2018-07-23,10,31.8,51,1.5,1900,20.4,1.71,0.0,0.0,0,1,7,0,0,0,1,0,636
2018-07-23,11,32.7,48,2.2,1908,20.2,2.53,0.0,0.0,0,1,7,0,0,0,1,0,611
2018-07-23,12,34.1,47,2.3,1862,21.1,2.94,0.0,0.0,0,1,7,0,0,0,1,0,655
2018-07-23,13,33.8,47,1.7,1887,20.9,1.57,0.0,0.0,0,1,7,0,0,0,1,0,688
2018-07-23,14,34.3,45,2.2,1967,20.6,1.64,0.0,0.0,0,1,7,0,0,0,1,0,670
2018-07-23,15,35.4,46,2.2,1861,22.0,2.48,0.0,0.0,0,1,7,0,0,0,1,0,739
2018-07-23,16,34.8,47,2.2,1839,21.8,1.32,0.0,0.0,0,1,7,0,0,0,1,0,960
2018-07-23,17,34.8,49,3.0,1866,22.5,1.37,0.0,0.0,0,1,7,0,0,0,1,0,1310
2018-07-23,18,33.9,53,3.2,1886,22.9,0.94,0.0,0.0,0,1,7,0,0,0,1,0,2405
2018-07-23,19,32.6,58,3.2,1962,23.2,0.45,0.0,0.0,0,1,7,0,0,0,1,0,2112
2018-07-23,20,31.5,61,1.8,2000,23.0,0.07,0.0,0.0,0,1,7,0,0,0,1,0,2051
2018-07-23,21,30.8,60,1.8,2000,22.1,0.0,0.0,0.0,0,1,7,0,0,0,1,0,1994
2018-07-23,22,30.3,60,1.8,2000,21.6,0.0,0.0,0.0,0,1,7,0,0,0,1,0,1697
2018-07-23,23,30.0,58,1.6,2000,20.8,0.0,0.0,0.0,0,1,7,0,0,0,1,0,1157
2018-07-24,0,29.6,61,1.0,2000,21.2,0.0,0.0,0.0,0,1,7,1,0,0,1,0,874
2018-07-24,1,29.1,64,1.2,2000,21.5,0.0,0.0,0.0,0,1,7,1,0,0,1,0,715
2018-07-24,2,28.6,66,0.9,2000,21.6,0.0,0.0,0.0,0,1,7,1,0,0,1,0,487
2018-07-24,3,28.2,65,0.3,1999,20.9,0.0,0.0,0.0,0,1,7,1,0,0,1,0,332
2018-07-24,4,27.8,67,0.2,1982,21.1,0.0,0.0,0.0,0,1,7,1,0,0,1,0,218
2018-07-24,5,27.5,70,0.1,1976,21.5,0.0,0.0,0.0,0,1,7,1,0,0,1,0,306
2018-07-24,6,27.2,71,0.8,1920,21.4,0.02,0.0,0.0,0,1,7,1,0,0,1,0,673
2018-07-24,7,27.8,63,1.2,1781,20.1,0.32,0.0,0.0,0,1,7,1,0,0,1,0,1213
2018-07-24,8,29.9,59,0.8,1727,21.0,1.03,0.0,0.0,0,1,7,1,0,0,1,0,1820
2018-07-24,9,31.7,59,1.0,1706,22.6,1.69,0.0,0.0,0,1,7,1,0,0,1,0,926
2018-07-24,10,32.4,54,0.9,1631,21.8,1.45,0.0,0.0,0,1,7,1,0,0,1,0,610
2018-07-24,11,33.9,46,1.6,1387,20.6,2.15,0.0,0.0,0,1,7,1,0,0,1,0,620
2018-07-24,12,34.5,50,1.4,1901,22.5,1.89,0.0,0.0,0,1,7,1,0,0,1,0,671
2018-07-24,13,36.4,41,1.3,1655,21.0,2.86,0.0,0.0,0,1,7,1,0,0,1,0,688
2018-07-24,14,35.8,49,2.8,1264,23.4,2.4,0.0,0.0,0,1,7,1,0,0,1,0,649
2018-07-24,15,35.8,47,2.2,1029,22.7,1.51,0.0,0.0,0,1,7,1,0,0,1,0,735
2018-07-24,16,34.9,51,2.0,1221,23.2,0.76,0.0,0.0,0,1,7,1,0,0,1,0,834
2018-07-24,17,34.9,51,2.2,1235,23.2,0.98,0.0,0.0,0,1,7,1,0,0,1,0,1297
2018-07-24,18,34.9,53,2.2,1296,23.8,0.86,0.0,0.0,0,1,7,1,0,0,1,0,2300
2018-07-24,19,33.1,57,2.2,1670,23.4,0.44,0.0,0.0,0,1,7,1,0,0,1,0,1968
2018-07-24,20,31.1,63,2.0,1542,23.2,0.06,0.0,0.0,0,1,7,1,0,0,1,0,1834
2018-07-24,21,30.2,65,2.3,1642,22.8,0.0,0.0,0.0,0,1,7,1,0,0,1,0,1899
2018-07-24,22,29.8,66,3.2,1511,22.7,0.0,0.0,0.0,0,1,7,1,0,0,1,0,1773
2018-07-24,23,29.3,66,2.8,1854,22.2,0.0,0.0,0.0,0,1,7,1,0,0,1,0,1193
2018-07-25,0,28.9,66,2.2,2000,21.9,0.0,0.0,0.0,0,1,7,2,0,0,1,0,939
2018-07-25,1,28.7,67,2.6,2000,21.9,0.0,0.0,0.0,0,1,7,2,0,0,1,0,726
2018-07-25,2,28.8,68,1.8,2000,22.2,0.0,0.0,0.0,0,1,7,2,0,0,1,0,499
2018-07-25,3,28.9,69,2.8,1871,22.6,0.0,0.0,0.0,0,1,7,2,0,0,1,0,327
2018-07-25,4,28.5,74,2.6,1549,23.4,0.0,0.0,0.0,0,1,7,2,0,0,1,0,212
2018-07-25,5,28.3,74,2.4,1378,23.2,0.0,0.0,0.0,0,1,7,2,0,0,1,0,299
2018-07-25,6,28.1,75,1.8,1092,23.2,0.01,0.0,0.0,0,1,7,2,0,0,1,0,657
2018-07-25,7,28.3,72,2.0,1200,22.7,0.1,0.0,0.0,0,1,7,2,0,0,1,0,1171
2018-07-25,8,28.7,70,3.5,1470,22.6,0.52,0.0,0.0,0,1,7,2,0,0,1,0,1893
2018-07-25,9,29.4,66,2.5,1308,22.3,0.91,0.0,0.0,0,1,7,2,0,0,1,0,995
2018-07-25,10,30.7,61,2.8,1521,22.3,1.5,0.0,0.0,0,1,7,2,0,0,1,0,696
2018-07-25,11,30.7,63,3.4,1323,22.8,1.13,0.0,0.0,0,1,7,2,0,0,1,0,749
2018-07-25,12,31.1,60,2.7,1331,22.4,1.02,0.0,0.0,0,1,7,2,0,0,1,0,791
2018-07-25,13,32.3,56,3.0,1504,22.3,1.74,0.0,0.0,0,1,7,2,0,0,1,0,783
2018-07-25,14,33.0,53,1.7,1357,22.1,1.73,0.0,0.0,0,1,7,2,0,0,1,0,754
2018-07-25,15,34.0,50,3.0,1705,22.1,1.72,0.0,0.0,0,1,7,2,0,0,1,0,781
2018-07-25,16,34.1,52,2.5,1304,22.8,2.23,0.0,0.0,0,1,7,2,0,0,1,0,977
2018-07-25,17,33.2,56,2.2,1428,23.2,1.03,0.0,0.0,0,1,7,2,0,0,1,0,1412
2018-07-25,18,32.2,58,2.5,1553,22.8,0.44,0.0,0.0,0,1,7,2,0,0,1,0,2416
2018-07-25,19,31.7,60,2.3,1492,22.9,0.23,0.0,0.0,0,1,7,2,0,0,1,0,2039
2018-07-25,20,30.9,67,1.7,1470,24.0,0.05,0.0,0.0,0,1,7,2,0,0,1,0,1935
2018-07-25,21,29.7,74,2.2,1342,24.5,0.0,0.0,0.0,0,1,7,2,0,0,1,0,1811
2018-07-25,22,28.8,76,2.8,1231,24.1,0.0,0.0,0.0,0,1,7,2,0,0,1,0,1767
2018-07-25,23,28.0,77,1.9,1346,23.5,0.0,0.0,0.0,0,1,7,2,0,0,1,0,1289
2018-07-26,0,27.7,78,1.2,1341,23.5,0.0,0.0,0.0,0,1,7,3,0,0,1,0,939
2018-07-26,1,27.6,79,1.0,1261,23.6,0.0,0.0,0.0,0,1,7,3,0,0,1,0,718
2018-07-26,2,27.6,78,0.1,1289,23.4,0.0,0.0,0.0,0,1,7,3,0,0,1,0,498
2018-07-26,3,27.7,76,0.2,1376,23.0,0.0,0.0,0.0,0,1,7,3,0,0,1,0,355
2018-07-26,4,27.7,75,1.0,1360,22.8,0.0,0.0,0.0,0,1,7,3,0,0,1,0,252
2018-07-26,5,27.4,78,0.8,1301,23.2,0.0,0.0,0.0,0,1,7,3,0,0,1,0,306
2018-07-26,6,27.4,77,0.7,1113,23.0,0.0,0.0,0.0,0,1,7,3,0,0,1,0,602
2018-07-26,7,27.7,75,1.2,1103,22.8,0.1,0.0,0.0,0,1,7,3,0,0,1,0,1175
2018-07-26,8,28.3,72,0.8,1165,22.7,0.34,0.0,0.0,0,1,7,3,0,0,1,0,1823
2018-07-26,9,29.1,69,1.0,853,22.8,0.67,0.0,0.0,0,1,7,3,0,0,1,0,966
2018-07-26,10,29.5,68,1.8,946,22.9,0.54,0.0,0.0,0,1,7,3,0,0,1,0,644
2018-07-26,11,30.2,67,1.5,1003,23.3,0.87,0.0,0.0,0,1,7,3,0,0,1,0,614
2018-07-26,12,32.0,57,1.6,1075,22.4,1.94,0.0,0.0,0,1,7,3,0,0,1,0,600
2018-07-26,13,32.4,54,0.7,896,21.8,1.41,0.0,0.0,0,1,7,3,0,0,1,0,628
2018-07-26,14,33.0,56,2.5,879,23.0,1.33,0.0,0.0,0,1,7,3,0,0,1,0,706
2018-07-26,15,33.1,58,1.9,882,23.7,0.87,0.0,0.0,0,1,7,3,0,0,1,0,774
2018-07-26,16,33.5,57,2.8,989,23.8,1.55,0.0,0.0,0,1,7,3,0,0,1,0,920
2018-07-26,17,33.1,59,2.9,1038,24.0,1.14,0.0,0.0,0,1,7,3,0,0,1,0,1394
2018-07-26,18,33.2,59,1.8,1069,24.0,0.99,0.0,0.0,0,1,7,3,0,0,1,0,2367
2018-07-26,19,32.3,63,2.1,1037,24.3,0.41,0.0,0.0,0,1,7,3,0,0,1,0,1994
2018-07-26,20,31.0,68,1.4,1162,24.3,0.05,0.0,0.0,0,1,7,3,0,0,1,0,1790
2018-07-26,21,30.0,74,2.7,1056,24.8,0.0,0.0,0.0,0,1,7,3,0,0,1,0,1868
2018-07-26,22,29.4,78,1.6,1011,25.1,0.0,0.0,0.0,0,1,7,3,0,0,1,0,1709
2018-07-26,23,29.0,79,1.2,971,24.9,0.0,0.0,0.0,0,1,7,3,0,0,1,0,1273
2018-07-27,0,28.6,80,0.6,990,24.8,0.0,0.0,0.0,0,1,7,4,0,0,1,0,909
2018-07-27,1,28.3,78,0.5,1072,24.0,0.0,0.0,0.0,0,1,7,4,0,0,1,0,747
2018-07-27,2,27.8,79,1.4,1049,23.8,0.0,0.0,0.0,0,1,7,4,0,0,1,0,537
2018-07-27,3,27.6,80,1.6,929,23.8,0.0,0.0,0.0,0,1,7,4,0,0,1,0,371
2018-07-27,4,27.3,85,1.6,671,24.5,0.0,0.0,0.0,0,1,7,4,0,0,1,0,218
2018-07-27,5,27.2,86,0.8,657,24.6,0.0,0.0,0.0,0,1,7,4,0,0,1,0,295
2018-07-27,6,27.2,85,0.1,702,24.4,0.02,0.0,0.0,0,1,7,4,0,0,1,0,647
2018-07-27,7,27.6,80,1.0,783,23.8,0.27,0.0,0.0,0,1,7,4,0,0,1,0,1111
2018-07-27,8,28.5,76,0.9,725,23.8,0.59,0.0,0.0,0,1,7,4,0,0,1,0,1763
2018-07-27,9,29.9,69,1.5,769,23.5,1.12,0.0,0.0,0,1,7,4,0,0,1,0,934
2018-07-27,10,31.2,61,2.3,901,22.7,1.71,0.0,0.0,0,1,7,4,0,0,1,0,639
2018-07-27,11,32.7,56,1.9,1034,22.7,2.57,0.0,0.0,0,1,7,4,0,0,1,0,619
2018-07-27,12,33.7,53,1.9,990,22.7,2.5,0.0,0.0,0,1,7,4,0,0,1,0,714
2018-07-27,13,35.3,48,2.5,880,22.6,2.89,0.0,0.0,0,1,7,4,0,0,1,0,653
2018-07-27,14,34.1,57,1.8,667,24.3,1.13,0.0,0.0,0,1,7,4,0,0,1,0,507
2018-07-27,15,35.3,52,1.9,822,23.9,2.15,0.0,0.0,0,1,7,4,0,0,1,0,776
2018-07-27,16,35.0,55,2.8,835,24.6,1.56,0.0,0.0,0,1,7,4,0,0,1,0,905
2018-07-27,17,34.7,59,2.7,1095,25.5,1.49,0.0,0.0,0,1,7,4,0,0,1,0,1289
2018-07-27,18,33.7,62,3.2,1082,25.3,0.87,0.0,0.0,0,1,7,4,0,0,1,0,2183
2018-07-27,19,32.0,68,3.0,1286,25.3,0.38,0.0,0.0,0,1,7,4,0,0,1,0,1657
2018-07-27,20,30.7,73,2.8,1310,25.2,0.04,0.0,0.0,0,1,7,4,0,0,1,0,1565
2018-07-27,21,30.3,75,1.1,1289,25.3,0.0,0.0,0.0,0,1,7,4,0,0,1,0,1547
2018-07-27,22,29.9,74,2.0,1201,24.7,0.0,0.0,0.0,0,1,7,4,0,0,1,0,1507
2018-07-27,23,29.7,76,1.2,1159,25.0,0.0,0.0,0.0,0,1,7,4,0,0,1,0,1182
2018-07-28,0,29.4,78,2.1,1072,25.1,0.0,0.0,0.0,0,1,7,5,0,0,1,0,992
2018-07-28,1,29.1,79,1.3,975,25.0,0.0,0.0,0.0,0,1,7,5,0,0,1,0,875
2018-07-28,2,28.8,80,1.9,925,24.9,0.0,0.0,0.0,0,1,7,5,0,0,1,0,656
2018-07-28,3,28.5,81,1.2,911,24.9,0.0,0.0,0.0,0,1,7,5,0,0,1,0,461
2018-07-28,4,28.3,83,1.7,814,25.1,0.0,0.0,0.0,0,1,7,5,0,0,1,0,340
2018-07-28,5,28.1,84,0.5,754,25.1,0.0,0.0,0.0,0,1,7,5,0,0,1,0,248
2018-07-28,6,28.0,85,0.8,647,25.2,0.01,0.0,0.0,0,1,7,5,0,0,1,0,313
2018-07-28,7,28.4,82,0.7,748,25.0,0.16,0.0,0.0,0,1,7,5,0,0,1,0,428
2018-07-28,8,29.6,75,0.4,749,24.6,0.66,0.0,0.0,0,1,7,5,0,0,1,0,606
2018-07-28,9,30.6,74,1.4,716,25.4,0.95,0.0,0.0,0,1,7,5,0,0,1,0,671
2018-07-28,10,32.0,65,0.9,966,24.5,1.19,0.0,0.0,0,1,7,5,0,0,1,0,654
2018-07-28,11,32.8,62,0.6,881,24.5,1.3,0.0,0.0,0,1,7,5,0,0,1,0,592
2018-07-28,12,33.6,62,1.9,820,25.3,1.35,0.0,0.0,0,1,7,5,0,0,1,0,632
2018-07-28,13,34.2,58,1.8,933,24.7,1.33,0.0,0.0,0,1,7,5,0,0,1,0,741
2018-07-28,14,34.4,65,1.8,960,26.8,1.75,0.2,0.0,0,1,7,5,0,0,1,0,314
2018-07-28,15,28.9,86,2.2,1592,26.3,0.26,7.3,0.0,0,1,7,5,0,0,1,0,468
2018-07-28,16,28.6,82,3.4,1022,25.2,0.14,0.0,0.0,0,1,7,5,0,0,1,0,706
2018-07-28,17,28.2,83,1.3,1099,25.0,0.11,0.0,0.0,0,1,7,5,0,0,1,0,863
2018-07-28,18,29.0,81,0.8,989,25.4,0.22,0.0,0.0,0,1,7,5,0,0,1,0,843
2018-07-28,19,29.3,78,0.0,988,25.0,0.15,0.0,0.0,0,1,7,5,0,0,1,0,974
2018-07-28,20,29.2,82,0.4,1000,25.8,0.01,0.0,0.0,0,1,7,5,0,0,1,0,1095
2018-07-28,21,29.1,78,1.1,1362,24.8,0.0,0.0,0.0,0,1,7,5,0,0,1,0,1211
2018-07-28,22,29.0,74,0.9,1652,23.8,0.0,0.0,0.0,0,1,7,5,0,0,1,0,1158
2018-07-28,23,28.6,74,0.7,1807,23.5,0.0,0.0,0.0,0,1,7,5,0,0,1,0,1039
2018-07-29,0,28.4,70,0.9,1945,22.3,0.0,0.0,0.0,0,1,7,6,0,0,1,0,921
2018-07-29,1,28.0,71,0.6,1799,22.2,0.0,0.0,0.0,0,1,7,6,0,0,1,0,636
2018-07-29,2,27.7,73,0.4,1832,22.4,0.0,0.0,0.0,0,1,7,6,0,0,1,0,511
2018-07-29,3,27.4,73,0.6,1893,22.1,0.0,0.0,0.0,0,1,7,6,0,0,1,0,403
2018-07-29,4,27.0,74,0.8,1816,21.9,0.0,0.0,0.0,0,1,7,6,0,0,1,0,245
2018-07-29,5,26.7,75,0.3,1871,21.8,0.0,0.0,0.0,0,1,7,6,0,0,1,0,199
2018-07-29,6,26.4,76,0.4,1813,21.8,0.01,0.0,0.0,0,1,7,6,0,0,1,0,266
2018-07-29,7,26.9,69,0.8,1960,20.7,0.29,0.0,0.0,0,1,7,6,0,0,1,0,345
2018-07-29,8,28.6,63,0.8,1867,20.8,1.0,0.0,0.0,0,1,7,6,0,0,1,0,456
2018-07-29,9,30.6,54,1.7,1831,20.2,1.68,0.0,0.0,0,1,7,6,0,0,1,0,519
2018-07-29,10,32.4,48,1.9,1952,19.9,2.33,0.0,0.0,0,1,7,6,0,0,1,0,473
2018-07-29,11,33.6,46,1.7,1965,20.3,2.6,0.0,0.0,0,1,7,6,0,0,1,0,476
2018-07-29,12,33.8,47,1.7,1962,20.9,1.92,0.0,0.0,0,1,7,6,0,0,1,0,644
2018-07-29,13,34.4,41,2.9,1970,19.2,2.33,0.0,0.0,0,1,7,6,0,0,1,0,622
2018-07-29,14,35.4,43,1.4,2000,20.9,2.48,0.0,0.0,0,1,7,6,0,0,1,0,630
2018-07-29,15,35.9,37,1.9,1949,18.9,1.98,0.0,0.0,0,1,7,6,0,0,1,0,713
2018-07-29,16,36.0,33,1.4,2000,17.1,1.97,0.0,0.0,0,1,7,6,0,0,1,0,760
2018-07-29,17,36.3,36,1.5,2000,18.8,1.87,0.0,0.0,0,1,7,6,0,0,1,0,895
2018-07-29,18,35.8,35,1.3,2000,17.9,1.21,0.0,0.0,0,1,7,6,0,0,1,0,1141
2018-07-29,19,34.4,39,1.2,2000,18.4,0.58,0.0,0.0,0,1,7,6,0,0,1,0,1486
2018-07-29,20,32.3,48,1.4,2000,19.8,0.08,0.0,0.0,0,1,7,6,0,0,1,0,1697
2018-07-29,21,31.1,47,1.3,2000,18.4,0.0,0.0,0.0,0,1,7,6,0,0,1,0,1638
2018-07-29,22,30.4,45,1.6,2000,17.1,0.0,0.0,0.0,0,1,7,6,0,0,1,0,1406
2018-07-29,23,29.9,45,1.4,2000,16.6,0.0,0.0,0.0,0,1,7,6,0,0,1,0,1108
2018-07-30,0,29.2,50,1.1,2000,17.7,0.0,0.0,0.0,0,1,7,0,0,0,1,0,810
2018-07-30,1,28.5,54,1.1,2000,18.2,0.0,0.0,0.0,0,1,7,0,0,0,1,0,575
2018-07-30,2,28.0,57,1.2,2000,18.6,0.0,0.0,0.0,0,1,7,0,0,0,1,0,363
2018-07-30,3,27.4,59,1.4,2000,18.6,0.0,0.0,0.0,0,1,7,0,0,0,1,0,253
2018-07-30,4,26.7,62,1.0,2000,18.8,0.0,0.0,0.0,0,1,7,0,0,0,1,0,209
2018-07-30,5,26.4,62,0.6,2000,18.5,0.0,0.0,0.0,0,1,7,0,0,0,1,0,273
2018-07-30,6,26.2,64,1.4,2000,18.8,0.01,0.0,0.0,0,1,7,0,0,0,1,0,668
2018-07-30,7,26.8,59,1.1,2000,18.1,0.28,0.0,0.0,0,1,7,0,0,0,1,0,1130
2018-07-30,8,28.8,56,1.4,2000,19.1,1.08,0.0,0.0,0,1,7,0,0,0,1,0,1646
2018-07-30,9,30.5,53,1.6,2000,19.8,1.74,0.0,0.0,0,1,7,0,0,0,1,0,866
2018-07-30,10,32.0,50,2.1,1992,20.2,2.34,0.0,0.0,0,1,7,0,0,0,1,0,609
2018-07-30,11,33.2,46,1.4,1968,20.0,2.16,0.0,0.0,0,1,7,0,0,0,1,0,623
2018-07-30,12,33.6,48,1.6,2000,21.0,1.89,0.0,0.0,0,1,7,0,0,0,1,0,663
2018-07-30,13,34.7,43,1.3,2000,20.2,2.05,0.0,0.0,0,1,7,0,0,0,1,0,688
2018-07-30,14,35.3,41,1.3,2000,20.0,2.01,0.0,0.0,0,1,7,0,0,0,1,0,645
2018-07-30,15,35.5,43,1.3,2000,20.9,1.61,0.0,0.0,0,1,7,0,0,0,1,0,666
2018-07-30,16,36.4,40,1.1,2000,20.6,1.79,0.0,0.0,0,1,7,0,0,0,1,0,845
2018-07-30,17,35.4,44,0.8,2000,21.2,1.1,0.0,0.0,0,1,7,0,0,0,1,0,1224
2018-07-30,18,36.5,38,0.9,2000,19.8,1.17,0.0,0.0,0,1,7,0,0,0,1,0,2347
2018-07-30,19,35.2,43,0.9,2000,20.7,0.42,0.0,0.0,0,1,7,0,0,0,1,0,2016
2018-07-30,20,33.9,46,1.4,2000,20.6,0.03,0.0,0.0,0,1,7,0,0,0,1,0,1947
2018-07-30,21,33.1,48,1.1,2000,20.6,0.0,0.0,0.0,0,1,7,0,0,0,1,0,1875
2018-07-30,22,32.5,50,1.2,2000,20.7,0.0,0.0,0.0,0,1,7,0,0,0,1,0,1552
2018-07-30,23,31.7,52,1.2,2000,20.6,0.0,0.0,0.0,0,1,7,0,0,0,1,0,1202
2018-07-31,0,31.0,54,0.8,2000,20.5,0.0,0.0,0.0,0,1,7,1,0,0,1,0,901
2018-07-31,1,30.2,57,0.7,2000,20.7,0.0,0.0,0.0,0,1,7,1,0,0,1,0,695
2018-07-31,2,29.8,57,0.8,2000,20.3,0.0,0.0,0.0,0,1,7,1,0,0,1,0,476
2018-07-31,3,29.3,57,1.6,2000,19.8,0.0,0.0,0.0,0,1,7,1,0,0,1,0,334
2018-07-31,4,28.8,58,0.9,2000,19.7,0.0,0.0,0.0,0,1,7,1,0,0,1,0,244
2018-07-31,5,28.3,60,1.6,2000,19.7,0.0,0.0,0.0,0,1,7,1,0,0,1,0,284
2018-07-31,6,27.9,63,0.5,2000,20.1,0.01,0.0,0.0,0,1,7,1,0,0,1,0,584
2018-07-31,7,27.9,60,1.1,1983,19.4,0.28,0.0,0.0,0,1,7,1,0,0,1,0,1091
2018-07-31,8,29.3,51,0.9,2000,18.1,1.02,0.0,0.0,0,1,7,1,0,0,1,0,1665
2018-07-31,9,30.9,47,1.0,2000,18.2,1.62,0.0,0.0,0,1,7,1,0,0,1,0,860
2018-07-31,10,32.7,43,1.2,2000,18.4,2.31,0.0,0.0,0,1,7,1,0,0,1,0,582
2018-07-31,11,34.1,40,1.5,1947,18.5,2.8,0.0,0.0,0,1,7,1,0,0,1,0,583
2018-07-31,12,35.2,39,1.2,2000,19.1,2.86,0.0,0.0,0,1,7,1,0,0,1,0,626
2018-07-31,13,36.1,38,1.0,2000,19.5,3.12,0.0,0.0,0,1,7,1,0,0,1,0,623
2018-07-31,14,36.4,35,1.3,1967,18.4,2.46,0.0,0.0,0,1,7,1,0,0,1,0,579
2018-07-31,15,37.8,34,1.8,1965,19.2,2.81,0.0,0.0,0,1,7,1,0,0,1,0,665
2018-07-31,16,37.0,38,1.2,2000,20.3,2.07,0.0,0.0,0,1,7,1,0,0,1,0,763
2018-07-31,17,38.0,36,1.3,1989,20.3,2.03,0.0,0.0,0,1,7,1,0,0,1,0,1184
2018-07-31,18,36.2,45,2.0,2000,22.3,0.65,0.0,0.0,0,1,7,1,0,0,1,0,2092
2018-07-31,19,34.9,47,2.4,2000,21.9,0.42,0.0,0.0,0,1,7,1,0,0,1,0,1865
2018-07-31,20,33.5,50,2.1,2000,21.6,0.04,0.0,0.0,0,1,7,1,0,0,1,0,1772
2018-07-31,21,32.7,51,2.8,2000,21.2,0.0,0.0,0.0,0,1,7,1,0,0,1,0,1719
2018-07-31,22,31.6,66,3.0,2000,24.4,0.0,0.0,0.0,0,1,7,1,0,0,1,0,1613
2018-07-31,23,31.0,65,0.5,2000,23.6,0.0,0.0,0.0,0,1,7,1,0,0,1,0,1097
2018-08-01,0,30.5,68,1.9,2000,23.9,0.0,0.0,0.0,0,1,8,2,0,0,1,0,875
2018-08-01,1,29.9,70,1.0,2000,23.8,0.0,0.0,0.0,0,1,8,2,0,0,1,0,724
2018-08-01,2,29.5,69,0.8,2000,23.2,0.0,0.0,0.0,0,1,8,2,0,0,1,0,501
2018-08-01,3,29.1,64,0.5,1997,21.5,0.0,0.0,0.0,0,1,8,2,0,0,1,0,362
2018-08-01,4,28.5,69,0.3,2000,22.2,0.0,0.0,0.0,0,1,8,2,0,0,1,0,250
2018-08-01,5,28.3,68,0.3,2000,21.8,0.0,0.0,0.0,0,1,8,2,0,0,1,0,315
2018-08-01,6,27.8,73,0.9,1971,22.5,0.01,0.0,0.0,0,1,8,2,0,0,1,0,622
2018-08-01,7,28.2,68,0.5,1748,21.7,0.27,0.0,0.0,0,1,8,2,0,0,1,0,1061
2018-08-01,8,30.3,59,0.8,1920,21.3,1.02,0.0,0.0,0,1,8,2,0,0,1,0,1550
2018-08-01,9,32.4,53,0.7,1264,21.5,1.69,0.0,0.0,0,1,8,2,0,0,1,0,853
2018-08-01,10,34.3,45,1.0,1919,20.6,2.31,0.0,0.0,0,1,8,2,0,0,1,0,540
2018-08-01,11,35.8,41,1.6,1795,20.4,2.77,0.0,0.0,0,1,8,2,0,0,1,0,521
2018-08-01,12,36.8,39,1.3,1944,20.5,2.8,0.0,0.0,0,1,8,2,0,0,1,0,569
2018-08-01,13,37.9,38,2.3,1868,21.1,3.05,0.0,0.0,0,1,8,2,0,0,1,0,533
2018-08-01,14,38.7,38,2.4,1943,21.8,3.12,0.0,0.0,0,1,8,2,0,0,1,0,475
2018-08-01,15,39.3,37,2.3,1892,21.9,2.82,0.0,0.0,0,1,8,2,0,0,1,0,531
2018-08-01,16,39.4,39,2.5,1897,22.8,2.42,0.0,0.0,0,1,8,2,0,0,1,0,561
2018-08-01,17,39.0,41,2.6,1881,23.3,1.83,0.0,0.0,0,1,8,2,0,0,1,0,1033
2018-08-01,18,37.8,47,3.8,1931,24.5,1.09,0.0,0.0,0,1,8,2,0,0,1,0,1929
2018-08-01,19,36.1,56,3.7,1837,25.9,0.47,0.0,0.0,0,1,8,2,0,0,1,0,1553
2018-08-01,20,34.5,62,2.8,1701,26.1,0.02,0.0,0.0,0,1,8,2,0,0,1,0,1441
2018-08-01,21,33.3,64,3.0,1680,25.5,0.0,0.0,0.0,0,1,8,2,0,0,1,0,1500
2018-08-01,22,32.6,64,2.4,1703,24.8,0.0,0.0,0.0,0,1,8,2,0,0,1,0,1367
2018-08-01,23,32.3,67,1.0,1592,25.3,0.0,0.0,0.0,0,1,8,2,0,0,1,0,1046
2018-08-02,0,31.9,67,1.5,1550,25.0,0.0,0.0,0.0,0,1,8,3,0,0,1,0,850
2018-08-02,1,31.5,69,1.5,1512,25.1,0.0,0.0,0.0,0,1,8,3,0,0,1,0,647
2018-08-02,2,31.5,68,0.0,1504,24.8,0.0,0.0,0.0,0,1,8,3,0,0,1,0,459
2018-08-02,3,31.1,70,0.4,1449,24.9,0.0,0.0,0.0,0,1,8,3,0,0,1,0,295
2018-08-02,4,31.1,54,1.9,2000,20.6,0.0,0.0,0.0,0,1,8,3,0,0,1,0,215
2018-08-02,5,30.7,57,0.9,2000,21.1,0.0,0.0,0.0,0,1,8,3,0,0,1,0,265
2018-08-02,6,30.4,54,1.3,2000,20.0,0.01,0.0,0.0,0,1,8,3,0,0,1,0,578
2018-08-02,7,30.5,53,1.1,2000,19.8,0.22,0.0,0.0,0,1,8,3,0,0,1,0,1006
2018-08-02,8,31.6,50,1.1,1943,19.9,0.76,0.0,0.0,0,1,8,3,0,0,1,0,1579
2018-08-02,9,32.9,49,1.8,1843,20.7,1.53,0.0,0.0,0,1,8,3,0,0,1,0,813
2018-08-02,10,34.4,46,2.0,1880,21.1,1.94,0.0,0.0,0,1,8,3,0,0,1,0,549
2018-08-02,11,35.3,45,1.7,1829,21.5,2.27,0.0,0.0,0,1,8,3,0,0,1,0,547
2018-08-02,12,36.6,41,2.0,1866,21.2,2.58,0.0,0.0,0,1,8,3,0,0,1,0,562
2018-08-02,13,36.7,44,1.4,1765,22.4,1.9,0.0,0.0,0,1,8,3,0,0,1,0,550
2018-08-02,14,37.3,40,1.8,1666,21.4,1.52,0.0,0.0,0,1,8,3,0,0,1,0,535
2018-08-02,15,36.6,44,1.5,1771,22.3,1.13,0.0,0.0,0,1,8,3,0,0,1,0,605
2018-08-02,16,37.9,39,1.6,1757,21.5,1.76,0.0,0.0,0,1,8,3,0,0,1,0,676
2018-08-02,17,37.4,44,2.3,1829,23.0,1.49,0.0,0.0,0,1,8,3,0,0,1,0,1066
2018-08-02,18,36.7,47,2.5,1803,23.5,0.99,0.0,0.0,0,1,8,3,0,0,1,0,1881
2018-08-02,19,35.2,52,2.3,1754,23.8,0.44,0.0,0.0,0,1,8,3,0,0,1,0,1605
2018-08-02,20,33.9,58,2.4,1519,24.4,0.04,0.0,0.0,0,1,8,3,0,0,1,0,1480
2018-08-02,21,33.3,63,1.2,1304,25.2,0.0,0.0,0.0,0,1,8,3,0,0,1,0,1535
2018-08-02,22,32.9,64,1.0,1088,25.1,0.0,0.0,0.0,0,1,8,3,0,0,1,0,1375
2018-08-02,23,32.4,64,1.7,1153,24.7,0.0,0.0,0.0,0,1,8,3,0,0,1,0,1020
2018-08-03,0,32.1,67,1.1,1077,25.1,0.0,0.0,0.0,0,1,8,4,0,0,1,0,763
2018-08-03,1,31.7,68,0.3,1103,25.0,0.0,0.0,0.0,0,1,8,4,0,0,1,0,675
2018-08-03,2,31.5,68,0.3,1001,24.8,0.0,0.0,0.0,0,1,8,4,0,0,1,0,443
2018-08-03,3,31.2,68,1.4,968,24.5,0.0,0.0,0.0,0,1,8,4,0,0,1,0,327
2018-08-03,4,31.0,73,0.5,990,25.5,0.0,0.0,0.0,0,1,8,4,0,0,1,0,236
2018-08-03,5,30.5,72,0.5,1084,24.8,0.0,0.0,0.0,0,1,8,4,0,0,1,0,266
2018-08-03,6,30.5,62,1.3,1583,22.3,0.01,0.0,0.0,0,1,8,4,0,0,1,0,544
2018-08-03,7,30.8,58,1.6,1777,21.5,0.22,0.0,0.0,0,1,8,4,0,0,1,0,937
2018-08-03,8,31.8,55,1.3,1537,21.6,0.78,0.0,0.0,0,1,8,4,0,0,1,0,1471
2018-08-03,9,33.0,50,1.7,1722,21.1,1.49,0.0,0.0,0,1,8,4,0,0,1,0,784
2018-08-03,10,34.3,48,2.5,1822,21.7,2.12,0.0,0.0,0,1,8,4,0,0,1,0,530
2018-08-03,11,35.7,42,1.6,1727,20.7,2.56,0.0,0.0,0,1,8,4,0,0,1,0,575
2018-08-03,12,36.8,41,2.1,1759,21.3,2.53,0.0,0.0,0,1,8,4,0,0,1,0,585
2018-08-03,13,36.8,44,1.8,1625,22.5,1.79,0.0,0.0,0,1,8,4,0,0,1,0,585
2018-08-03,14,37.4,40,2.8,1519,21.5,2.03,0.0,0.0,0,1,8,4,0,0,1,0,575
2018-08-03,15,37.4,44,3.2,1499,23.0,2.71,0.0,0.0,0,1,8,4,0,0,1,0,600
2018-08-03,16,36.7,44,3.5,1666,22.4,2.16,0.0,0.0,0,1,8,4,0,0,1,0,763
2018-08-03,17,35.8,49,3.9,1633,23.4,1.52,0.0,0.0,0,1,8,4,0,0,1,0,1105
2018-08-03,18,34.4,53,3.3,1650,23.4,0.8,0.0,0.0,0,1,8,4,0,0,1,0,1920
2018-08-03,19,33.5,54,2.7,1871,22.9,0.35,0.0,0.0,0,1,8,4,0,0,1,0,1558
2018-08-03,20,32.2,58,1.9,1673,22.8,0.02,0.0,0.0,0,1,8,4,0,0,1,0,1517
2018-08-03,21,31.2,63,1.7,1537,23.3,0.0,0.0,0.0,0,1,8,4,0,0,1,0,1511
2018-08-03,22,30.6,64,1.2,1705,23.0,0.0,0.0,0.0,0,1,8,4,0,0,1,0,1421
2018-08-03,23,30.2,62,0.8,1708,22.1,0.0,0.0,0.0,0,1,8,4,0,0,1,0,1103
2018-08-04,0,30.0,61,1.7,1794,21.6,0.0,0.0,0.0,0,1,8,5,0,0,1,0,953
2018-08-04,1,29.9,61,1.1,1745,21.5,0.0,0.0,0.0,0,1,8,5,0,0,1,0,872
2018-08-04,2,29.9,59,1.9,1902,21.0,0.0,0.0,0.0,0,1,8,5,0,0,1,0,594
2018-08-04,3,29.7,57,1.5,1964,20.2,0.0,0.0,0.0,0,1,8,5,0,0,1,0,435
2018-08-04,4,29.5,60,1.2,1774,20.9,0.0,0.0,0.0,0,1,8,5,0,0,1,0,304
2018-08-04,5,29.2,62,2.1,1835,21.1,0.0,0.0,0.0,0,1,8,5,0,0,1,0,234
2018-08-04,6,29.1,63,1.6,1818,21.3,0.0,0.0,0.0,0,1,8,5,0,0,1,0,289
2018-08-04,7,29.4,62,1.9,1758,21.3,0.24,0.0,0.0,0,1,8,5,0,0,1,0,405
2018-08-04,8,30.2,61,1.8,1562,21.8,0.65,0.0,0.0,0,1,8,5,0,0,1,0,568
2018-08-04,9,31.3,58,1.9,1598,22.0,1.24,0.0,0.0,0,1,8,5,0,0,1,0,598
2018-08-04,10,32.3,56,1.7,1625,22.3,1.61,0.0,0.0,0,1,8,5,0,0,1,0,569
2018-08-04,11,33.4,52,2.8,1462,22.1,2.19,0.0,0.0,0,1,8,5,0,0,1,0,655
2018-08-04,12,33.2,52,2.5,1514,22.0,1.59,0.0,0.0,0,1,8,5,0,0,1,0,640
2018-08-04,13,33.6,54,3.7,1754,23.0,2.56,0.0,0.0,0,1,8,5,0,0,1,0,703
2018-08-04,14,33.1,54,4.2,1879,22.5,2.09,0.0,0.0,0,1,8,5,0,0,1,0,676
2018-08-04,15,34.7,48,3.6,1973,22.0,2.47,0.0,0.0,0,1,8,5,0,0,1,0,690
2018-08-04,16,34.5,49,4.0,1925,22.2,2.35,0.0,0.0,0,1,8,5,0,0,1,0,700
2018-08-04,17,34.3,48,3.4,2000,21.7,1.82,0.0,0.0,0,1,8,5,0,0,1,0,901
2018-08-04,18,33.2,52,3.7,1986,22.0,1.14,0.0,0.0,0,1,8,5,0,0,1,0,1044
2018-08-04,19,32.0,57,2.9,2000,22.4,0.48,0.0,0.0,0,1,8,5,0,0,1,0,1277
2018-08-04,20,30.2,66,2.8,2000,23.1,0.02,0.0,0.0,0,1,8,5,0,0,1,0,1387
2018-08-04,21,29.2,73,1.9,1933,23.8,0.0,0.0,0.0,0,1,8,5,0,0,1,0,1377
2018-08-04,22,28.6,74,2.5,1804,23.5,0.0,0.0,0.0,0,1,8,5,0,0,1,0,1337
2018-08-04,23,28.2,78,2.5,1678,23.9,0.0,0.0,0.0,0,1,8,5,0,0,1,0,1155
2018-08-05,0,28.0,82,1.4,1221,24.6,0.0,0.0,0.0,0,1,8,6,0,0,1,0,983
2018-08-05,1,27.7,83,2.7,1128,24.5,0.0,0.0,0.0,0,1,8,6,0,0,1,0,758
2018-08-05,2,27.5,83,2.7,1118,24.3,0.0,0.0,0.0,0,1,8,6,0,0,1,0,509
2018-08-05,3,27.3,84,1.7,1089,24.3,0.0,0.0,0.0,0,1,8,6,0,0,1,0,401
2018-08-05,4,27.3,83,2.2,1054,24.1,0.0,0.0,0.0,0,1,8,6,0,0,1,0,253
2018-08-05,5,27.3,84,0.8,1067,24.3,0.0,0.0,0.0,0,1,8,6,0,0,1,0,188
2018-08-05,6,27.3,83,1.4,1080,24.1,0.0,0.0,0.0,0,1,8,6,0,0,1,0,222
2018-08-05,7,27.5,86,1.8,485,24.9,0.03,0.4,0.0,0,1,8,6,0,0,1,0,223
2018-08-05,8,27.5,95,0.7,404,26.6,0.14,1.6,0.0,0,1,8,6,0,0,1,0,309
2018-08-05,9,29.1,76,2.2,1041,24.4,1.38,0.0,0.0,0,1,8,6,0,0,1,0,422
2018-08-05,10,29.5,78,2.0,1091,25.2,1.28,0.0,0.0,0,1,8,6,0,0,1,0,461
2018-08-05,11,31.2,63,2.6,1695,23.3,1.99,0.0,0.0,0,1,8,6,0,0,1,0,499
2018-08-05,12,32.5,59,3.4,1780,23.4,2.33,0.0,0.0,0,1,8,6,0,0,1,0,565
2018-08-05,13,33.0,56,3.5,1857,23.0,2.68,0.0,0.0,0,1,8,6,0,0,1,0,600
2018-08-05,14,33.3,55,4.7,1921,23.0,3.05,0.0,0.0,0,1,8,6,0,0,1,0,639
2018-08-05,15,33.7,55,3.7,1843,23.3,2.67,0.0,0.0,0,1,8,6,0,0,1,0,712
2018-08-05,16,33.6,57,3.5,1901,23.8,2.19,0.0,0.0,0,1,8,6,0,0,1,0,818
2018-08-05,17,32.8,61,4.0,1878,24.2,1.46,0.0,0.0,0,1,8,6,0,0,1,0,978
2018-08-05,18,31.8,63,4.0,1849,23.8,0.81,0.0,0.0,0,1,8,6,0,0,1,0,1247
2018-08-05,19,30.9,68,3.3,1821,24.2,0.52,0.0,0.0,0,1,8,6,0,0,1,0,1411
2018-08-05,20,30.0,72,3.5,1765,24.3,0.09,0.0,0.0,0,1,8,6,0,0,1,0,1524
2018-08-05,21,29.3,75,3.6,1674,24.4,0.0,0.0,0.0,0,1,8,6,0,0,1,0,1465
2018-08-05,22,29.1,77,3.0,1559,24.6,0.0,0.0,0.0,0,1,8,6,0,0,1,0,1286
2018-08-05,23,28.8,79,1.3,1484,24.7,0.0,0.0,0.0,0,1,8,6,0,0,1,0,942
2018-08-06,0,28.7,79,2.2,1473,24.6,0.0,0.0,0.0,0,1,8,0,0,0,1,0,707
2018-08-06,1,28.7,80,1.5,1295,24.8,0.0,0.0,0.0,0,1,8,0,0,0,1,0,455
2018-08-06,2,28.6,80,1.2,1163,24.8,0.0,0.0,0.0,0,1,8,0,0,0,1,0,309
2018-08-06,3,28.6,81,1.1,1105,25.0,0.0,0.0,0.0,0,1,8,0,0,0,1,0,219
2018-08-06,4,28.4,82,0.5,1144,25.0,0.0,0.0,0.0,0,1,8,0,0,0,1,0,162
2018-08-06,5,28.3,83,1.7,969,25.1,0.0,0.0,0.0,0,1,8,0,0,0,1,0,258
2018-08-06,6,28.3,83,1.1,900,25.1,0.0,0.0,0.0,0,1,8,0,0,0,1,0,546
2018-08-06,7,28.5,82,0.8,914,25.1,0.09,0.0,0.0,0,1,8,0,0,0,1,0,699
2018-08-06,8,28.7,86,1.4,532,26.1,0.32,0.5,0.0,0,1,8,0,0,0,1,0,797
2018-08-06,9,28.4,87,1.7,1313,26.0,0.56,4.0,0.0,0,1,8,0,0,0,1,0,614
2018-08-06,10,29.8,76,1.4,850,25.1,1.52,0.0,0.0,0,1,8,0,0,0,1,0,533
2018-08-06,11,31.3,70,1.0,1227,25.1,1.89,0.0,0.0,0,1,8,0,0,0,1,0,569
2018-08-06,12,33.2,59,2.6,1289,24.0,2.37,0.0,0.0,0,1,8,0,0,0,1,0,613
2018-08-06,13,34.3,54,2.2,1540,23.6,2.93,0.0,0.0,0,1,8,0,0,0,1,0,666
2018-08-06,14,34.0,59,3.2,1180,24.8,1.98,0.0,0.0,0,1,8,0,0,0,1,0,571
2018-08-06,15,33.6,58,3.6,1448,24.1,1.98,0.0,0.0,0,1,8,0,0,0,1,0,646
2018-08-06,16,34.6,55,2.5,1650,24.2,2.01,0.0,0.0,0,1,8,0,0,0,1,0,752
2018-08-06,17,35.0,53,1.5,1618,23.9,1.78,0.0,0.0,0,1,8,0,0,0,1,0,1063
2018-08-06,18,32.8,63,1.3,1799,24.8,0.31,0.0,0.0,0,1,8,0,0,0,1,0,1956
2018-08-06,19,32.2,65,0.8,1894,24.7,0.1,0.0,0.0,0,1,8,0,0,0,1,0,1548
2018-08-06,20,31.3,65,2.0,1586,23.9,0.02,0.0,0.0,0,1,8,0,0,0,1,0,1537
2018-08-06,21,30.6,70,1.6,1542,24.4,0.0,0.0,0.0,0,1,8,0,0,0,1,0,1611
2018-08-06,22,30.1,72,0.4,1806,24.4,0.0,0.0,0.0,0,1,8,0,0,0,1,0,1371
2018-08-06,23,29.4,79,1.2,777,25.3,0.0,2.0,0.0,0,1,8,0,0,0,1,0,969
2018-08-07,0,28.8,72,0.8,2000,23.2,0.0,0.0,0.0,0,1,8,1,0,0,1,0,842
2018-08-07,1,28.2,68,0.9,2000,21.7,0.0,0.0,0.0,0,1,8,1,0,0,1,0,619
2018-08-07,2,27.9,68,0.9,2000,21.4,0.0,0.0,0.0,0,1,8,1,0,0,1,0,443
2018-08-07,3,27.6,69,0.9,2000,21.3,0.0,0.0,0.0,0,1,8,1,0,0,1,0,278
2018-08-07,4,27.3,68,0.7,2000,20.8,0.0,0.0,0.0,0,1,8,1,0,0,1,0,201
2018-08-07,5,27.1,69,0.9,2000,20.9,0.0,0.0,0.0,0,1,8,1,0,0,1,0,273
2018-08-07,6,26.8,70,0.7,2000,20.8,0.0,0.0,0.0,0,1,8,1,0,0,1,0,634
2018-08-07,7,27.0,69,0.8,2000,20.8,0.23,0.0,0.0,0,1,8,1,0,0,1,0,1059
2018-08-07,8,28.5,64,2.0,2000,21.0,0.89,0.0,0.0,0,1,8,1,0,0,1,0,1695
2018-08-07,9,29.3,66,1.1,2000,22.2,1.07,0.0,0.0,0,1,8,1,0,0,1,0,961
2018-08-07,10,30.1,65,1.2,2000,22.7,1.11,0.0,0.0,0,1,8,1,0,0,1,0,635
2018-08-07,11,31.4,59,0.8,2000,22.4,1.3,0.0,0.0,0,1,8,1,0,0,1,0,657
2018-08-07,12,31.9,57,0.9,1981,22.3,1.28,0.0,0.0,0,1,8,1,0,0,1,0,770
2018-08-07,13,33.0,55,1.0,1967,22.7,1.49,0.0,0.0,0,1,8,1,0,0,1,0,662
2018-08-07,14,34.0,50,1.2,1744,22.1,1.68,0.0,0.0,0,1,8,1,0,0,1,0,658
2018-08-07,15,34.3,49,1.0,1633,22.0,1.62,0.0,0.0,0,1,8,1,0,0,1,0,698
2018-08-07,16,35.4,45,2.6,1529,21.6,1.84,0.0,0.0,0,1,8,1,0,0,1,0,855
2018-08-07,17,35.6,44,2.4,1860,21.4,1.69,0.0,0.0,0,1,8,1,0,0,1,0,1232
2018-08-07,18,34.6,50,3.1,1821,22.6,1.0,0.0,0.0,0,1,8,1,0,0,1,0,2274
2018-08-07,19,32.9,56,2.6,1944,22.9,0.4,0.0,0.0,0,1,8,1,0,0,1,0,1898
2018-08-07,20,31.1,64,2.7,1770,23.4,0.02,0.0,0.0,0,1,8,1,0,0,1,0,1836
2018-08-07,21,30.3,69,2.2,1834,23.9,0.0,0.0,0.0,0,1,8,1,0,0,1,0,1826
2018-08-07,22,29.8,75,1.4,1609,24.8,0.0,0.0,0.0,0,1,8,1,0,0,1,0,1664
2018-08-07,23,29.5,78,1.4,1469,25.2,0.0,0.0,0.0,0,1,8,1,0,0,1,0,1136
2018-08-08,0,29.1,77,2.1,1465,24.6,0.0,0.0,0.0,0,1,8,2,0,0,1,0,853
2018-08-08,1,28.5,80,1.5,1306,24.7,0.0,0.0,0.0,0,1,8,2,0,0,1,0,700
2018-08-08,2,28.3,84,2.1,1099,25.3,0.0,0.0,0.0,0,1,8,2,0,0,1,0,489
2018-08-08,3,28.3,84,0.5,1006,25.3,0.0,0.0,0.0,0,1,8,2,0,0,1,0,322
2018-08-08,4,28.0,85,1.0,1079,25.2,0.0,0.0,0.0,0,1,8,2,0,0,1,0,183
2018-08-08,5,27.9,84,0.0,1172,24.9,0.0,0.0,0.0,0,1,8,2,0,0,1,0,260
2018-08-08,6,27.6,84,1.2,1123,24.6,0.01,0.0,0.0,0,1,8,2,0,0,1,0,614
2018-08-08,7,28.2,82,1.5,985,24.8,0.19,0.0,0.0,0,1,8,2,0,0,1,0,1079
2018-08-08,8,28.6,80,1.6,708,24.8,0.49,0.0,0.0,0,1,8,2,0,0,1,0,1693
2018-08-08,9,30.2,66,1.4,1131,23.1,1.48,0.0,0.0,0,1,8,2,0,0,1,0,920
2018-08-08,10,31.6,58,2.3,1528,22.3,2.02,0.0,0.0,0,1,8,2,0,0,1,0,657
2018-08-08,11,32.7,55,2.7,1836,22.4,2.44,0.0,0.0,0,1,8,2,0,0,1,0,624
2018-08-08,12,34.1,46,1.6,1885,20.8,2.72,0.0,0.0,0,1,8,2,0,0,1,0,629
2018-08-08,13,34.4,48,2.1,1921,21.7,2.37,0.0,0.0,0,1,8,2,0,0,1,0,673
2018-08-08,14,33.6,50,3.5,1993,21.7,1.15,0.0,0.0,0,1,8,2,0,0,1,0,670
2018-08-08,15,34.5,47,3.2,1958,21.5,2.32,0.0,0.0,0,1,8,2,0,0,1,0,687
2018-08-08,16,35.1,40,2.6,1989,19.4,2.29,0.0,0.0,0,1,8,2,0,0,1,0,839
2018-08-08,17,35.0,37,2.6,2000,18.1,1.72,0.0,0.0,0,1,8,2,0,0,1,0,1266
2018-08-08,18,34.5,45,2.0,2000,20.8,1.0,0.0,0.0,0,1,8,2,0,0,1,0,2326
2018-08-08,19,32.6,60,3.5,1982,23.8,0.37,0.0,0.0,0,1,8,2,0,0,1,0,1983
2018-08-08,20,31.0,66,2.9,1857,23.8,0.02,0.0,0.0,0,1,8,2,0,0,1,0,1822
2018-08-08,21,29.7,71,3.2,1934,23.8,0.0,0.0,0.0,0,1,8,2,0,0,1,0,1783
2018-08-08,22,29.5,73,0.9,1936,24.1,0.0,0.0,0.0,0,1,8,2,0,0,1,0,1628
2018-08-08,23,29.1,77,0.4,1552,24.6,0.0,0.0,0.0,0,1,8,2,0,0,1,0,1180
2018-08-09,0,28.9,75,1.6,1946,24.0,0.0,0.0,0.0,0,1,8,3,0,0,1,0,929
2018-08-09,1,28.8,75,2.1,1975,23.9,0.0,0.0,0.0,0,1,8,3,0,0,1,0,733
2018-08-09,2,28.5,79,1.2,1546,24.4,0.0,0.0,0.0,0,1,8,3,0,0,1,0,466
2018-08-09,3,28.3,80,1.4,1617,24.5,0.0,0.0,0.0,0,1,8,3,0,0,1,0,334
2018-08-09,4,28.1,81,1.5,1729,24.5,0.0,0.0,0.0,0,1,8,3,0,0,1,0,189
2018-08-09,5,27.8,82,1.0,1599,24.4,0.0,0.0,0.0,0,1,8,3,0,0,1,0,292
2018-08-09,6,27.7,84,1.4,1436,24.7,0.0,0.0,0.0,0,1,8,3,0,0,1,0,619
2018-08-09,7,27.9,81,1.8,1497,24.3,0.12,0.0,0.0,0,1,8,3,0,0,1,0,1088
2018-08-09,8,28.6,75,1.2,1588,23.7,0.56,0.0,0.0,0,1,8,3,0,0,1,0,1731
2018-08-09,9,29.4,64,2.3,1926,21.8,0.9,0.0,0.0,0,1,8,3,0,0,1,0,977
2018-08-09,10,30.4,63,1.8,1883,22.5,1.32,0.0,0.0,0,1,8,3,0,0,1,0,649
2018-08-09,11,30.8,63,2.4,1919,22.9,0.94,0.0,0.0,0,1,8,3,0,0,1,0,659
2018-08-09,12,31.1,63,3.0,1795,23.2,1.14,0.0,0.0,0,1,8,3,0,0,1,0,484
2018-08-09,13,29.7,80,1.7,1312,25.8,0.73,0.4,0.0,0,1,8,3,0,0,1,0,628
2018-08-09,14,30.8,69,1.8,1218,24.4,1.58,0.0,0.0,0,1,8,3,0,0,1,0,561
2018-08-09,15,31.2,67,2.7,1368,24.3,1.39,0.0,0.0,0,1,8,3,0,0,1,0,644
2018-08-09,16,31.6,73,3.0,1133,26.1,1.57,0.0,0.0,0,1,8,3,0,0,1,0,559
2018-08-09,17,28.8,83,4.0,969,25.6,0.39,1.1,0.0,0,1,8,3,0,0,1,0,740
2018-08-09,18,28.1,86,2.3,1244,25.5,0.28,0.5,0.0,0,1,8,3,0,0,1,0,1850
2018-08-09,19,28.2,82,0.4,1832,24.8,0.16,0.0,0.0,0,1,8,3,0,0,1,0,1698
2018-08-09,20,27.9,78,0.6,1989,23.7,0.03,0.0,0.0,0,1,8,3,0,0,1,0,1591
2018-08-09,21,27.8,82,0.3,1397,24.4,0.0,0.0,0.0,0,1,8,3,0,0,1,0,1654
2018-08-09,22,27.5,82,0.4,1228,24.1,0.0,0.0,0.0,0,1,8,3,0,0,1,0,1494
2018-08-09,23,27.3,81,0.0,1287,23.7,0.0,0.0,0.0,0,1,8,3,0,0,1,0,1075
2018-08-10,0,27.1,84,0.2,1161,24.1,0.0,0.0,0.0,0,1,8,4,0,0,1,0,903
2018-08-10,1,26.9,84,0.2,1061,23.9,0.0,0.0,0.0,0,1,8,4,0,0,1,0,708
2018-08-10,2,26.9,84,0.8,1007,23.9,0.0,0.0,0.0,0,1,8,4,0,0,1,0,484
2018-08-10,3,26.7,84,0.4,994,23.7,0.0,0.0,0.0,0,1,8,4,0,0,1,0,346
2018-08-10,4,26.3,85,0.4,1216,23.5,0.0,0.0,0.0,0,1,8,4,0,0,1,0,214
2018-08-10,5,26.1,83,0.3,1617,22.9,0.0,0.0,0.0,0,1,8,4,0,0,1,0,283
2018-08-10,6,25.7,83,0.6,1483,22.5,0.0,0.0,0.0,0,1,8,4,0,0,1,0,645
2018-08-10,7,26.0,78,0.7,1988,21.8,0.16,0.0,0.0,0,1,8,4,0,0,1,0,1027
2018-08-10,8,27.2,69,1.8,1999,21.0,0.7,0.0,0.0,0,1,8,4,0,0,1,0,1728
2018-08-10,9,29.0,64,0.8,1987,21.4,1.45,0.0,0.0,0,1,8,4,0,0,1,0,892
2018-08-10,10,30.5,58,0.6,1875,21.2,1.84,0.0,0.0,0,1,8,4,0,0,1,0,683
2018-08-10,11,31.9,53,1.2,2000,21.1,2.33,0.0,0.0,0,1,8,4,0,0,1,0,697
2018-08-10,12,33.4,47,1.3,2000,20.5,2.51,0.0,0.0,0,1,8,4,0,0,1,0,721
2018-08-10,13,34.2,41,1.7,2000,19.0,2.31,0.0,0.0,0,1,8,4,0,0,1,0,696
2018-08-10,14,35.1,44,1.6,2000,21.0,2.25,0.0,0.0,0,1,8,4,0,0,1,0,658
2018-08-10,15,34.8,47,2.4,2000,21.8,2.21,0.0,0.0,0,1,8,4,0,0,1,0,725
2018-08-10,16,36.4,40,3.2,2000,20.6,2.59,0.0,0.0,0,1,8,4,0,0,1,0,853
2018-08-10,17,36.3,40,2.7,2000,20.5,1.93,0.0,0.0,0,1,8,4,0,0,1,0,1293
2018-08-10,18,35.2,44,2.6,2000,21.1,1.23,0.0,0.0,0,1,8,4,0,0,1,0,2289
2018-08-10,19,33.4,49,2.6,2000,21.2,0.32,0.0,0.0,0,1,8,4,0,0,1,0,1903
2018-08-10,20,32.2,52,2.3,2000,21.0,0.02,0.0,0.0,0,1,8,4,0,0,1,0,1702
2018-08-10,21,31.3,55,0.9,2000,21.1,0.0,0.0,0.0,0,1,8,4,0,0,1,0,1641
2018-08-10,22,30.9,54,0.8,2000,20.5,0.0,0.0,0.0,0,1,8,4,0,0,1,0,1544
2018-08-10,23,30.4,58,1.4,2000,21.2,0.0,0.0,0.0,0,1,8,4,0,0,1,0,1198
2018-08-11,0,29.8,63,2.0,2000,21.9,0.0,0.0,0.0,0,1,8,5,0,0,1,0,1022
2018-08-11,1,29.0,67,1.1,2000,22.2,0.0,0.0,0.0,0,1,8,5,0,0,1,0,881
2018-08-11,2,28.5,68,1.1,1839,22.0,0.0,0.0,0.0,0,1,8,5,0,0,1,0,691
2018-08-11,3,27.9,69,0.8,2000,21.6,0.0,0.0,0.0,0,1,8,5,0,0,1,0,441
2018-08-11,4,27.4,69,1.0,2000,21.2,0.0,0.0,0.0,0,1,8,5,0,0,1,0,266
2018-08-11,5,26.9,69,0.7,2000,20.7,0.0,0.0,0.0,0,1,8,5,0,0,1,0,263
2018-08-11,6,26.5,69,0.8,2000,20.3,0.0,0.0,0.0,0,1,8,5,0,0,1,0,355
2018-08-11,7,26.7,67,0.8,2000,20.0,0.13,0.0,0.0,0,1,8,5,0,0,1,0,425
2018-08-11,8,28.0,60,1.0,2000,19.5,0.91,0.0,0.0,0,1,8,5,0,0,1,0,647
2018-08-11,9,29.7,58,1.3,1955,20.5,1.68,0.0,0.0,0,1,8,5,0,0,1,0,672
2018-08-11,10,31.3,53,1.8,2000,20.5,2.34,0.0,0.0,0,1,8,5,0,0,1,0,643
2018-08-11,11,31.5,54,2.5,1918,21.0,1.78,0.0,0.0,0,1,8,5,0,0,1,0,766
2018-08-11,12,33.2,50,2.3,2000,21.3,2.84,0.0,0.0,0,1,8,5,0,0,1,0,759
2018-08-11,13,34.1,45,1.5,1993,20.4,2.57,0.0,0.0,0,1,8,5,0,0,1,0,830
2018-08-11,14,34.5,43,2.6,2000,20.0,2.37,0.0,0.0,0,1,8,5,0,0,1,0,733
2018-08-11,15,35.0,41,1.5,2000,19.7,2.4,0.0,0.0,0,1,8,5,0,0,1,0,694
2018-08-11,16,35.6,39,2.7,2000,19.5,1.81,0.0,0.0,0,1,8,5,0,0,1,0,826
2018-08-11,17,35.8,36,2.2,2000,18.3,1.58,0.0,0.0,0,1,8,5,0,0,1,0,1006
2018-08-11,18,34.4,40,1.8,2000,18.8,0.65,0.0,0.0,0,1,8,5,0,0,1,0,1274
2018-08-11,19,33.8,44,2.2,2000,19.8,0.3,0.0,0.0,0,1,8,5,0,0,1,0,1482
2018-08-11,20,32.8,47,1.9,2000,19.9,0.01,0.0,0.0,0,1,8,5,0,0,1,0,1469
2018-08-11,21,31.6,63,1.2,1980,23.6,0.0,0.0,0.0,0,1,8,5,0,0,1,0,1437
2018-08-11,22,31.3,53,2.3,2000,20.5,0.0,0.0,0.0,0,1,8,5,0,0,1,0,1351
2018-08-11,23,30.7,55,1.5,2000,20.6,0.0,0.0,0.0,0,1,8,5,0,0,1,0,1076
2018-08-12,0,29.9,56,2.0,2000,20.1,0.0,0.0,0.0,0,1,8,6,0,0,1,0,997
2018-08-12,1,29.4,58,1.5,2000,20.2,0.0,0.0,0.0,0,1,8,6,0,0,1,0,703
2018-08-12,2,29.0,60,1.4,2000,20.4,0.0,0.0,0.0,0,1,8,6,0,0,1,0,554
2018-08-12,3,28.5,62,1.6,2000,20.5,0.0,0.0,0.0,0,1,8,6,0,0,1,0,387
2018-08-12,4,28.1,63,0.8,2000,20.3,0.0,0.0,0.0,0,1,8,6,0,0,1,0,260
2018-08-12,5,27.7,65,1.4,2000,20.5,0.0,0.0,0.0,0,1,8,6,0,0,1,0,196
2018-08-12,6,27.2,66,0.9,2000,20.2,0.0,0.0,0.0,0,1,8,6,0,0,1,0,261
2018-08-12,7,27.4,61,0.6,2000,19.2,0.17,0.0,0.0,0,1,8,6,0,0,1,0,316
2018-08-12,8,28.6,54,1.1,2000,18.3,0.82,0.0,0.0,0,1,8,6,0,0,1,0,520
2018-08-12,9,29.7,55,1.6,2000,19.6,1.44,0.0,0.0,0,1,8,6,0,0,1,0,568
2018-08-12,10,31.6,51,2.3,1969,20.2,2.3,0.0,0.0,0,1,8,6,0,0,1,0,483
2018-08-12,11,32.8,49,2.8,2000,20.6,2.87,0.0,0.0,0,1,8,6,0,0,1,0,526
2018-08-12,12,33.8,44,2.0,1899,19.8,2.72,0.0,0.0,0,1,8,6,0,0,1,0,670
2018-08-12,13,34.0,47,1.4,2000,21.0,2.24,0.0,0.0,0,1,8,6,0,0,1,0,704
2018-08-12,14,35.0,45,2.2,1957,21.2,2.73,0.0,0.0,0,1,8,6,0,0,1,0,697
2018-08-12,15,34.9,46,2.0,2000,21.5,1.54,0.0,0.0,0,1,8,6,0,0,1,0,820
2018-08-12,16,34.1,47,2.5,2000,21.1,0.61,0.0,0.0,0,1,8,6,0,0,1,0,959
2018-08-12,17,33.7,48,2.3,2000,21.1,0.41,0.0,0.0,0,1,8,6,0,0,1,0,1156
2018-08-12,18,33.4,49,1.6,1971,21.2,0.25,0.0,0.0,0,1,8,6,0,0,1,0,1225
2018-08-12,19,32.0,76,2.1,692,27.2,0.1,1.0,0.0,0,1,8,6,0,0,1,0,1117
2018-08-12,20,29.4,86,1.1,1194,26.8,0.03,4.0,0.0,0,1,8,6,0,0,1,0,1208
2018-08-12,21,28.9,83,0.3,1449,25.7,0.0,0.0,0.0,0,1,8,6,0,0,1,0,1337
2018-08-12,22,28.8,79,0.2,1604,24.7,0.0,0.0,0.0,0,1,8,6,0,0,1,0,1127
2018-08-12,23,28.7,81,0.4,1586,25.1,0.0,0.0,0.0,0,1,8,6,0,0,1,0,707
2018-08-13,0,28.4,85,1.3,1406,25.6,0.0,0.0,0.0,0,1,8,0,0,0,1,0,409
2018-08-13,1,28.2,88,0.2,929,26.0,0.0,1.0,0.0,0,1,8,0,0,0,1,0,231
2018-08-13,2,28.1,78,0.9,1191,23.8,0.0,0.0,0.0,0,1,8,0,0,0,1,0,212
2018-08-13,3,27.7,88,0.5,833,25.5,0.0,0.0,0.0,0,1,8,0,0,0,1,0,196
2018-08-13,4,27.1,91,0.9,585,25.4,0.0,0.0,0.0,0,1,8,0,0,0,1,0,151
2018-08-13,5,26.8,90,0.6,591,25.0,0.0,0.0,0.0,0,1,8,0,0,0,1,0,230
2018-08-13,6,26.7,89,0.6,615,24.7,0.0,0.0,0.0,0,1,8,0,0,0,1,0,594
2018-08-13,7,27.0,86,0.9,718,24.4,0.22,0.0,0.0,0,1,8,0,0,0,1,0,1065
2018-08-13,8,28.0,78,1.1,865,23.7,0.74,0.0,0.0,0,1,8,0,0,0,1,0,1657
2018-08-13,9,29.4,74,2.0,917,24.2,1.18,0.0,0.0,0,1,8,0,0,0,1,0,903
2018-08-13,10,30.6,67,0.7,1354,23.7,1.2,0.0,0.0,0,1,8,0,0,0,1,0,639
2018-08-13,11,31.7,58,1.1,1584,22.4,1.27,0.0,0.0,0,1,8,0,0,0,1,0,677
2018-08-13,12,33.4,54,2.6,1648,22.8,2.09,0.0,0.0,0,1,8,0,0,0,1,0,724
2018-08-13,13,33.0,54,1.7,1458,22.4,1.23,0.0,0.0,0,1,8,0,0,0,1,0,698
2018-08-13,14,33.6,55,1.1,1375,23.3,0.94,0.0,0.0,0,1,8,0,0,0,1,0,651
2018-08-13,15,34.0,51,1.8,1508,22.4,0.98,0.0,0.0,0,1,8,0,0,0,1,0,709
2018-08-13,16,33.5,52,2.2,1804,22.2,0.91,0.0,0.0,0,1,8,0,0,0,1,0,901
2018-08-13,17,33.2,55,2.7,1600,22.9,0.55,0.0,0.0,0,1,8,0,0,0,1,0,1358
2018-08-13,18,33.1,59,3.1,1726,24.0,0.72,0.0,0.0,0,1,8,0,0,0,1,0,2367
2018-08-13,19,32.1,60,2.3,1987,23.3,0.25,0.0,0.0,0,1,8,0,0,0,1,0,2036
2018-08-13,20,31.0,64,2.9,1992,23.3,0.01,0.0,0.0,0,1,8,0,0,0,1,0,1847
2018-08-13,21,30.4,66,1.6,2000,23.3,0.0,0.0,0.0,0,1,8,0,0,0,1,0,1851
2018-08-13,22,29.9,60,1.3,2000,21.2,0.0,0.0,0.0,0,1,8,0,0,0,1,0,1635
2018-08-13,23,29.6,63,0.1,2000,21.8,0.0,0.0,0.0,0,1,8,0,0,0,1,0,1086
2018-08-14,0,29.3,68,1.6,2000,22.7,0.0,0.0,0.0,0,1,8,1,0,0,1,0,872
2018-08-14,1,28.9,71,1.2,1982,23.1,0.0,0.0,0.0,0,1,8,1,0,0,1,0,681
2018-08-14,2,28.6,70,1.5,2000,22.5,0.0,0.0,0.0,0,1,8,1,0,0,1,0,467
2018-08-14,3,28.4,73,1.4,1990,23.0,0.0,0.0,0.0,0,1,8,1,0,0,1,0,345
2018-08-14,4,28.1,71,0.4,2000,22.3,0.0,0.0,0.0,0,1,8,1,0,0,1,0,209
2018-08-14,5,27.9,71,0.3,2000,22.1,0.0,0.0,0.0,0,1,8,1,0,0,1,0,254
2018-08-14,6,27.8,71,0.1,2000,22.0,0.0,0.0,0.0,0,1,8,1,0,0,1,0,643
2018-08-14,7,27.9,71,0.4,2000,22.1,0.13,0.0,0.0,0,1,8,1,0,0,1,0,1097
2018-08-14,8,29.3,63,0.9,1810,21.5,0.76,0.0,0.0,0,1,8,1,0,0,1,0,1708
2018-08-14,9,31.0,56,0.8,1945,21.1,1.32,0.0,0.0,0,1,8,1,0,0,1,0,944
2018-08-14,10,31.7,57,1.3,1875,22.1,1.25,0.0,0.0,0,1,8,1,0,0,1,0,615
2018-08-14,11,32.4,54,1.9,1962,21.8,0.96,0.0,0.0,0,1,8,1,0,0,1,0,636
2018-08-14,12,33.9,49,1.5,1841,21.6,1.91,0.0,0.0,0,1,8,1,0,0,1,0,699
2018-08-14,13,35.7,38,2.4,1863,19.1,2.5,0.0,0.0,0,1,8,1,0,0,1,0,695
2018-08-14,14,36.2,41,2.9,1814,20.8,2.68,0.0,0.0,0,1,8,1,0,0,1,0,627
2018-08-14,15,37.2,38,2.5,1832,20.5,2.68,0.0,0.0,0,1,8,1,0,0,1,0,700
2018-08-14,16,36.3,41,2.4,1957,20.9,1.85,0.0,0.0,0,1,8,1,0,0,1,0,920
2018-08-14,17,34.7,51,3.0,2000,23.0,1.22,0.0,0.0,0,1,8,1,0,0,1,0,1306
2018-08-14,18,33.7,53,2.4,2000,22.7,0.78,0.0,0.0,0,1,8,1,0,0,1,0,2305
2018-08-14,19,32.7,56,2.2,2000,22.7,0.33,0.0,0.0,0,1,8,1,0,0,1,0,1972
2018-08-14,20,31.8,59,0.9,2000,22.7,0.0,0.0,0.0,0,1,8,1,0,0,1,0,1705
2018-08-14,21,31.3,59,0.3,2000,22.3,0.0,0.0,0.0,0,1,8,1,0,0,1,0,1684
2018-08-14,22,30.9,63,0.7,2000,23.0,0.0,0.0,0.0,0,1,8,1,0,0,1,0,1587
2018-08-14,23,30.3,65,0.4,2000,22.9,0.0,0.0,0.0,0,1,8,1,0,0,1,0,1165
2018-08-15,0,30.0,67,0.8,1986,23.1,0.0,0.0,0.0,1,1,8,2,0,0,1,0,1034
2018-08-15,1,29.6,69,0.4,1942,23.3,0.0,0.0,0.0,1,1,8,2,0,0,1,0,850
2018-08-15,2,29.5,68,0.4,1949,22.9,0.0,0.0,0.0,1,1,8,2,0,0,1,0,676
2018-08-15,3,29.1,70,0.3,1952,23.0,0.0,0.0,0.0,1,1,8,2,0,0,1,0,474
2018-08-15,4,28.8,73,0.5,1835,23.4,0.0,0.0,0.0,1,1,8,2,0,0,1,0,310
2018-08-15,5,28.6,73,0.8,1808,23.2,0.0,0.0,0.0,1,1,8,2,0,0,1,0,227
2018-08-15,6,28.4,74,1.0,1700,23.3,0.0,0.0,0.0,1,1,8,2,0,0,1,0,346
2018-08-15,7,28.6,71,0.6,1797,22.8,0.17,0.0,0.0,1,1,8,2,0,0,1,0,429
2018-08-15,8,29.9,60,0.8,1772,21.2,0.83,0.0,0.0,1,1,8,2,0,0,1,0,553
2018-08-15,9,32.0,53,1.6,2000,21.2,1.56,0.0,0.0,1,1,8,2,0,0,1,0,563
2018-08-15,10,33.5,49,1.0,1937,21.3,2.09,0.0,0.0,1,1,8,2,0,0,1,0,547
2018-08-15,11,35.4,44,1.2,1887,21.2,2.58,0.0,0.0,1,1,8,2,0,0,1,0,586
2018-08-15,12,36.5,41,1.1,1807,21.1,2.73,0.0,0.0,1,1,8,2,0,0,1,0,563
2018-08-15,13,36.9,39,1.5,2000,20.6,2.46,0.0,0.0,1,1,8,2,0,0,1,0,591
2018-08-15,14,37.2,38,0.9,1976,20.5,1.96,0.0,0.0,1,1,8,2,0,0,1,0,627
2018-08-15,15,37.4,38,1.4,2000,20.6,1.72,0.0,0.0,1,1,8,2,0,0,1,0,761
2018-08-15,16,36.6,39,0.7,2000,20.3,0.44,0.0,0.0,1,1,8,2,0,0,1,0,877
2018-08-15,17,33.6,55,3.9,1929,23.3,0.86,0.0,0.0,1,1,8,2,0,0,1,0,960
2018-08-15,18,32.8,63,2.3,1546,24.8,0.89,0.1,0.0,1,1,8,2,0,0,1,0,925
2018-08-15,19,28.7,76,0.7,2000,24.0,0.11,0.9,0.0,1,1,8,2,0,0,1,0,1301
2018-08-15,20,28.4,69,1.5,2000,22.1,0.01,0.0,0.0,1,1,8,2,0,0,1,0,1500
2018-08-15,21,28.6,69,1.3,2000,22.3,0.0,0.0,0.0,1,1,8,2,0,0,1,0,1507
2018-08-15,22,28.6,67,1.0,2000,21.8,0.0,0.0,0.0,1,1,8,2,0,0,1,0,1350
2018-08-15,23,28.5,69,1.1,2000,22.2,0.0,0.0,0.0,1,1,8,2,0,0,1,0,1008
2018-08-16,0,28.4,68,0.9,2000,21.9,0.0,0.0,0.0,0,1,8,3,0,0,1,0,808
2018-08-16,1,28.2,70,1.0,2000,22.2,0.0,0.0,0.0,0,1,8,3,0,0,1,0,535
2018-08-16,2,28.1,68,0.8,2000,21.6,0.0,0.0,0.0,0,1,8,3,0,0,1,0,381
2018-08-16,3,27.9,68,0.6,2000,21.4,0.0,0.0,0.0,0,1,8,3,0,0,1,0,252
2018-08-16,4,27.8,69,0.9,2000,21.5,0.0,0.0,0.0,0,1,8,3,0,0,1,0,173
2018-08-16,5,28.0,66,0.5,2000,21.0,0.0,0.0,0.0,0,1,8,3,0,0,1,0,263
2018-08-16,6,27.5,72,1.1,2000,21.9,0.0,0.0,0.0,0,1,8,3,0,0,1,0,631
2018-08-16,7,27.6,71,1.2,2000,21.8,0.14,0.0,0.0,0,1,8,3,0,0,1,0,1105
2018-08-16,8,28.2,68,1.3,2000,21.7,0.41,0.0,0.0,0,1,8,3,0,0,1,0,1660
2018-08-16,9,30.6,55,1.1,2000,20.5,1.46,0.0,0.0,0,1,8,3,0,0,1,0,876
2018-08-16,10,31.9,51,2.2,1939,20.4,2.04,0.0,0.0,0,1,8,3,0,0,1,0,612
2018-08-16,11,33.5,48,2.4,1968,20.9,2.71,0.0,0.0,0,1,8,3,0,0,1,0,672
2018-08-16,12,34.5,44,2.2,2000,20.4,3.19,0.0,0.0,0,1,8,3,0,0,1,0,668
2018-08-16,13,35.1,39,2.0,2000,19.0,3.45,0.0,0.0,0,1,8,3,0,0,1,0,652
2018-08-16,14,35.3,40,2.0,2000,19.6,3.17,0.0,0.0,0,1,8,3,0,0,1,0,638
2018-08-16,15,35.0,38,2.0,2000,18.5,2.8,0.0,0.0,0,1,8,3,0,0,1,0,720
2018-08-16,16,34.5,37,1.9,2000,17.6,2.36,0.0,0.0,0,1,8,3,0,0,1,0,902
2018-08-16,17,33.8,37,2.2,2000,17.0,1.74,0.0,0.0,0,1,8,3,0,0,1,0,1384
2018-08-16,18,32.4,40,2.1,2000,17.0,1.04,0.0,0.0,0,1,8,3,0,0,1,0,2481
2018-08-16,19,29.8,45,2.5,2000,16.5,0.36,0.0,0.0,0,1,8,3,0,0,1,0,2286
2018-08-16,20,27.9,47,1.9,2000,15.5,0.01,0.0,0.0,0,1,8,3,0,0,1,0,2114
2018-08-16,21,26.8,46,2.0,2000,14.2,0.0,0.0,0.0,0,1,8,3,0,0,1,0,2127
2018-08-16,22,25.9,45,2.1,2000,13.0,0.0,0.0,0.0,0,1,8,3,0,0,1,0,1943
2018-08-16,23,25.0,44,2.2,2000,11.8,0.0,0.0,0.0,0,1,8,3,0,0,1,0,1446
2018-08-17,0,24.1,45,2.0,2000,11.4,0.0,0.0,0.0,0,1,8,4,0,0,1,0,1109
2018-08-17,1,23.4,47,2.1,2000,11.4,0.0,0.0,0.0,0,1,8,4,0,0,1,0,842
2018-08-17,2,22.8,50,1.4,2000,11.8,0.0,0.0,0.0,0,1,8,4,0,0,1,0,572
2018-08-17,3,22.4,52,1.3,2000,12.0,0.0,0.0,0.0,0,1,8,4,0,0,1,0,375
2018-08-17,4,22.1,54,1.6,2000,12.3,0.0,0.0,0.0,0,1,8,4,0,0,1,0,276
2018-08-17,5,21.8,55,1.9,2000,12.3,0.0,0.0,0.0,0,1,8,4,0,0,1,0,304
2018-08-17,6,21.8,51,2.0,2000,11.2,0.0,0.0,0.0,0,1,8,4,0,0,1,0,719
2018-08-17,7,22.0,49,1.7,2000,10.7,0.23,0.0,0.0,0,1,8,4,0,0,1,0,1271
2018-08-17,8,23.5,44,1.7,1944,10.5,0.98,0.0,0.0,0,1,8,4,0,0,1,0,1918
2018-08-17,9,25.5,40,2.6,1990,10.8,1.7,0.0,0.0,0,1,8,4,0,0,1,0,1069
2018-08-17,10,27.0,36,2.2,1977,10.6,2.34,0.0,0.0,0,1,8,4,0,0,1,0,717
2018-08-17,11,28.8,33,2.2,1951,10.9,2.85,0.0,0.0,0,1,8,4,0,0,1,0,844
2018-08-17,12,30.3,30,1.9,1981,10.7,3.17,0.0,0.0,0,1,8,4,0,0,1,0,904
2018-08-17,13,31.3,30,2.1,2000,11.6,3.3,0.0,0.0,0,1,8,4,0,0,1,0,820
2018-08-17,14,32.7,27,2.0,1964,11.2,3.21,0.0,0.0,0,1,8,4,0,0,1,0,791
2018-08-17,15,33.5,26,2.1,2000,11.3,2.9,0.0,0.0,0,1,8,4,0,0,1,0,970
2018-08-17,16,33.7,26,1.5,2000,11.5,2.39,0.0,0.0,0,1,8,4,0,0,1,0,1112
2018-08-17,17,33.1,27,1.9,1975,11.5,1.76,0.0,0.0,0,1,8,4,0,0,1,0,1666
2018-08-17,18,32.5,28,1.4,2000,11.6,1.06,0.0,0.0,0,1,8,4,0,0,1,0,2797
2018-08-17,19,31.0,31,1.5,2000,11.8,0.34,0.0,0.0,0,1,8,4,0,0,1,0,2353
2018-08-17,20,28.4,40,1.7,1887,13.4,0.0,0.0,0.0,0,1,8,4,0,0,1,0,2130
2018-08-17,21,27.1,43,1.6,2000,13.4,0.0,0.0,0.0,0,1,8,4,0,0,1,0,2008
2018-08-17,22,26.0,45,1.7,2000,13.1,0.0,0.0,0.0,0,1,8,4,0,0,1,0,1787
2018-08-17,23,25.2,47,1.2,2000,13.0,0.0,0.0,0.0,0,1,8,4,0,0,1,0,1466
2018-08-18,0,24.5,48,1.2,2000,12.7,0.0,0.0,0.0,0,1,8,5,0,0,1,0,1191
2018-08-18,1,23.9,51,0.9,2000,13.1,0.0,0.0,0.0,0,1,8,5,0,0,1,0,969
2018-08-18,2,23.4,53,1.1,2000,13.2,0.0,0.0,0.0,0,1,8,5,0,0,1,0,698
2018-08-18,3,23.0,54,1.0,1818,13.1,0.0,0.0,0.0,0,1,8,5,0,0,1,0,483
2018-08-18,4,22.6,55,1.4,2000,13.0,0.0,0.0,0.0,0,1,8,5,0,0,1,0,316
2018-08-18,5,22.0,58,1.0,2000,13.3,0.0,0.0,0.0,0,1,8,5,0,0,1,0,262
2018-08-18,6,21.6,60,1.0,2000,13.4,0.0,0.0,0.0,0,1,8,5,0,0,1,0,397
2018-08-18,7,21.7,57,1.3,2000,12.8,0.23,0.0,0.0,0,1,8,5,0,0,1,0,475
2018-08-18,8,23.2,47,1.0,2000,11.2,0.93,0.0,0.0,0,1,8,5,0,0,1,0,754
2018-08-18,9,25.3,42,1.4,1921,11.4,1.7,0.0,0.0,0,1,8,5,0,0,1,0,771
2018-08-18,10,27.0,37,1.2,1962,11.0,2.32,0.0,0.0,0,1,8,5,0,0,1,0,769
2018-08-18,11,28.4,35,1.6,2000,11.4,2.82,0.0,0.0,0,1,8,5,0,0,1,0,857
2018-08-18,12,29.8,33,1.5,1936,11.7,3.14,0.0,0.0,0,1,8,5,0,0,1,0,952
2018-08-18,13,31.1,30,1.5,2000,11.4,3.24,0.0,0.0,0,1,8,5,0,0,1,0,1003
2018-08-18,14,31.0,31,1.8,1999,11.8,2.8,0.0,0.0,0,1,8,5,0,0,1,0,1121
2018-08-18,15,31.7,30,1.9,1943,11.9,2.23,0.0,0.0,0,1,8,5,0,0,1,0,1196
2018-08-18,16,31.8,33,2.1,2000,13.5,1.88,0.0,0.0,0,1,8,5,0,0,1,0,1398
2018-08-18,17,29.9,39,2.9,2000,14.4,0.86,0.0,0.0,0,1,8,5,0,0,1,0,1806
2018-08-18,18,30.1,37,2.1,2000,13.8,0.88,0.0,0.0,0,1,8,5,0,0,1,0,1979
2018-08-18,19,28.5,45,1.6,2000,15.4,0.23,0.0,0.0,0,1,8,5,0,0,1,0,2127
2018-08-18,20,27.6,46,1.2,2000,14.9,0.01,0.0,0.0,0,1,8,5,0,0,1,0,1965
2018-08-18,21,26.8,48,0.9,2000,14.8,0.0,0.0,0.0,0,1,8,5,0,0,1,0,1886
2018-08-18,22,26.3,48,0.8,2000,14.4,0.0,0.0,0.0,0,1,8,5,0,0,1,0,1681
2018-08-18,23,25.9,52,1.3,2000,15.2,0.0,0.0,0.0,0,1,8,5,0,0,1,0,1342
2018-08-19,0,25.3,53,2.4,2000,15.0,0.0,0.0,0.0,0,1,8,6,0,0,1,0,1100
2018-08-19,1,25.0,57,0.9,2000,15.8,0.0,0.0,0.0,0,1,8,6,0,0,1,0,844
2018-08-19,2,24.5,59,0.3,2000,15.9,0.0,0.0,0.0,0,1,8,6,0,0,1,0,611
2018-08-19,3,24.0,59,0.6,2000,15.4,0.0,0.0,0.0,0,1,8,6,0,0,1,0,425
2018-08-19,4,23.6,61,0.3,2000,15.6,0.0,0.0,0.0,0,1,8,6,0,0,1,0,264
2018-08-19,5,23.4,63,0.3,2000,15.9,0.0,0.0,0.0,0,1,8,6,0,0,1,0,223
2018-08-19,6,23.1,64,0.6,2000,15.9,0.0,0.0,0.0,0,1,8,6,0,0,1,0,260
2018-08-19,7,23.3,64,1.0,2000,16.0,0.1,0.0,0.0,0,1,8,6,0,0,1,0,392
2018-08-19,8,24.4,58,0.8,2000,15.5,0.45,0.0,0.0,0,1,8,6,0,0,1,0,592
2018-08-19,9,26.3,50,0.7,1980,15.0,1.28,0.0,0.0,0,1,8,6,0,0,1,0,645
2018-08-19,10,27.3,49,0.9,1968,15.6,1.17,0.0,0.0,0,1,8,6,0,0,1,0,732
2018-08-19,11,28.4,43,1.0,1914,14.6,1.52,0.0,0.0,0,1,8,6,0,0,1,0,795
2018-08-19,12,30.9,37,1.8,1858,14.5,2.98,0.0,0.0,0,1,8,6,0,0,1,0,926
2018-08-19,13,32.4,33,2.7,1893,14.0,3.1,0.0,0.0,0,1,8,6,0,0,1,0,943
2018-08-19,14,33.4,31,1.2,1962,13.9,2.73,0.0,0.0,0,1,8,6,0,0,1,0,972
2018-08-19,15,33.8,31,1.6,2000,14.3,2.45,0.0,0.0,0,1,8,6,0,0,1,0,1181
2018-08-19,16,33.3,32,2.4,2000,14.3,1.98,0.0,0.0,0,1,8,6,0,0,1,0,1395
2018-08-19,17,32.7,33,2.5,1994,14.3,1.18,0.0,0.0,0,1,8,6,0,0,1,0,1721
2018-08-19,18,32.3,41,1.9,2000,17.3,0.62,0.0,0.0,0,1,8,6,0,0,1,0,1928
2018-08-19,19,29.7,55,2.5,2000,19.6,0.23,0.0,0.0,0,1,8,6,0,0,1,0,2186
2018-08-19,20,28.5,58,1.4,2000,19.4,0.0,0.0,0.0,0,1,8,6,0,0,1,0,2029
2018-08-19,21,27.9,61,0.7,2000,19.6,0.0,0.0,0.0,0,1,8,6,0,0,1,0,1821
2018-08-19,22,27.7,62,0.6,2000,19.7,0.0,0.0,0.0,0,1,8,6,0,0,1,0,1546
2018-08-19,23,27.5,60,0.3,2000,19.0,0.0,0.0,0.0,0,1,8,6,0,0,1,0,1016
2018-08-20,0,27.0,62,0.6,2000,19.0,0.0,0.0,0.0,0,1,8,0,0,0,1,0,818
2018-08-20,1,26.6,64,0.2,2000,19.2,0.0,0.0,0.0,0,1,8,0,0,0,1,0,527
2018-08-20,2,26.3,65,0.3,2000,19.1,0.0,0.0,0.0,0,1,8,0,0,0,1,0,352
2018-08-20,3,26.1,65,0.6,2000,18.9,0.0,0.0,0.0,0,1,8,0,0,0,1,0,255
2018-08-20,4,26.2,65,1.1,1542,19.0,0.0,0.0,0.0,0,1,8,0,0,0,1,0,193
2018-08-20,5,25.7,68,0.8,1395,19.3,0.0,0.0,0.0,0,1,8,0,0,0,1,0,281
2018-08-20,6,25.3,67,1.5,1450,18.7,0.0,0.0,0.0,0,1,8,0,0,0,1,0,675
2018-08-20,7,25.4,60,1.4,1879,17.0,0.16,0.0,0.0,0,1,8,0,0,0,1,0,1285
2018-08-20,8,26.6,54,1.1,1739,16.5,0.75,0.0,0.0,0,1,8,0,0,0,1,0,1912
2018-08-20,9,27.5,54,1.0,1993,17.3,0.81,0.0,0.0,0,1,8,0,0,0,1,0,993
2018-08-20,10,29.3,49,2.0,1875,17.4,1.65,0.0,0.0,0,1,8,0,0,0,1,0,719
2018-08-20,11,31.2,45,1.9,1810,17.8,2.72,0.0,0.0,0,1,8,0,0,0,1,0,766
2018-08-20,12,31.7,45,2.5,1814,18.3,1.96,0.0,0.0,0,1,8,0,0,0,1,0,808
2018-08-20,13,31.6,46,2.7,1864,18.5,1.77,0.0,0.0,0,1,8,0,0,0,1,0,847
2018-08-20,14,32.1,45,2.8,1966,18.6,1.51,0.0,0.0,0,1,8,0,0,0,1,0,816
2018-08-20,15,32.9,45,1.9,1877,19.3,1.84,0.0,0.0,0,1,8,0,0,0,1,0,992
2018-08-20,16,32.3,45,2.8,1928,18.8,0.98,0.0,0.0,0,1,8,0,0,0,1,0,1253
2018-08-20,17,32.1,44,2.6,1731,18.3,0.6,0.0,0.0,0,1,8,0,0,0,1,0,1704
2018-08-20,18,31.6,47,2.1,1867,18.9,0.26,0.0,0.0,0,1,8,0,0,0,1,0,2628
2018-08-20,19,30.8,55,1.9,1170,20.7,0.06,0.0,0.0,0,1,8,0,0,0,1,0,2162
2018-08-20,20,29.8,61,3.4,1525,21.4,0.0,0.0,0.0,0,1,8,0,0,0,1,0,1999
2018-08-20,21,29.3,63,3.1,1677,21.5,0.0,0.0,0.0,0,1,8,0,0,0,1,0,1971
2018-08-20,22,29.0,63,4.2,1776,21.2,0.0,0.0,0.0,0,1,8,0,0,0,1,0,1630
2018-08-20,23,28.5,62,4.9,1882,20.5,0.0,0.0,0.0,0,1,8,0,0,0,1,0,1241
2018-08-21,0,28.3,59,3.7,1945,19.5,0.0,0.0,0.0,0,1,8,1,0,0,1,0,898
2018-08-21,1,28.0,61,3.9,1890,19.7,0.0,0.0,0.0,0,1,8,1,0,0,1,0,690
2018-08-21,2,27.6,60,4.3,1854,19.1,0.0,0.0,0.0,0,1,8,1,0,0,1,0,376
2018-08-21,3,26.8,62,4.5,1742,18.9,0.0,0.1,0.0,0,1,8,1,0,0,1,0,173
2018-08-21,4,25.3,70,6.9,925,19.4,0.0,0.4,0.0,0,1,8,1,0,0,1,0,49
2018-08-21,5,23.8,86,3.6,420,21.3,0.0,1.0,0.0,0,1,8,1,0,0,1,0,57
2018-08-21,6,23.8,89,3.3,882,21.8,0.0,1.5,0.0,0,1,8,1,0,0,1,0,73
2018-08-21,7,23.4,94,2.4,1773,22.3,0.02,2.0,0.0,0,1,8,1,0,0,1,0,608
2018-08-21,8,24.0,84,3.5,1975,21.1,0.47,0.0,0.0,0,1,8,1,0,0,1,0,1530
2018-08-21,9,24.4,82,3.0,1847,21.1,0.6,0.0,0.0,0,1,8,1,0,0,1,0,876
2018-08-21,10,24.8,82,3.2,1732,21.5,0.34,0.0,0.0,0,1,8,1,0,0,1,0,402
2018-08-21,11,24.7,85,2.3,1438,22.0,0.27,0.0,0.0,0,1,8,1,0,0,1,0,681
2018-08-21,12,25.7,74,3.4,1951,20.7,1.16,0.0,0.0,0,1,8,1,0,0,1,0,848
2018-08-21,13,27.1,66,2.6,1895,20.1,1.54,0.0,0.0,0,1,8,1,0,0,1,0,827
2018-08-21,14,28.5,58,2.6,1965,19.4,1.93,0.0,0.0,0,1,8,1,0,0,1,0,788
2018-08-21,15,29.5,57,2.0,2000,20.0,2.1,0.0,0.0,0,1,8,1,0,0,1,0,957
2018-08-21,16,30.4,53,2.0,1990,19.7,1.82,0.0,0.0,0,1,8,1,0,0,1,0,1112
2018-08-21,17,30.8,52,2.3,1953,19.8,1.49,0.0,0.0,0,1,8,1,0,0,1,0,1663
2018-08-21,18,30.3,56,1.7,2000,20.5,0.8,0.0,0.0,0,1,8,1,0,0,1,0,2830
2018-08-21,19,29.2,62,1.7,2000,21.1,0.31,0.0,0.0,0,1,8,1,0,0,1,0,2364
2018-08-21,20,27.7,69,1.6,1992,21.4,0.01,0.0,0.0,0,1,8,1,0,0,1,0,2169
2018-08-21,21,26.8,72,0.4,1985,21.3,0.0,0.0,0.0,0,1,8,1,0,0,1,0,2057
2018-08-21,22,26.1,76,1.2,1867,21.5,0.0,0.0,0.0,0,1,8,1,0,0,1,0,1828
2018-08-21,23,25.6,75,0.1,1892,20.8,0.0,0.0,0.0,0,1,8,1,0,0,1,0,1277
2018-08-22,0,25.1,79,0.5,1891,21.1,0.0,0.0,0.0,0,1,8,2,0,0,1,0,1025
2018-08-22,1,24.6,79,0.6,1884,20.7,0.0,0.0,0.0,0,1,8,2,0,0,1,0,782
2018-08-22,2,24.2,79,0.6,1882,20.3,0.0,0.0,0.0,0,1,8,2,0,0,1,0,512
2018-08-22,3,24.1,80,0.8,1920,20.4,0.0,0.0,0.0,0,1,8,2,0,0,1,0,346
2018-08-22,4,23.6,81,0.8,1943,20.1,0.0,0.0,0.0,0,1,8,2,0,0,1,0,214
2018-08-22,5,23.4,82,0.4,2000,20.1,0.0,0.0,0.0,0,1,8,2,0,0,1,0,289
2018-08-22,6,23.7,78,0.3,2000,19.6,0.0,0.0,0.0,0,1,8,2,0,0,1,0,655
2018-08-22,7,24.3,74,0.6,1999,19.3,0.1,0.0,0.0,0,1,8,2,0,0,1,0,1330
2018-08-22,8,25.7,66,0.9,1976,18.8,0.64,0.0,0.0,0,1,8,2,0,0,1,0,1990
2018-08-22,9,28.0,56,1.5,1982,18.3,1.57,0.0,0.0,0,1,8,2,0,0,1,0,1015
2018-08-22,10,30.2,52,1.4,1923,19.2,2.13,0.0,0.0,0,1,8,2,0,0,1,0,700
2018-08-22,11,32.1,49,1.6,1874,20.0,2.63,0.0,0.0,0,1,8,2,0,0,1,0,710
2018-08-22,12,33.9,45,1.4,1923,20.2,2.95,0.0,0.0,0,1,8,2,0,0,1,0,784
2018-08-22,13,35.3,41,2.1,1925,20.0,3.1,0.0,0.0,0,1,8,2,0,0,1,0,727
2018-08-22,14,36.2,36,1.5,1985,18.7,2.87,0.0,0.0,0,1,8,2,0,0,1,0,760
2018-08-22,15,36.8,36,1.0,2000,19.2,2.46,0.0,0.0,0,1,8,2,0,0,1,0,842
2018-08-22,16,37.4,35,1.3,2000,19.3,2.0,0.0,0.0,0,1,8,2,0,0,1,0,993
2018-08-22,17,36.4,39,1.2,2000,20.2,1.15,0.0,0.0,0,1,8,2,0,0,1,0,1495
2018-08-22,18,35.4,40,1.0,2000,19.7,0.34,0.0,0.0,0,1,8,2,0,0,1,0,2528
2018-08-22,19,35.2,41,0.5,2000,19.9,0.31,0.0,0.0,0,1,8,2,0,0,1,0,2087
2018-08-22,20,33.2,51,1.0,2000,21.6,0.02,0.0,0.0,0,1,8,2,0,0,1,0,1808
2018-08-22,21,33.1,46,2.7,2000,19.9,0.0,0.0,0.0,0,1,8,2,0,0,1,0,1807
2018-08-22,22,32.1,47,2.0,2000,19.3,0.0,0.0,0.0,0,1,8,2,0,0,1,0,1556
2018-08-22,23,31.2,50,1.8,2000,19.5,0.0,0.0,0.0,0,1,8,2,0,0,1,0,1117
2018-08-23,0,30.7,52,1.3,2000,19.7,0.0,0.0,0.0,0,1,8,3,0,0,1,0,908
2018-08-23,1,30.1,54,0.8,2000,19.7,0.0,0.0,0.0,0,1,8,3,0,0,1,0,745
2018-08-23,2,29.8,53,1.4,2000,19.1,0.0,0.0,0.0,0,1,8,3,0,0,1,0,492
2018-08-23,3,29.7,52,1.4,2000,18.7,0.0,0.0,0.0,0,1,8,3,0,0,1,0,304
2018-08-23,4,29.3,54,1.0,2000,19.0,0.0,0.0,0.0,0,1,8,3,0,0,1,0,168
2018-08-23,5,28.5,57,0.9,2000,19.1,0.0,0.1,0.0,0,1,8,3,0,0,1,0,185
2018-08-23,6,28.3,55,1.5,2000,18.3,0.0,0.0,0.0,0,1,8,3,0,0,1,0,492
2018-08-23,7,28.3,55,1.1,2000,18.3,0.03,0.0,0.0,0,1,8,3,0,0,1,0,720
2018-08-23,8,28.1,58,1.3,2000,19.0,0.14,0.0,0.0,0,1,8,3,0,0,1,0,1678
2018-08-23,9,29.3,54,1.5,2000,19.0,0.82,0.0,0.0,0,1,8,3,0,0,1,0,924
2018-08-23,10,30.2,52,1.8,2000,19.2,0.93,0.0,0.0,0,1,8,3,0,0,1,0,551
2018-08-23,11,29.9,57,1.7,1992,20.4,0.88,0.1,0.0,0,1,8,3,0,0,1,0,711
2018-08-23,12,31.9,49,1.9,2000,19.8,1.85,0.0,0.0,0,1,8,3,0,0,1,0,769
2018-08-23,13,31.0,53,1.9,2000,20.2,0.79,0.0,0.0,0,1,8,3,0,0,1,0,584
2018-08-23,14,30.5,59,2.0,2000,21.5,0.84,0.1,0.0,0,1,8,3,0,0,1,0,740
2018-08-23,15,32.0,53,2.1,1992,21.2,1.57,0.0,0.0,0,1,8,3,0,0,1,0,837
2018-08-23,16,31.7,56,1.9,2000,21.8,0.92,0.0,0.0,0,1,8,3,0,0,1,0,944
2018-08-23,17,30.8,59,2.2,2000,21.8,0.41,0.0,0.0,0,1,8,3,0,0,1,0,1249
2018-08-23,18,30.6,55,2.3,2000,20.5,0.11,0.0,0.0,0,1,8,3,0,0,1,0,1447
2018-08-23,19,30.0,59,2.2,1970,21.1,0.01,0.0,0.0,0,1,8,3,0,0,1,0,582
2018-08-23,20,29.2,62,2.1,1952,21.1,0.0,0.1,0.0,0,1,8,3,0,0,1,0,257
2018-08-23,21,27.8,72,2.0,2000,22.2,0.0,0.1,0.0,0,1,8,3,0,0,1,0,189
2018-08-23,22,26.6,84,1.7,1815,23.6,0.0,1.5,0.0,0,1,8,3,0,0,1,0,215
2018-08-23,23,26.1,84,1.9,1801,23.1,0.0,0.5,0.0,0,1,8,3,0,0,1,0,267
2018-08-24,0,25.7,83,2.0,2000,22.5,0.0,0.5,0.0,0,1,8,4,0,0,1,0,238
2018-08-24,1,25.7,80,2.0,2000,21.9,0.0,0.2,0.0,0,1,8,4,0,0,1,0,208
2018-08-24,2,25.4,85,2.0,1453,22.6,0.0,0.8,0.0,0,1,8,4,0,0,1,0,83
2018-08-24,3,24.8,87,2.2,1286,22.4,0.0,1.0,0.0,0,1,8,4,0,0,1,0,62
2018-08-24,4,24.5,88,2.0,1433,22.3,0.0,1.0,0.0,0,1,8,4,0,0,1,0,30
2018-08-24,5,24.6,88,1.5,1967,22.4,0.0,0.5,0.0,0,1,8,4,0,0,1,0,45
2018-08-24,6,24.9,88,1.1,2000,22.7,0.0,0.5,0.0,0,1,8,4,0,0,1,0,173
2018-08-24,7,24.2,88,2.3,2000,22.0,0.05,0.0,0.0,0,1,8,4,0,0,1,0,400
2018-08-24,8,24.4,86,1.7,2000,21.8,0.13,0.0,0.0,0,1,8,4,0,0,1,0,578
2018-08-24,9,24.8,85,1.7,2000,22.0,0.32,0.0,0.0,0,1,8,4,0,0,1,0,484
2018-08-24,10,26.0,77,2.2,2000,21.6,0.61,0.0,0.0,0,1,8,4,0,0,1,0,286
2018-08-24,11,26.2,76,2.6,1995,21.6,0.88,0.0,0.0,0,1,8,4,0,0,1,0,415
2018-08-24,12,25.8,81,3.2,1828,22.2,0.8,0.0,0.0,0,1,8,4,0,0,1,0,355
2018-08-24,13,25.8,78,2.8,2000,21.6,0.95,0.0,0.0,0,1,8,4,0,0,1,0,274
2018-08-24,14,24.4,93,2.9,250,23.1,0.26,1.5,0.0,0,1,8,4,0,0,1,0,152
2018-08-24,15,24.0,94,3.1,1188,22.9,0.41,0.5,0.0,0,1,8,4,0,0,1,0,405
2018-08-24,16,24.6,85,2.7,1973,21.9,0.55,0.0,0.0,0,1,8,4,0,0,1,0,455
2018-08-24,17,24.1,89,1.9,2000,22.1,0.58,0.0,0.0,0,1,8,4,0,0,1,0,403
2018-08-24,18,23.8,95,2.7,1938,22.9,0.11,1.5,0.0,0,1,8,4,0,0,1,0,916
2018-08-24,19,23.6,86,3.0,1275,21.1,0.04,0.0,0.0,0,1,8,4,0,0,1,0,948
2018-08-24,20,23.5,81,3.5,2000,20.0,0.0,0.0,0.0,0,1,8,4,0,0,1,0,1162
2018-08-24,21,23.5,79,3.6,2000,19.6,0.0,0.0,0.0,0,1,8,4,0,0,1,0,1300
2018-08-24,22,23.5,79,2.9,1860,19.6,0.0,0.0,0.0,0,1,8,4,0,0,1,0,1202
2018-08-24,23,23.4,79,2.7,1990,19.5,0.0,0.0,0.0,0,1,8,4,0,0,1,0,1084
2018-08-25,0,23.2,81,2.4,1976,19.7,0.0,0.0,0.0,0,1,8,5,0,0,1,0,980
2018-08-25,1,23.0,82,2.1,1922,19.7,0.0,0.0,0.0,0,1,8,5,0,0,1,0,886
2018-08-25,2,22.9,82,2.1,1829,19.6,0.0,0.0,0.0,0,1,8,5,0,0,1,0,708
2018-08-25,3,23.1,80,2.0,1849,19.4,0.0,0.0,0.0,0,1,8,5,0,0,1,0,456
2018-08-25,4,23.2,79,1.8,1941,19.3,0.0,0.0,0.0,0,1,8,5,0,0,1,0,306
2018-08-25,5,23.3,79,1.7,1592,19.4,0.0,0.0,0.0,0,1,8,5,0,0,1,0,232
2018-08-25,6,23.5,79,2.0,1439,19.6,0.0,0.0,0.0,0,1,8,5,0,0,1,0,318
2018-08-25,7,23.7,76,1.9,1281,19.2,0.08,0.0,0.0,0,1,8,5,0,0,1,0,490
2018-08-25,8,24.1,78,2.0,1133,20.0,0.34,0.0,0.0,0,1,8,5,0,0,1,0,721
2018-08-25,9,25.3,72,2.4,1220,19.8,1.08,0.0,0.0,0,1,8,5,0,0,1,0,808
2018-08-25,10,26.3,67,3.2,1673,19.6,1.48,0.0,0.0,0,1,8,5,0,0,1,0,858
2018-08-25,11,28.0,57,3.3,1827,18.6,2.71,0.0,0.0,0,1,8,5,0,0,1,0,916
2018-08-25,12,27.9,55,2.9,1922,18.0,1.49,0.0,0.0,0,1,8,5,0,0,1,0,1070
2018-08-25,13,28.6,54,2.9,1925,18.3,1.85,0.0,0.0,0,1,8,5,0,0,1,0,1231
2018-08-25,14,29.2,52,3.1,1735,18.3,2.68,0.0,0.0,0,1,8,5,0,0,1,0,1261
2018-08-25,15,28.1,53,4.5,1953,17.6,1.6,0.0,0.0,0,1,8,5,0,0,1,0,1516
2018-08-25,16,27.2,58,3.7,1987,18.2,0.99,0.0,0.0,0,1,8,5,0,0,1,0,1592
2018-08-25,17,26.9,60,2.8,2000,18.4,0.77,0.0,0.0,0,1,8,5,0,0,1,0,1797
2018-08-25,18,27.1,56,3.0,1987,17.5,0.87,0.0,0.0,0,1,8,5,0,0,1,0,2080
2018-08-25,19,25.8,62,3.3,2000,17.9,0.27,0.0,0.0,0,1,8,5,0,0,1,0,2043
2018-08-25,20,24.6,65,2.9,2000,17.5,0.0,0.0,0.0,0,1,8,5,0,0,1,0,2022
2018-08-25,21,23.9,71,2.3,2000,18.3,0.0,0.0,0.0,0,1,8,5,0,0,1,0,1937
2018-08-25,22,23.4,75,1.6,2000,18.7,0.0,0.0,0.0,0,1,8,5,0,0,1,0,1717
2018-08-25,23,22.9,78,1.4,2000,18.8,0.0,0.0,0.0,0,1,8,5,0,0,1,0,1357
2018-08-26,0,22.8,78,1.5,2000,18.7,0.0,0.0,0.0,0,1,8,6,0,0,1,0,1163
2018-08-26,1,22.5,80,0.6,2000,18.8,0.0,0.0,0.0,0,1,8,6,0,0,1,0,769
2018-08-26,2,22.1,84,0.6,2000,19.2,0.0,0.0,0.0,0,1,8,6,0,0,1,0,600
2018-08-26,3,21.6,85,0.1,1982,18.9,0.0,0.0,0.0,0,1,8,6,0,0,1,0,426
2018-08-26,4,21.2,86,0.5,1724,18.7,0.0,0.0,0.0,0,1,8,6,0,0,1,0,290
2018-08-26,5,20.7,88,0.6,1100,18.6,0.0,0.0,0.0,0,1,8,6,0,0,1,0,188
2018-08-26,6,20.4,88,0.6,1064,18.3,0.0,0.0,0.0,0,1,8,6,0,0,1,0,243
2018-08-26,7,20.7,85,0.5,1052,18.0,0.11,0.0,0.0,0,1,8,6,0,0,1,0,381
2018-08-26,8,22.1,74,1.0,1479,17.2,0.77,0.0,0.0,0,1,8,6,0,0,1,0,566
2018-08-26,9,24.2,64,1.2,1985,16.9,1.48,0.0,0.0,0,1,8,6,0,0,1,0,725
2018-08-26,10,26.3,53,1.6,2000,15.9,2.19,0.0,0.0,0,1,8,6,0,0,1,0,681
2018-08-26,11,28.0,46,1.7,1990,15.2,2.73,0.0,0.0,0,1,8,6,0,0,1,0,791
2018-08-26,12,28.9,42,2.0,1975,14.6,2.5,0.0,0.0,0,1,8,6,0,0,1,0,1070
2018-08-26,13,27.8,54,3.5,2000,17.6,1.15,0.0,0.0,0,1,8,6,0,0,1,0,657
2018-08-26,14,25.8,69,3.6,1309,19.6,0.56,0.1,0.0,0,1,8,6,0,0,1,0,417
2018-08-26,15,24.3,64,1.8,1931,17.0,0.59,0.0,0.0,0,1,8,6,0,0,1,0,782
2018-08-26,16,23.5,56,2.3,2000,14.2,0.5,0.1,0.0,0,1,8,6,0,0,1,0,1025
2018-08-26,17,23.5,58,1.2,2000,14.7,0.52,0.0,0.0,0,1,8,6,0,0,1,0,1399
2018-08-26,18,23.4,67,0.6,2000,16.9,0.36,0.0,0.0,0,1,8,6,0,0,1,0,1479
2018-08-26,19,22.7,69,1.9,2000,16.7,0.08,0.0,0.0,0,1,8,6,0,0,1,0,1596
2018-08-26,20,22.4,64,0.8,2000,15.2,0.0,0.0,0.0,0,1,8,6,0,0,1,0,1674
2018-08-26,21,22.5,65,1.1,2000,15.5,0.0,0.0,0.0,0,1,8,6,0,0,1,0,1276
2018-08-26,22,21.2,81,1.0,1808,17.8,0.0,1.3,0.0,0,1,8,6,0,0,1,0,764
2018-08-26,23,20.8,84,0.9,1078,17.9,0.0,0.5,0.0,0,1,8,6,0,0,1,0,348
2018-08-27,0,20.5,85,1.0,2000,17.8,0.0,0.0,0.0,0,1,8,0,0,0,1,0,325
2018-08-27,1,20.5,89,0.5,235,18.6,0.0,1.5,0.0,0,1,8,0,0,0,1,0,61
2018-08-27,2,20.3,97,0.7,315,19.8,0.0,1.0,0.0,0,1,8,0,0,0,1,0,44
2018-08-27,3,20.3,97,0.4,200,19.8,0.0,1.5,0.0,0,1,8,0,0,0,1,0,22
2018-08-27,4,20.5,97,0.1,257,20.0,0.0,3.5,0.0,0,1,8,0,0,0,1,0,27
2018-08-27,5,20.5,97,0.4,384,20.0,0.0,3.0,0.0,0,1,8,0,0,0,1,0,38
2018-08-27,6,20.6,98,0.7,626,20.2,0.0,1.0,0.0,0,1,8,0,0,0,1,0,47
2018-08-27,7,20.8,98,0.5,299,20.4,0.02,2.0,0.0,0,1,8,0,0,0,1,0,103
2018-08-27,8,21.3,97,1.3,1029,20.7,0.17,0.5,0.0,0,1,8,0,0,0,1,0,328
2018-08-27,9,21.5,97,0.9,1543,20.9,0.19,0.5,0.0,0,1,8,0,0,0,1,0,75
2018-08-27,10,21.7,97,1.0,1249,21.1,0.29,2.5,0.0,0,1,8,0,0,0,1,0,104
2018-08-27,11,22.0,96,1.6,602,21.3,0.36,0.5,0.0,0,1,8,0,0,0,1,0,148
2018-08-27,12,22.6,90,1.4,1963,20.8,1.02,1.0,0.0,0,1,8,0,0,0,1,0,137
2018-08-27,13,22.9,92,1.2,459,21.5,1.09,0.5,0.0,0,1,8,0,0,0,1,0,149
2018-08-27,14,23.3,89,1.5,1435,21.3,1.23,0.5,0.0,0,1,8,0,0,0,1,0,231
2018-08-27,15,24.4,87,1.5,1153,22.0,1.44,0.0,0.0,0,1,8,0,0,0,1,0,580
2018-08-27,16,24.7,85,1.2,1143,22.0,0.99,0.0,0.0,0,1,8,0,0,0,1,0,886
2018-08-27,17,24.9,82,0.9,2000,21.6,0.67,0.0,0.0,0,1,8,0,0,0,1,0,1356
2018-08-27,18,24.8,83,0.8,1947,21.7,0.26,0.0,0.0,0,1,8,0,0,0,1,0,2153
2018-08-27,19,24.7,83,0.4,2000,21.6,0.1,0.0,0.0,0,1,8,0,0,0,1,0,1615
2018-08-27,20,24.4,85,0.7,2000,21.7,0.01,0.0,0.0,0,1,8,0,0,0,1,0,1560
2018-08-27,21,23.9,88,0.8,2000,21.7,0.0,0.0,0.0,0,1,8,0,0,0,1,0,1762
2018-08-27,22,23.5,88,0.6,2000,21.3,0.0,0.0,0.0,0,1,8,0,0,0,1,0,1571
2018-08-27,23,23.6,87,0.6,2000,21.3,0.0,0.0,0.0,0,1,8,0,0,0,1,0,1113
2018-08-28,0,23.5,88,0.6,2000,21.3,0.0,0.0,0.0,0,1,8,1,0,0,1,0,870
2018-08-28,1,23.1,94,0.6,2000,22.0,0.0,0.0,0.0,0,1,8,1,0,0,1,0,653
2018-08-28,2,23.2,88,0.6,2000,21.0,0.0,0.0,0.0,0,1,8,1,0,0,1,0,482
2018-08-28,3,22.9,93,0.6,2000,21.7,0.0,0.0,0.0,0,1,8,1,0,0,1,0,281
2018-08-28,4,22.6,95,0.4,1919,21.7,0.0,0.0,0.0,0,1,8,1,0,0,1,0,200
2018-08-28,5,22.5,96,0.3,1605,21.8,0.0,0.0,0.0,0,1,8,1,0,0,1,0,218
2018-08-28,6,22.5,90,0.6,1149,20.7,0.0,0.0,0.0,0,1,8,1,0,0,1,0,581
2018-08-28,7,22.6,88,0.8,2000,20.5,0.06,0.0,0.0,0,1,8,1,0,0,1,0,1182
2018-08-28,8,23.4,83,0.8,1998,20.3,0.32,0.0,0.0,0,1,8,1,0,0,1,0,1841
2018-08-28,9,24.2,80,1.2,1708,20.5,0.57,0.0,0.0,0,1,8,1,0,0,1,0,865
2018-08-28,10,25.4,75,0.7,1995,20.6,0.96,0.0,0.0,0,1,8,1,0,0,1,0,670
2018-08-28,11,25.9,79,1.7,1900,21.9,0.9,0.0,0.0,0,1,8,1,0,0,1,0,411
2018-08-28,12,25.2,89,1.4,340,23.2,0.32,2.0,0.0,0,1,8,1,0,0,1,0,25
2018-08-28,13,24.6,97,0.5,765,24.0,0.1,9.5,0.0,0,1,8,1,0,0,1,0,31
2018-08-28,14,24.9,97,0.5,766,24.3,0.36,4.0,0.0,0,1,8,1,0,0,1,0,126
2018-08-28,15,25.2,96,0.6,1754,24.5,0.51,0.5,0.0,0,1,8,1,0,0,1,0,122
2018-08-28,16,25.0,97,0.7,1181,24.4,0.17,2.5,0.0,0,1,8,1,0,0,1,0,60
2018-08-28,17,24.8,96,1.8,564,24.1,0.14,2.5,0.0,0,1,8,1,0,0,1,0,39
2018-08-28,18,24.3,97,0.8,105,23.7,0.01,18.5,0.0,0,1,8,1,0,0,1,0,96
2018-08-28,19,23.9,98,0.8,1792,23.5,0.0,7.0,0.0,0,1,8,1,0,0,1,0,84
2018-08-28,20,23.3,97,3.3,183,22.7,0.0,15.5,0.0,0,1,8,1,0,0,1,0,10
2018-08-28,21,22.9,98,2.1,1146,22.5,0.0,29.5,0.0,0,1,8,1,0,0,1,0,122
2018-08-28,22,22.9,97,1.3,2000,22.3,0.0,0.5,0.0,0,1,8,1,0,0,1,0,64
2018-08-28,23,22.8,97,1.0,600,22.2,0.0,3.5,0.0,0,1,8,1,0,0,1,0,59
2018-08-29,0,22.7,96,0.3,2000,22.0,0.0,1.0,0.0,0,1,8,2,0,0,1,0,208
2018-08-29,1,22.8,97,0.5,2000,22.2,0.0,0.5,0.0,0,1,8,2,0,0,1,0,334
2018-08-29,2,24.2,91,3.6,1735,22.6,0.0,0.0,0.0,0,1,8,2,0,0,1,0,243
2018-08-29,3,24.5,87,4.3,1985,22.1,0.0,0.0,0.0,0,1,8,2,0,0,1,0,171
2018-08-29,4,24.6,86,4.0,1968,22.0,0.0,0.0,0.0,0,1,8,2,0,0,1,0,128
2018-08-29,5,24.6,87,3.6,1966,22.2,0.0,0.0,0.0,0,1,8,2,0,0,1,0,109
2018-08-29,6,24.7,85,3.8,2000,22.0,0.0,0.0,0.0,0,1,8,2,0,0,1,0,346
2018-08-29,7,25.0,85,3.0,2000,22.2,0.02,0.0,0.0,0,1,8,2,0,0,1,0,862
2018-08-29,8,25.3,83,3.4,1982,22.1,0.14,0.0,0.0,0,1,8,2,0,0,1,0,1595
2018-08-29,9,25.8,79,2.7,1963,21.8,0.3,0.0,0.0,0,1,8,2,0,0,1,0,867
2018-08-29,10,26.4,78,2.7,2000,22.2,0.44,0.0,0.0,0,1,8,2,0,0,1,0,642
2018-08-29,11,26.9,74,3.2,2000,21.8,0.45,0.0,0.0,0,1,8,2,0,0,1,0,671
2018-08-29,12,27.4,72,4.2,1989,21.8,0.54,0.0,0.0,0,1,8,2,0,0,1,0,648
2018-08-29,13,27.1,75,3.7,1972,22.2,0.28,0.0,0.0,0,1,8,2,0,0,1,0,540
2018-08-29,14,26.8,77,3.5,1965,22.4,0.11,0.0,0.0,0,1,8,2,0,0,1,0,490
2018-08-29,15,26.9,77,2.5,1937,22.5,0.26,0.0,0.0,0,1,8,2,0,0,1,0,583
2018-08-29,16,27.0,76,3.8,1875,22.3,0.21,0.0,0.0,0,1,8,2,0,0,1,0,193
2018-08-29,17,24.6,93,0.9,1451,23.3,0.0,1.5,0.0,0,1,8,2,0,0,1,0,160
2018-08-29,18,23.9,96,0.2,991,23.2,0.0,1.5,0.0,0,1,8,2,0,0,1,0,57
2018-08-29,19,23.5,97,0.3,323,22.9,0.0,6.5,0.0,0,1,8,2,0,0,1,0,24
2018-08-29,20,23.4,98,0.6,70,23.0,0.0,21.0,0.0,0,1,8,2,0,0,1,0,19
2018-08-29,21,23.7,98,0.6,410,23.3,0.0,5.5,0.0,0,1,8,2,0,0,1,0,22
2018-08-29,22,24.3,97,2.1,1028,23.7,0.0,4.5,0.0,0,1,8,2,0,0,1,0,74
2018-08-29,23,24.2,94,0.9,1808,23.1,0.0,1.0,0.0,0,1,8,2,0,0,1,0,198
2018-08-30,0,24.7,94,2.8,1270,23.6,0.0,0.0,0.0,0,1,8,3,0,0,1,0,214
2018-08-30,1,24.9,92,2.2,1125,23.5,0.0,0.5,0.0,0,1,8,3,0,0,1,0,99
2018-08-30,2,24.7,96,1.0,337,24.0,0.0,6.5,0.0,0,1,8,3,0,0,1,0,80
2018-08-30,3,24.1,97,2.5,1989,23.5,0.0,1.5,0.0,0,1,8,3,0,0,1,0,81
2018-08-30,4,23.9,96,0.4,1797,23.2,0.0,0.0,0.0,0,1,8,3,0,0,1,0,42
2018-08-30,5,24.0,97,0.9,1347,23.4,0.0,0.5,0.0,0,1,8,3,0,0,1,0,73
2018-08-30,6,24.2,96,1.6,1206,23.5,0.0,0.0,0.0,0,1,8,3,0,0,1,0,285
2018-08-30,7,24.3,96,1.4,1025,23.6,0.04,0.0,0.0,0,1,8,3,0,0,1,0,771
2018-08-30,8,24.6,96,1.0,883,23.9,0.19,0.0,0.0,0,1,8,3,0,0,1,0,1330
2018-08-30,9,25.0,92,1.1,782,23.6,0.39,0.0,0.0,0,1,8,3,0,0,1,0,846
2018-08-30,10,26.1,81,1.5,860,22.5,1.05,0.0,0.0,0,1,8,3,0,0,1,0,589
2018-08-30,11,26.2,82,2.6,834,22.8,0.59,0.0,0.0,0,1,8,3,0,0,1,0,716
2018-08-30,12,27.0,74,2.5,915,21.9,0.94,0.0,0.0,0,1,8,3,0,0,1,0,768
2018-08-30,13,28.2,66,2.2,1006,21.2,1.81,0.0,0.0,0,1,8,3,0,0,1,0,865
2018-08-30,14,27.5,66,2.8,989,20.5,0.76,0.0,0.0,0,1,8,3,0,0,1,0,837
2018-08-30,15,27.2,69,3.5,963,21.0,0.95,0.0,0.0,0,1,8,3,0,0,1,0,982
2018-08-30,16,27.6,68,2.1,1038,21.1,1.46,0.0,0.0,0,1,8,3,0,0,1,0,1142
2018-08-30,17,26.8,73,2.6,916,21.5,0.37,0.0,0.0,0,1,8,3,0,0,1,0,1473
2018-08-30,18,26.1,72,2.4,1066,20.6,0.19,0.0,0.0,0,1,8,3,0,0,1,0,1887
2018-08-30,19,25.1,74,2.1,1105,20.1,0.0,0.5,0.0,0,1,8,3,0,0,1,0,1707
2018-08-30,20,24.9,70,1.2,1377,19.0,0.0,0.0,0.0,0,1,8,3,0,0,1,0,1685
2018-08-30,21,24.8,72,1.4,1298,19.4,0.0,0.0,0.0,0,1,8,3,0,0,1,0,1732
2018-08-30,22,24.6,71,1.5,1319,18.9,0.0,0.0,0.0,0,1,8,3,0,0,1,0,1582
2018-08-30,23,24.3,71,0.8,1549,18.6,0.0,0.0,0.0,0,1,8,3,0,0,1,0,1173
2018-08-31,0,23.9,75,1.7,1192,19.1,0.0,0.0,0.0,0,1,8,4,0,0,1,0,861
2018-08-31,1,23.7,77,1.1,1099,19.4,0.0,0.0,0.0,0,1,8,4,0,0,1,0,652
2018-08-31,2,23.4,79,0.4,1045,19.5,0.0,0.0,0.0,0,1,8,4,0,0,1,0,381
2018-08-31,3,23.3,81,1.7,1068,19.8,0.0,0.0,0.0,0,1,8,4,0,0,1,0,297
2018-08-31,4,23.2,83,1.6,1102,20.1,0.0,0.0,0.0,0,1,8,4,0,0,1,0,170
2018-08-31,5,23.1,84,0.5,1022,20.2,0.0,0.0,0.0,0,1,8,4,0,0,1,0,217
2018-08-31,6,22.9,83,0.0,1239,19.8,0.0,0.0,0.0,0,1,8,4,0,0,1,0,436
2018-08-31,7,22.9,83,0.6,1127,19.8,0.01,0.0,0.0,0,1,8,4,0,0,1,0,828
2018-08-31,8,23.1,80,0.2,1066,19.4,0.27,0.1,0.0,0,1,8,4,0,0,1,0,1686
2018-08-31,9,24.1,69,0.9,1662,18.0,0.76,0.0,0.0,0,1,8,4,0,0,1,0,1049
2018-08-31,10,25.5,53,2.3,1843,15.2,1.81,0.0,0.0,0,1,8,4,0,0,1,0,794
2018-08-31,11,26.7,51,2.7,1925,15.7,2.65,0.0,0.0,0,1,8,4,0,0,1,0,868
2018-08-31,12,27.8,47,2.9,1905,15.4,2.99,0.0,0.0,0,1,8,4,0,0,1,0,982
2018-08-31,13,28.7,46,2.6,1815,15.9,3.1,0.0,0.0,0,1,8,4,0,0,1,0,965
2018-08-31,14,29.3,41,1.9,1928,14.6,3.0,0.0,0.0,0,1,8,4,0,0,1,0,987
2018-08-31,15,30.3,41,2.5,1864,15.5,2.72,0.0,0.0,0,1,8,4,0,0,1,0,1119
2018-08-31,16,29.7,51,3.0,2000,18.4,2.27,0.0,0.0,0,1,8,4,0,0,1,0,1404
2018-08-31,17,29.1,49,2.8,1969,17.2,1.57,0.0,0.0,0,1,8,4,0,0,1,0,1869
2018-08-31,18,28.4,57,2.4,2000,19.0,0.84,0.0,0.0,0,1,8,4,0,0,1,0,2836
2018-08-31,19,26.5,69,2.3,2000,20.3,0.18,0.0,0.0,0,1,8,4,0,0,1,0,2372
2018-08-31,20,25.4,74,1.6,2000,20.4,0.0,0.0,0.0,0,1,8,4,0,0,1,0,1995
2018-08-31,21,24.5,78,1.2,2000,20.4,0.0,0.0,0.0,0,1,8,4,0,0,1,0,1931
2018-08-31,22,24.1,80,0.9,1852,20.4,0.0,0.0,0.0,0,1,8,4,0,0,1,0,1789
2018-08-31,23,23.8,81,0.6,1893,20.3,0.0,0.0,0.0,0,1,8,4,0,0,1,0,1329
2018-09-01,0,23.2,83,0.5,1887,20.1,0.0,0.0,0.0,0,1,9,5,1,0,0,0,1075
2018-09-01,1,22.7,83,0.1,1940,19.6,0.0,0.0,0.0,0,1,9,5,1,0,0,0,975
2018-09-01,2,22.0,86,0.4,1703,19.5,0.0,0.0,0.0,0,1,9,5,1,0,0,0,785
2018-09-01,3,21.6,87,0.3,1579,19.3,0.0,0.0,0.0,0,1,9,5,1,0,0,0,514
2018-09-01,4,21.2,88,0.9,1183,19.1,0.0,0.0,0.0,0,1,9,5,1,0,0,0,338
2018-09-01,5,21.1,87,0.6,1116,18.8,0.0,0.0,0.0,0,1,9,5,1,0,0,0,260
2018-09-01,6,20.9,87,0.7,1198,18.6,0.0,0.0,0.0,0,1,9,5,1,0,0,0,362
2018-09-01,7,21.1,81,1.0,1738,17.7,0.14,0.0,0.0,0,1,9,5,1,0,0,0,511
2018-09-01,8,22.3,64,1.7,2000,15.1,0.75,0.0,0.0,0,1,9,5,1,0,0,0,812
2018-09-01,9,24.1,56,2.1,1956,14.7,1.46,0.0,0.0,0,1,9,5,1,0,0,0,925
2018-09-01,10,26.0,54,1.5,2000,15.9,2.13,0.0,0.0,0,1,9,5,1,0,0,0,861
2018-09-01,11,27.6,47,1.2,2000,15.2,2.63,0.0,0.0,0,1,9,5,1,0,0,0,981
2018-09-01,12,28.9,46,1.6,1966,16.1,2.96,0.0,0.0,0,1,9,5,1,0,0,0,1086
2018-09-01,13,29.4,48,1.9,1942,17.2,2.88,0.0,0.0,0,1,9,5,1,0,0,0,1303
2018-09-01,14,29.7,42,1.4,2000,15.4,2.37,0.0,0.0,0,1,9,5,1,0,0,0,1371
2018-09-01,15,30.0,45,0.9,2000,16.7,2.1,0.0,0.0,0,1,9,5,1,0,0,0,1480
2018-09-01,16,30.5,41,1.4,1930,15.7,1.95,0.0,0.0,0,1,9,5,1,0,0,0,1678
2018-09-01,17,29.6,42,1.3,2000,15.3,0.98,0.0,0.0,0,1,9,5,1,0,0,0,1845
2018-09-01,18,28.8,46,1.3,2000,16.0,0.58,0.0,0.0,0,1,9,5,1,0,0,0,1892
2018-09-01,19,27.8,48,1.1,2000,15.7,0.08,0.0,0.0,0,1,9,5,1,0,0,0,1891
2018-09-01,20,26.9,49,2.1,2000,15.2,0.0,0.0,0.0,0,1,9,5,1,0,0,0,1440
2018-09-01,21,26.0,52,1.4,2000,15.3,0.0,0.0,0.0,0,1,9,5,1,0,0,0,1110
2018-09-01,22,25.1,53,2.0,2000,14.8,0.0,0.0,0.0,0,1,9,5,1,0,0,0,992
2018-09-01,23,24.4,54,1.6,2000,14.4,0.0,0.0,0.0,0,1,9,5,1,0,0,0,1523
2018-09-02,0,23.5,56,1.5,2000,14.2,0.0,0.0,0.0,0,1,9,6,1,0,0,0,1336
2018-09-02,1,22.8,59,1.5,2000,14.3,0.0,0.0,0.0,0,1,9,6,1,0,0,0,930
2018-09-02,2,22.0,60,1.2,2000,13.8,0.0,0.0,0.0,0,1,9,6,1,0,0,0,610
2018-09-02,3,21.5,61,1.3,2000,13.6,0.0,0.0,0.0,0,1,9,6,1,0,0,0,440
2018-09-02,4,21.1,62,1.8,2000,13.5,0.0,0.0,0.0,0,1,9,6,1,0,0,0,255
2018-09-02,5,20.6,65,1.1,2000,13.7,0.0,0.0,0.0,0,1,9,6,1,0,0,0,179
2018-09-02,6,20.2,66,1.0,2000,13.6,0.0,0.0,0.0,0,1,9,6,1,0,0,0,249
2018-09-02,7,20.2,65,1.4,2000,13.4,0.16,0.0,0.0,0,1,9,6,1,0,0,0,388
2018-09-02,8,21.3,57,1.3,2000,12.4,0.81,0.0,0.0,0,1,9,6,1,0,0,0,576
2018-09-02,9,23.4,52,1.3,1997,12.9,1.53,0.0,0.0,0,1,9,6,1,0,0,0,721
2018-09-02,10,25.0,47,1.5,2000,12.8,2.17,0.0,0.0,0,1,9,6,1,0,0,0,802
2018-09-02,11,26.5,44,1.4,1958,13.2,2.62,0.0,0.0,0,1,9,6,1,0,0,0,940
2018-09-02,12,27.5,43,1.4,1959,13.7,2.75,0.0,0.0,0,1,9,6,1,0,0,0,1075
2018-09-02,13,28.5,42,1.7,1990,14.3,2.94,0.0,0.0,0,1,9,6,1,0,0,0,1254
2018-09-02,14,29.1,43,1.4,2000,15.2,2.39,0.0,0.0,0,1,9,6,1,0,0,0,1395
2018-09-02,15,29.3,43,1.5,1958,15.4,2.4,0.0,0.0,0,1,9,6,1,0,0,0,1550
2018-09-02,16,29.3,44,1.4,1997,15.7,1.32,0.0,0.0,0,1,9,6,1,0,0,0,1853
2018-09-02,17,28.8,47,2.0,1998,16.3,1.0,0.0,0.0,0,1,9,6,1,0,0,0,2069
2018-09-02,18,27.9,52,1.7,2000,17.1,0.2,0.0,0.0,0,1,9,6,1,0,0,0,2118
2018-09-02,19,27.3,54,1.5,2000,17.1,0.05,0.0,0.0,0,1,9,6,1,0,0,0,1986
2018-09-02,20,26.9,56,1.6,2000,17.3,0.0,0.0,0.0,0,1,9,6,1,0,0,0,1838
2018-09-02,21,26.2,62,2.3,2000,18.3,0.0,0.0,0.0,0,1,9,6,1,0,0,0,1759
2018-09-02,22,25.7,64,1.1,2000,18.3,0.0,0.0,0.0,0,1,9,6,1,0,0,0,1511
2018-09-02,23,25.1,65,2.2,2000,18.0,0.0,0.0,0.0,0,1,9,6,1,0,0,0,1047
2018-09-03,0,24.7,67,1.2,2000,18.1,0.0,0.0,0.0,0,1,9,0,1,0,0,0,763
2018-09-03,1,24.5,68,0.5,2000,18.1,0.0,0.0,0.0,0,1,9,0,1,0,0,0,524
2018-09-03,2,24.3,68,1.0,2000,18.0,0.0,0.0,0.0,0,1,9,0,1,0,0,0,321
2018-09-03,3,24.2,70,0.3,2000,18.3,0.0,0.0,0.0,0,1,9,0,1,0,0,0,211
2018-09-03,4,24.0,70,1.2,2000,18.1,0.0,0.0,0.0,0,1,9,0,1,0,0,0,153
2018-09-03,5,23.9,70,1.5,2000,18.0,0.0,0.0,0.0,0,1,9,0,1,0,0,0,264
2018-09-03,6,23.8,71,1.2,2000,18.2,0.0,0.0,0.0,0,1,9,0,1,0,0,0,656
2018-09-03,7,23.9,71,0.4,2000,18.3,0.02,0.0,0.0,0,1,9,0,1,0,0,0,1287
2018-09-03,8,24.2,70,1.4,2000,18.3,0.16,0.0,0.0,0,1,9,0,1,0,0,0,1580
2018-09-03,9,23.6,86,1.2,336,21.1,0.14,2.0,0.0,0,1,9,0,1,0,0,0,719
2018-09-03,10,23.3,89,0.7,1716,21.3,0.2,0.5,0.0,0,1,9,0,1,0,0,0,434
2018-09-03,11,23.7,86,0.6,1798,21.2,0.31,0.0,0.0,0,1,9,0,1,0,0,0,443
2018-09-03,12,23.9,83,1.1,1901,20.8,0.27,0.0,0.0,0,1,9,0,1,0,0,0,673
2018-09-03,13,24.9,78,1.5,1910,20.7,0.72,0.0,0.0,0,1,9,0,1,0,0,0,731
2018-09-03,14,25.6,77,0.8,1930,21.2,0.78,0.0,0.0,0,1,9,0,1,0,0,0,532
2018-09-03,15,25.7,81,0.7,1825,22.1,0.43,0.0,0.0,0,1,9,0,1,0,0,0,137
2018-09-03,16,25.5,91,1.3,403,23.9,0.23,3.5,0.0,0,1,9,0,1,0,0,0,39
2018-09-03,17,22.7,96,4.9,452,22.0,0.07,13.0,0.0,0,1,9,0,1,0,0,0,23
2018-09-03,18,21.9,97,1.8,757,21.3,0.02,13.0,0.0,0,1,9,0,1,0,0,0,113
2018-09-03,19,21.7,97,0.2,1154,21.1,0.01,1.0,0.0,0,1,9,0,1,0,0,0,73
2018-09-03,20,21.5,97,0.3,2000,20.9,0.0,0.5,0.0,0,1,9,0,1,0,0,0,151
2018-09-03,21,21.6,97,0.5,646,21.0,0.0,0.5,0.0,0,1,9,0,1,0,0,0,110
2018-09-03,22,21.7,97,0.4,440,21.1,0.0,0.5,0.0,0,1,9,0,1,0,0,0,379
2018-09-03,23,21.7,97,0.8,838,21.1,0.0,0.0,0.0,0,1,9,0,1,0,0,0,486
2018-09-04,0,21.4,97,0.1,404,20.8,0.0,0.0,0.0,0,1,9,1,1,0,0,0,500
2018-09-04,1,21.3,97,1.1,570,20.7,0.0,0.0,0.0,0,1,9,1,1,0,0,0,486
2018-09-04,2,20.9,96,0.4,970,20.2,0.0,0.0,0.0,0,1,9,1,1,0,0,0,324
2018-09-04,3,20.6,97,0.2,500,20.1,0.0,0.0,0.0,0,1,9,1,1,0,0,0,223
2018-09-04,4,20.4,97,2.7,704,19.9,0.0,0.0,0.0,0,1,9,1,1,0,0,0,186
2018-09-04,5,20.2,97,1.2,528,19.7,0.0,0.0,0.0,0,1,9,1,1,0,0,0,219
2018-09-04,6,20.0,97,0.0,647,19.5,0.0,0.0,0.0,0,1,9,1,1,0,0,0,602
2018-09-04,7,20.1,97,1.9,443,19.6,0.03,0.0,0.0,0,1,9,1,1,0,0,0,1289
2018-09-04,8,20.5,90,1.9,490,18.7,0.53,0.0,0.0,0,1,9,1,1,0,0,0,2059
2018-09-04,9,21.6,81,2.3,1669,18.1,1.2,0.0,0.0,0,1,9,1,1,0,0,0,1083
2018-09-04,10,23.1,73,3.1,2000,17.9,2.24,0.0,0.0,0,1,9,1,1,0,0,0,822
2018-09-04,11,24.5,64,2.7,2000,17.2,2.7,0.0,0.0,0,1,9,1,1,0,0,0,940
2018-09-04,12,25.8,57,2.8,2000,16.6,3.02,0.0,0.0,0,1,9,1,1,0,0,0,995
2018-09-04,13,26.5,58,2.8,2000,17.5,2.87,0.0,0.0,0,1,9,1,1,0,0,0,997
2018-09-04,14,27.4,52,3.8,1998,16.6,2.67,0.0,0.0,0,1,9,1,1,0,0,0,987
2018-09-04,15,26.7,51,3.4,2000,15.7,2.09,0.0,0.0,0,1,9,1,1,0,0,0,1178
2018-09-04,16,27.1,47,4.3,2000,14.8,1.82,0.0,0.0,0,1,9,1,1,0,0,0,1429
2018-09-04,17,27.6,47,3.3,2000,15.2,1.49,0.0,0.0,0,1,9,1,1,0,0,0,1993
2018-09-04,18,26.8,53,2.6,2000,16.4,0.8,0.0,0.0,0,1,9,1,1,0,0,0,3166
2018-09-04,19,25.1,49,3.1,2000,13.6,0.18,0.0,0.0,0,1,9,1,1,0,0,0,2491
2018-09-04,20,23.7,49,3.3,2000,12.3,0.0,0.0,0.0,0,1,9,1,1,0,0,0,2259
2018-09-04,21,22.9,55,3.0,2000,13.3,0.0,0.0,0.0,0,1,9,1,1,0,0,0,2212
2018-09-04,22,22.2,58,1.5,2000,13.5,0.0,0.0,0.0,0,1,9,1,1,0,0,0,1856
2018-09-04,23,21.7,60,0.5,2000,13.5,0.0,0.0,0.0,0,1,9,1,1,0,0,0,1233
2018-09-05,0,21.1,64,1.5,2000,14.0,0.0,0.0,0.0,0,1,9,2,1,0,0,0,983
2018-09-05,1,20.9,66,1.1,2000,14.3,0.0,0.0,0.0,0,1,9,2,1,0,0,0,748
2018-09-05,2,20.6,72,0.9,2000,15.3,0.0,0.0,0.0,0,1,9,2,1,0,0,0,493
2018-09-05,3,20.2,77,0.4,2000,16.0,0.0,0.0,0.0,0,1,9,2,1,0,0,0,376
2018-09-05,4,19.9,81,0.2,2000,16.5,0.0,0.0,0.0,0,1,9,2,1,0,0,0,220
2018-09-05,5,19.7,82,0.5,2000,16.5,0.0,0.0,0.0,0,1,9,2,1,0,0,0,249
2018-09-05,6,19.8,82,0.5,2000,16.6,0.0,0.0,0.0,0,1,9,2,1,0,0,0,676
2018-09-05,7,19.8,79,0.9,2000,16.0,0.13,0.0,0.0,0,1,9,2,1,0,0,0,1487
2018-09-05,8,21.2,69,1.9,2000,15.2,0.74,0.0,0.0,0,1,9,2,1,0,0,0,2312
2018-09-05,9,23.4,59,3.0,1974,14.9,1.46,0.0,0.0,0,1,9,2,1,0,0,0,1195
2018-09-05,10,25.4,49,3.9,1996,13.9,2.13,0.0,0.0,0,1,9,2,1,0,0,0,847
2018-09-05,11,26.4,47,2.9,2000,14.1,2.38,0.0,0.0,0,1,9,2,1,0,0,0,937
2018-09-05,12,27.1,44,5.0,2000,13.7,2.8,0.0,0.0,0,1,9,2,1,0,0,0,1072
2018-09-05,13,27.3,46,4.8,1983,14.6,2.92,0.0,0.0,0,1,9,2,1,0,0,0,1039
2018-09-05,14,27.9,42,5.0,1914,13.7,2.79,0.0,0.0,0,1,9,2,1,0,0,0,989
2018-09-05,15,28.1,43,5.1,1929,14.3,2.65,0.0,0.0,0,1,9,2,1,0,0,0,1131
2018-09-05,16,28.2,37,4.0,1987,12.1,2.03,0.0,0.0,0,1,9,2,1,0,0,0,1446
2018-09-05,17,27.7,40,5.0,2000,12.8,1.51,0.0,0.0,0,1,9,2,1,0,0,0,2068
2018-09-05,18,27.0,45,2.4,2000,14.0,0.77,0.0,0.0,0,1,9,2,1,0,0,0,3160
2018-09-05,19,25.4,55,3.2,2000,15.6,0.15,0.0,0.0,0,1,9,2,1,0,0,0,2468
2018-09-05,20,24.5,64,2.0,2000,17.2,0.0,0.0,0.0,0,1,9,2,1,0,0,0,2177
2018-09-05,21,23.9,75,2.3,1975,19.1,0.0,0.0,0.0,0,1,9,2,1,0,0,0,2024
2018-09-05,22,23.6,82,1.8,1673,20.3,0.0,0.0,0.0,0,1,9,2,1,0,0,0,1798
2018-09-05,23,23.0,83,1.8,1469,19.9,0.0,0.0,0.0,0,1,9,2,1,0,0,0,1219
2018-09-06,0,22.5,83,0.5,1593,19.4,0.0,0.0,0.0,0,1,9,3,1,0,0,0,963
2018-09-06,1,21.9,85,0.2,1410,19.2,0.0,0.0,0.0,0,1,9,3,1,0,0,0,743
2018-09-06,2,21.6,86,0.2,1353,19.1,0.0,0.0,0.0,0,1,9,3,1,0,0,0,531
2018-09-06,3,21.5,85,0.1,1282,18.8,0.0,0.0,0.0,0,1,9,3,1,0,0,0,320
2018-09-06,4,21.6,87,0.4,951,19.3,0.0,0.0,0.0,0,1,9,3,1,0,0,0,215
2018-09-06,5,21.7,87,0.6,846,19.4,0.0,0.0,0.0,0,1,9,3,1,0,0,0,247
2018-09-06,6,21.4,84,0.8,1506,18.5,0.0,0.0,0.0,0,1,9,3,1,0,0,0,680
2018-09-06,7,20.9,83,0.4,1388,17.8,0.09,0.0,0.0,0,1,9,3,1,0,0,0,1438
2018-09-06,8,21.8,77,0.9,1419,17.5,0.43,0.0,0.0,0,1,9,3,1,0,0,0,2270
2018-09-06,9,23.5,72,0.5,1485,18.1,0.95,0.0,0.0,0,1,9,3,1,0,0,0,1186
2018-09-06,10,24.6,70,1.2,1454,18.7,0.96,0.0,0.0,0,1,9,3,1,0,0,0,835
2018-09-06,11,25.9,63,2.5,1693,18.3,1.32,0.0,0.0,0,1,9,3,1,0,0,0,941
2018-09-06,12,26.9,60,2.3,1592,18.4,1.67,0.0,0.0,0,1,9,3,1,0,0,0,1041
2018-09-06,13,28.0,52,2.3,1642,17.2,1.85,0.0,0.0,0,1,9,3,1,0,0,0,1049
2018-09-06,14,27.9,47,3.2,1869,15.5,1.65,0.0,0.0,0,1,9,3,1,0,0,0,1032
2018-09-06,15,27.8,48,3.0,1880,15.7,0.93,0.0,0.0,0,1,9,3,1,0,0,0,1089
2018-09-06,16,26.9,55,3.9,1909,17.0,0.54,0.0,0.0,0,1,9,3,1,0,0,0,1292
2018-09-06,17,26.6,63,3.0,2000,18.9,0.43,0.0,0.0,0,1,9,3,1,0,0,0,1525
2018-09-06,18,25.8,58,2.9,2000,16.9,0.16,0.0,0.0,0,1,9,3,1,0,0,0,2497
2018-09-06,19,25.3,71,3.3,2000,19.6,0.05,0.0,0.0,0,1,9,3,1,0,0,0,1990
2018-09-06,20,25.1,71,3.6,2000,19.4,0.0,0.0,0.0,0,1,9,3,1,0,0,0,1900
2018-09-06,21,24.6,70,2.5,2000,18.7,0.0,0.0,0.0,0,1,9,3,1,0,0,0,1851
2018-09-06,22,24.3,71,2.5,1992,18.6,0.0,0.0,0.0,0,1,9,3,1,0,0,0,1641
2018-09-06,23,23.9,71,4.7,1982,18.3,0.0,0.0,0.0,0,1,9,3,1,0,0,0,562
2018-09-07,0,21.3,82,3.5,1933,18.0,0.0,1.0,0.0,0,1,9,4,1,0,0,0,556
2018-09-07,1,21.6,77,2.6,1777,17.3,0.0,0.0,0.0,0,1,9,4,1,0,0,0,345
2018-09-07,2,21.3,76,2.2,1559,16.8,0.0,0.5,0.0,0,1,9,4,1,0,0,0,259
2018-09-07,3,21.1,75,1.8,1551,16.4,0.0,0.0,0.0,0,1,9,4,1,0,0,0,259
2018-09-07,4,20.8,66,1.5,1719,14.2,0.0,0.0,0.0,0,1,9,4,1,0,0,0,185
2018-09-07,5,20.5,67,1.2,1649,14.1,0.0,0.0,0.0,0,1,9,4,1,0,0,0,247
2018-09-07,6,20.2,70,1.6,1690,14.5,0.0,0.0,0.0,0,1,9,4,1,0,0,0,624
2018-09-07,7,20.3,74,1.8,1372,15.5,0.07,0.0,0.0,0,1,9,4,1,0,0,0,1346
2018-09-07,8,20.5,78,2.5,1250,16.5,0.32,0.0,0.0,0,1,9,4,1,0,0,0,2260
2018-09-07,9,21.3,63,2.7,1969,13.9,1.15,0.0,0.0,0,1,9,4,1,0,0,0,1194
2018-09-07,10,22.6,58,1.8,1962,13.9,2.02,0.0,0.0,0,1,9,4,1,0,0,0,896
2018-09-07,11,23.8,51,3.5,1970,13.0,2.62,0.0,0.0,0,1,9,4,1,0,0,0,988
2018-09-07,12,24.2,50,3.8,2000,13.1,2.85,0.0,0.0,0,1,9,4,1,0,0,0,1213
2018-09-07,13,24.3,50,2.9,2000,13.2,2.37,0.0,0.0,0,1,9,4,1,0,0,0,1119
2018-09-07,14,25.2,43,3.2,1981,11.7,2.59,0.0,0.0,0,1,9,4,1,0,0,0,1187
2018-09-07,15,24.7,44,4.2,2000,11.6,1.92,0.0,0.0,0,1,9,4,1,0,0,0,1391
2018-09-07,16,25.2,39,2.8,1987,10.2,1.65,0.0,0.0,0,1,9,4,1,0,0,0,1577
2018-09-07,17,24.5,37,3.2,2000,8.8,1.04,0.0,0.0,0,1,9,4,1,0,0,0,2183
2018-09-07,18,24.4,34,2.4,2000,7.5,0.84,0.0,0.0,0,1,9,4,1,0,0,0,3154
2018-09-07,19,22.6,39,2.8,2000,7.9,0.14,0.0,0.0,0,1,9,4,1,0,0,0,2365
2018-09-07,20,21.6,43,1.4,2000,8.4,0.0,0.0,0.0,0,1,9,4,1,0,0,0,1959
2018-09-07,21,20.6,48,2.1,2000,9.1,0.0,0.0,0.0,0,1,9,4,1,0,0,0,1915
2018-09-07,22,19.8,51,1.2,2000,9.3,0.0,0.0,0.0,0,1,9,4,1,0,0,0,1796
2018-09-07,23,19.4,50,2.8,2000,8.6,0.0,0.0,0.0,0,1,9,4,1,0,0,0,1363
2018-09-08,0,19.2,53,3.7,2000,9.3,0.0,0.0,0.0,0,1,9,5,1,0,0,0,1107
2018-09-08,1,18.9,55,2.3,2000,9.6,0.0,0.0,0.0,0,1,9,5,1,0,0,0,1001
2018-09-08,2,18.5,57,2.3,2000,9.8,0.0,0.0,0.0,0,1,9,5,1,0,0,0,692
2018-09-08,3,17.8,60,0.2,2000,9.9,0.0,0.0,0.0,0,1,9,5,1,0,0,0,504
2018-09-08,4,17.2,66,0.6,2000,10.7,0.0,0.0,0.0,0,1,9,5,1,0,0,0,285
2018-09-08,5,16.7,70,0.8,2000,11.1,0.0,0.0,0.0,0,1,9,5,1,0,0,0,227
2018-09-08,6,16.2,70,0.3,2000,10.7,0.0,0.0,0.0,0,1,9,5,1,0,0,0,322
2018-09-08,7,16.0,70,1.1,2000,10.5,0.11,0.0,0.0,0,1,9,5,1,0,0,0,511
2018-09-08,8,17.1,57,1.0,1979,8.5,0.76,0.0,0.0,0,1,9,5,1,0,0,0,827
2018-09-08,9,19.9,51,0.6,1906,9.4,1.46,0.0,0.0,0,1,9,5,1,0,0,0,956
2018-09-08,10,22.2,43,0.9,1891,9.0,2.09,0.0,0.0,0,1,9,5,1,0,0,0,1096
2018-09-08,11,24.2,41,1.5,1818,10.1,2.62,0.0,0.0,0,1,9,5,1,0,0,0,1179
2018-09-08,12,25.2,36,2.4,1995,9.0,2.93,0.0,0.0,0,1,9,5,1,0,0,0,1273
2018-09-08,13,26.1,32,3.0,1985,8.1,3.06,0.0,0.0,0,1,9,5,1,0,0,0,1505
2018-09-08,14,26.8,31,2.8,2000,8.2,2.96,0.0,0.0,0,1,9,5,1,0,0,0,1554
2018-09-08,15,26.9,33,2.9,1997,9.2,2.65,0.0,0.0,0,1,9,5,1,0,0,0,1792
2018-09-08,16,27.7,32,1.4,2000,9.4,2.05,0.0,0.0,0,1,9,5,1,0,0,0,1943
2018-09-08,17,27.2,35,1.7,2000,10.3,1.32,0.0,0.0,0,1,9,5,1,0,0,0,2167
2018-09-08,18,25.7,38,1.5,2000,10.3,0.64,0.0,0.0,0,1,9,5,1,0,0,0,2255
2018-09-08,19,24.0,41,1.9,2000,9.9,0.1,0.0,0.0,0,1,9,5,1,0,0,0,1978
2018-09-08,20,22.8,45,2.0,2000,10.2,0.0,0.0,0.0,0,1,9,5,1,0,0,0,1944
2018-09-08,21,22.1,49,1.7,2000,10.8,0.0,0.0,0.0,0,1,9,5,1,0,0,0,1878
2018-09-08,22,21.5,51,2.0,2000,10.9,0.0,0.0,0.0,0,1,9,5,1,0,0,0,1675
2018-09-08,23,20.7,52,1.4,2000,10.4,0.0,0.0,0.0,0,1,9,5,1,0,0,0,1142
2018-09-09,0,19.6,53,1.5,2000,9.7,0.0,0.0,0.0,0,1,9,6,1,0,0,0,1185
2018-09-09,1,18.8,54,0.1,2000,9.2,0.0,0.0,0.0,0,1,9,6,1,0,0,0,835
2018-09-09,2,18.1,57,0.3,2000,9.4,0.0,0.0,0.0,0,1,9,6,1,0,0,0,589
2018-09-09,3,17.4,57,0.6,2000,8.7,0.0,0.0,0.0,0,1,9,6,1,0,0,0,395
2018-09-09,4,17.0,59,0.0,2000,8.9,0.0,0.0,0.0,0,1,9,6,1,0,0,0,264
2018-09-09,5,16.3,66,0.5,2000,9.9,0.0,0.0,0.0,0,1,9,6,1,0,0,0,165
2018-09-09,6,15.8,69,0.9,2000,10.1,0.0,0.0,0.0,0,1,9,6,1,0,0,0,255
2018-09-09,7,15.7,68,0.9,2000,9.8,0.05,0.0,0.0,0,1,9,6,1,0,0,0,366
2018-09-09,8,17.4,56,0.8,2000,8.5,0.49,0.0,0.0,0,1,9,6,1,0,0,0,644
2018-09-09,9,20.4,51,1.8,2000,9.9,1.43,0.0,0.0,0,1,9,6,1,0,0,0,803
2018-09-09,10,22.9,45,1.5,2000,10.3,2.1,0.0,0.0,0,1,9,6,1,0,0,0,928
2018-09-09,11,24.4,41,1.3,1982,10.2,2.61,0.0,0.0,0,1,9,6,1,0,0,0,1051
2018-09-09,12,25.9,39,1.2,1950,10.8,2.89,0.0,0.0,0,1,9,6,1,0,0,0,1220
2018-09-09,13,27.2,32,1.7,2000,9.0,3.12,0.0,0.0,0,1,9,6,1,0,0,0,1432
2018-09-09,14,28.2,29,2.0,2000,8.4,3.09,0.0,0.0,0,1,9,6,1,0,0,0,1662
2018-09-09,15,28.9,27,1.8,2000,8.0,2.9,0.0,0.0,0,1,9,6,1,0,0,0,1877
2018-09-09,16,27.1,35,0.9,2000,10.3,1.27,0.0,0.0,0,1,9,6,1,0,0,0,2099
2018-09-09,17,27.7,33,1.1,2000,9.9,1.21,0.0,0.0,0,1,9,6,1,0,0,0,2201
2018-09-09,18,26.0,35,0.3,2000,9.3,0.2,0.0,0.0,0,1,9,6,1,0,0,0,2368
2018-09-09,19,24.1,56,2.5,2000,14.7,0.04,0.0,0.0,0,1,9,6,1,0,0,0,2033
2018-09-09,20,22.9,58,2.6,2000,14.1,0.0,0.0,0.0,0,1,9,6,1,0,0,0,1930
2018-09-09,21,22.2,57,1.2,2000,13.2,0.0,0.0,0.0,0,1,9,6,1,0,0,0,1820
2018-09-09,22,21.8,54,1.6,2000,12.0,0.0,0.0,0.0,0,1,9,6,1,0,0,0,1291
2018-09-09,23,21.2,56,2.5,2000,12.0,0.0,0.0,0.0,0,1,9,6,1,0,0,0,941
2018-09-10,0,20.7,57,1.8,2000,11.8,0.0,0.0,0.0,0,1,9,0,1,0,0,0,792
2018-09-10,1,20.5,58,1.7,2000,11.9,0.0,0.0,0.0,0,1,9,0,1,0,0,0,487
2018-09-10,2,20.0,59,1.5,2000,11.7,0.0,0.0,0.0,0,1,9,0,1,0,0,0,332
2018-09-10,3,19.7,60,1.9,2000,11.7,0.0,0.0,0.0,0,1,9,0,1,0,0,0,176
2018-09-10,4,19.4,61,1.6,2000,11.6,0.0,0.0,0.0,0,1,9,0,1,0,0,0,188
2018-09-10,5,19.1,62,1.6,2000,11.6,0.0,0.0,0.0,0,1,9,0,1,0,0,0,226
2018-09-10,6,18.7,64,0.9,2000,11.7,0.0,0.0,0.0,0,1,9,0,1,0,0,0,691
2018-09-10,7,18.9,63,1.8,2000,11.6,0.09,0.0,0.0,0,1,9,0,1,0,0,0,1463
2018-09-10,8,20.1,57,1.6,2000,11.3,0.73,0.0,0.0,0,1,9,0,1,0,0,0,2278
2018-09-10,9,22.3,52,1.9,2000,11.9,1.43,0.0,0.0,0,1,9,0,1,0,0,0,1125
2018-09-10,10,24.0,47,1.6,1996,11.9,2.08,0.0,0.0,0,1,9,0,1,0,0,0,862
2018-09-10,11,25.3,44,1.2,1948,12.1,2.59,0.0,0.0,0,1,9,0,1,0,0,0,934
2018-09-10,12,26.7,40,1.4,2000,11.9,2.92,0.0,0.0,0,1,9,0,1,0,0,0,1095
2018-09-10,13,27.1,38,1.7,2000,11.5,2.56,0.0,0.0,0,1,9,0,1,0,0,0,1057
2018-09-10,14,27.8,37,1.4,1983,11.7,2.67,0.0,0.0,0,1,9,0,1,0,0,0,1064
2018-09-10,15,27.6,38,1.4,2000,11.9,2.09,0.0,0.0,0,1,9,0,1,0,0,0,1249
2018-09-10,16,27.5,39,1.5,2000,12.3,1.46,0.0,0.0,0,1,9,0,1,0,0,0,1467
2018-09-10,17,26.6,40,1.4,2000,11.8,0.69,0.0,0.0,0,1,9,0,1,0,0,0,2147
2018-09-10,18,25.9,42,1.1,2000,11.9,0.48,0.0,0.0,0,1,9,0,1,0,0,0,3298
2018-09-10,19,24.4,47,2.0,2000,12.3,0.05,0.0,0.0,0,1,9,0,1,0,0,0,2518
2018-09-10,20,23.4,48,1.8,2000,11.7,0.0,0.0,0.0,0,1,9,0,1,0,0,0,2240
2018-09-10,21,22.5,48,1.4,2000,10.9,0.0,0.0,0.0,0,1,9,0,1,0,0,0,2090
2018-09-10,22,21.7,50,1.6,2000,10.8,0.0,0.0,0.0,0,1,9,0,1,0,0,0,1779
2018-09-10,23,20.8,51,1.7,2000,10.2,0.0,0.0,0.0,0,1,9,0,1,0,0,0,1223
2018-09-11,0,20.1,52,1.5,2000,9.9,0.0,0.0,0.0,0,1,9,1,1,0,0,0,910
2018-09-11,1,19.5,52,1.3,2000,9.3,0.0,0.0,0.0,0,1,9,1,1,0,0,0,662
2018-09-11,2,18.9,52,1.1,2000,8.8,0.0,0.0,0.0,0,1,9,1,1,0,0,0,435
2018-09-11,3,18.2,52,1.5,2000,8.1,0.0,0.0,0.0,0,1,9,1,1,0,0,0,261
2018-09-11,4,17.7,52,1.5,2000,7.7,0.0,0.0,0.0,0,1,9,1,1,0,0,0,193
2018-09-11,5,17.2,54,1.3,2000,7.7,0.0,0.0,0.0,0,1,9,1,1,0,0,0,258
2018-09-11,6,17.0,55,1.2,2000,7.8,0.0,0.0,0.0,0,1,9,1,1,0,0,0,678
2018-09-11,7,16.9,55,1.4,2000,7.7,0.07,0.0,0.0,0,1,9,1,1,0,0,0,1556
2018-09-11,8,17.8,53,1.4,2000,8.0,0.51,0.0,0.0,0,1,9,1,1,0,0,0,2369
2018-09-11,9,19.8,49,1.9,2000,8.7,1.24,0.0,0.0,0,1,9,1,1,0,0,0,1234
2018-09-11,10,21.9,43,1.1,2000,8.7,1.89,0.0,0.0,0,1,9,1,1,0,0,0,922
2018-09-11,11,23.7,40,2.0,2000,9.2,2.6,0.0,0.0,0,1,9,1,1,0,0,0,1012
2018-09-11,12,24.5,40,1.3,1973,10.0,2.64,0.0,0.0,0,1,9,1,1,0,0,0,1192
2018-09-11,13,25.7,40,2.2,1997,11.0,2.98,0.0,0.0,0,1,9,1,1,0,0,0,1102
2018-09-11,14,25.8,37,1.5,1995,9.9,2.22,0.0,0.0,0,1,9,1,1,0,0,0,1115
2018-09-11,15,26.0,40,1.9,2000,11.3,1.53,0.0,0.0,0,1,9,1,1,0,0,0,1222
2018-09-11,16,25.5,44,1.4,2000,12.3,1.0,0.0,0.0,0,1,9,1,1,0,0,0,1527
2018-09-11,17,25.4,44,1.2,2000,12.2,0.84,0.0,0.0,0,1,9,1,1,0,0,0,2171
2018-09-11,18,24.7,45,0.7,2000,11.9,0.3,0.0,0.0,0,1,9,1,1,0,0,0,3222
2018-09-11,19,23.7,49,1.8,2000,12.3,0.03,0.0,0.0,0,1,9,1,1,0,0,0,2455
2018-09-11,20,22.9,48,1.2,2000,11.2,0.0,0.0,0.0,0,1,9,1,1,0,0,0,2072
2018-09-11,21,22.2,50,1.3,2000,11.2,0.0,0.0,0.0,0,1,9,1,1,0,0,0,2018
2018-09-11,22,21.6,52,1.9,2000,11.3,0.0,0.0,0.0,0,1,9,1,1,0,0,0,1868
2018-09-11,23,20.9,53,1.8,2000,10.9,0.0,0.0,0.0,0,1,9,1,1,0,0,0,1240
2018-09-12,0,20.2,54,1.2,2000,10.5,0.0,0.0,0.0,0,1,9,2,1,0,0,0,949
2018-09-12,1,19.6,56,1.2,2000,10.5,0.0,0.0,0.0,0,1,9,2,1,0,0,0,691
2018-09-12,2,19.0,56,0.9,2000,10.0,0.0,0.0,0.0,0,1,9,2,1,0,0,0,462
2018-09-12,3,18.4,57,1.3,2000,9.7,0.0,0.0,0.0,0,1,9,2,1,0,0,0,297
2018-09-12,4,18.0,59,1.5,2000,9.8,0.0,0.0,0.0,0,1,9,2,1,0,0,0,215
2018-09-12,5,17.5,60,1.6,2000,9.6,0.0,0.0,0.0,0,1,9,2,1,0,0,0,241
2018-09-12,6,17.0,63,1.3,2000,9.8,0.0,0.0,0.0,0,1,9,2,1,0,0,0,656
2018-09-12,7,16.8,61,1.3,2000,9.2,0.06,0.0,0.0,0,1,9,2,1,0,0,0,1551
2018-09-12,8,18.2,56,1.5,1994,9.2,0.62,0.0,0.0,0,1,9,2,1,0,0,0,2391
2018-09-12,9,20.8,48,1.1,2000,9.3,1.38,0.0,0.0,0,1,9,2,1,0,0,0,1234
2018-09-12,10,22.7,45,1.5,2000,10.1,2.08,0.0,0.0,0,1,9,2,1,0,0,0,923
2018-09-12,11,24.8,44,2.1,1955,11.7,2.55,0.0,0.0,0,1,9,2,1,0,0,0,1017
2018-09-12,12,26.3,44,1.2,1966,13.0,2.91,0.0,0.0,0,1,9,2,1,0,0,0,1165
2018-09-12,13,26.8,45,1.8,1984,13.8,2.6,0.0,0.0,0,1,9,2,1,0,0,0,1066
2018-09-12,14,26.9,45,1.6,2000,13.9,2.27,0.0,0.0,0,1,9,2,1,0,0,0,1087
2018-09-12,15,27.7,41,1.6,1969,13.2,1.98,0.0,0.0,0,1,9,2,1,0,0,0,1251
2018-09-12,16,27.8,42,1.7,1974,13.7,1.98,0.0,0.0,0,1,9,2,1,0,0,0,1494
2018-09-12,17,27.8,41,1.9,1999,13.3,1.27,0.0,0.0,0,1,9,2,1,0,0,0,2129
2018-09-12,18,27.0,44,1.4,2000,13.6,0.62,0.0,0.0,0,1,9,2,1,0,0,0,3256
2018-09-12,19,25.4,50,0.6,2000,14.2,0.07,0.0,0.0,0,1,9,2,1,0,0,0,2443
2018-09-12,20,24.0,56,0.5,1890,14.6,0.0,0.0,0.0,0,1,9,2,1,0,0,0,2146
2018-09-12,21,23.2,57,1.1,2000,14.2,0.0,0.0,0.0,0,1,9,2,1,0,0,0,2012
2018-09-12,22,22.6,60,1.0,2000,14.4,0.0,0.0,0.0,0,1,9,2,1,0,0,0,1824
2018-09-12,23,22.2,62,0.8,2000,14.5,0.0,0.0,0.0,0,1,9,2,1,0,0,0,1309
2018-09-13,0,21.9,62,1.0,1822,14.2,0.0,0.0,0.0,0,1,9,3,1,0,0,0,968
2018-09-13,1,21.5,65,1.0,2000,14.6,0.0,0.0,0.0,0,1,9,3,1,0,0,0,736
2018-09-13,2,21.2,66,0.8,2000,14.5,0.0,0.0,0.0,0,1,9,3,1,0,0,0,437
2018-09-13,3,20.9,68,1.7,2000,14.7,0.0,0.0,0.0,0,1,9,3,1,0,0,0,304
2018-09-13,4,20.7,69,1.3,2000,14.8,0.0,0.0,0.0,0,1,9,3,1,0,0,0,240
2018-09-13,5,20.5,70,1.2,2000,14.8,0.0,0.0,0.0,0,1,9,3,1,0,0,0,248
2018-09-13,6,20.3,71,1.6,2000,14.8,0.0,0.0,0.0,0,1,9,3,1,0,0,0,655
2018-09-13,7,20.5,69,1.4,2000,14.6,0.03,0.0,0.0,0,1,9,3,1,0,0,0,1448
2018-09-13,8,20.9,68,1.3,2000,14.7,0.18,0.0,0.0,0,1,9,3,1,0,0,0,2329
2018-09-13,9,21.8,64,1.6,2000,14.6,0.52,0.0,0.0,0,1,9,3,1,0,0,0,1322
2018-09-13,10,22.7,61,0.9,2000,14.7,0.82,0.0,0.0,0,1,9,3,1,0,0,0,915
2018-09-13,11,23.5,61,1.2,2000,15.5,0.95,0.0,0.0,0,1,9,3,1,0,0,0,972
2018-09-13,12,24.3,59,1.5,2000,15.7,1.12,0.0,0.0,0,1,9,3,1,0,0,0,1119
2018-09-13,13,25.1,56,2.0,1964,15.6,1.41,0.0,0.0,0,1,9,3,1,0,0,0,1014
2018-09-13,14,27.2,49,1.5,1945,15.5,2.54,0.0,0.0,0,1,9,3,1,0,0,0,1097
2018-09-13,15,27.8,49,1.4,1963,16.1,1.97,0.0,0.0,0,1,9,3,1,0,0,0,1200
2018-09-13,16,28.2,48,1.4,1995,16.1,1.7,0.0,0.0,0,1,9,3,1,0,0,0,1436
2018-09-13,17,27.9,51,1.4,2000,16.8,1.19,0.0,0.0,0,1,9,3,1,0,0,0,2021
2018-09-13,18,26.7,56,1.8,2000,17.1,0.47,0.0,0.0,0,1,9,3,1,0,0,0,3146
2018-09-13,19,25.4,61,0.6,2000,17.3,0.03,0.0,0.0,0,1,9,3,1,0,0,0,2365
2018-09-13,20,24.6,62,0.9,2000,16.8,0.0,0.0,0.0,0,1,9,3,1,0,0,0,2003
2018-09-13,21,23.8,67,0.6,2000,17.2,0.0,0.0,0.0,0,1,9,3,1,0,0,0,2000
2018-09-13,22,22.8,70,1.0,2000,17.0,0.0,0.0,0.0,0,1,9,3,1,0,0,0,1713
2018-09-13,23,22.4,73,0.3,1980,17.3,0.0,0.0,0.0,0,1,9,3,1,0,0,0,1303
2018-09-14,0,22.1,74,1.1,1962,17.2,0.0,0.0,0.0,0,1,9,4,1,0,0,0,971
2018-09-14,1,21.6,75,1.1,1671,16.9,0.0,0.0,0.0,0,1,9,4,1,0,0,0,775
2018-09-14,2,21.3,75,1.1,2000,16.6,0.0,0.0,0.0,0,1,9,4,1,0,0,0,482
2018-09-14,3,21.0,76,0.7,1995,16.6,0.0,0.0,0.0,0,1,9,4,1,0,0,0,349
2018-09-14,4,20.7,76,1.0,2000,16.3,0.0,0.0,0.0,0,1,9,4,1,0,0,0,223
2018-09-14,5,20.7,77,0.9,2000,16.5,0.0,0.0,0.0,0,1,9,4,1,0,0,0,249
2018-09-14,6,20.4,78,1.0,2000,16.4,0.0,0.0,0.0,0,1,9,4,1,0,0,0,644
2018-09-14,7,20.5,76,1.3,2000,16.1,0.06,0.0,0.0,0,1,9,4,1,0,0,0,1456
2018-09-14,8,21.4,70,1.5,1986,15.6,0.38,0.0,0.0,0,1,9,4,1,0,0,0,2253
2018-09-14,9,22.3,69,1.3,2000,16.3,0.61,0.0,0.0,0,1,9,4,1,0,0,0,1201
2018-09-14,10,23.3,65,1.4,1996,16.3,0.76,0.0,0.0,0,1,9,4,1,0,0,0,936
2018-09-14,11,24.0,64,1.3,2000,16.7,0.95,0.0,0.0,0,1,9,4,1,0,0,0,982
2018-09-14,12,25.3,56,1.2,1960,15.8,1.35,0.0,0.0,0,1,9,4,1,0,0,0,1088
2018-09-14,13,26.4,57,1.2,2000,17.1,1.8,0.0,0.0,0,1,9,4,1,0,0,0,1155
2018-09-14,14,26.3,58,1.5,1986,17.3,1.37,0.0,0.0,0,1,9,4,1,0,0,0,1199
2018-09-14,15,26.6,55,1.8,2000,16.8,1.1,0.0,0.0,0,1,9,4,1,0,0,0,1347
2018-09-14,16,26.3,57,1.6,2000,17.0,0.72,0.0,0.0,0,1,9,4,1,0,0,0,1503
2018-09-14,17,25.9,56,1.7,2000,16.4,0.42,0.0,0.0,0,1,9,4,1,0,0,0,2059
2018-09-14,18,25.7,57,1.5,2000,16.5,0.24,0.0,0.0,0,1,9,4,1,0,0,0,2826
2018-09-14,19,25.3,60,1.2,2000,16.9,0.04,0.0,0.0,0,1,9,4,1,0,0,0,1996
2018-09-14,20,25.0,61,1.1,2000,16.9,0.0,0.0,0.0,0,1,9,4,1,0,0,0,1869
2018-09-14,21,24.7,61,1.6,2000,16.6,0.0,0.0,0.0,0,1,9,4,1,0,0,0,1259
2018-09-14,22,24.0,73,2.1,1541,18.8,0.0,0.0,0.0,0,1,9,4,1,0,0,0,567
2018-09-14,23,22.3,87,1.1,1810,20.0,0.0,0.5,0.0,0,1,9,4,1,0,0,0,810
2018-09-15,0,21.8,83,1.5,2000,18.7,0.0,0.0,0.0,0,1,9,5,1,0,0,0,906
2018-09-15,1,21.8,79,1.4,2000,17.9,0.0,0.0,0.0,0,1,9,5,1,0,0,0,881
2018-09-15,2,21.7,78,1.0,2000,17.6,0.0,0.0,0.0,0,1,9,5,1,0,0,0,580
2018-09-15,3,21.6,80,1.2,2000,17.9,0.0,0.0,0.0,0,1,9,5,1,0,0,0,302
2018-09-15,4,21.2,83,0.6,2000,18.1,0.0,0.1,0.0,0,1,9,5,1,0,0,0,234
2018-09-15,5,21.1,82,0.8,2000,17.8,0.0,0.0,0.0,0,1,9,5,1,0,0,0,169
2018-09-15,6,21.0,84,0.9,2000,18.1,0.0,0.1,0.0,0,1,9,5,1,0,0,0,272
2018-09-15,7,21.2,84,0.3,2000,18.3,0.05,0.0,0.0,0,1,9,5,1,0,0,0,453
2018-09-15,8,21.7,78,0.3,2000,17.6,0.21,0.0,0.0,0,1,9,5,1,0,0,0,829
2018-09-15,9,22.7,72,1.2,2000,17.3,0.59,0.0,0.0,0,1,9,5,1,0,0,0,934
2018-09-15,10,24.4,65,1.6,1972,17.3,1.42,0.0,0.0,0,1,9,5,1,0,0,0,1017
2018-09-15,11,25.2,64,1.2,1938,17.8,1.31,0.0,0.0,0,1,9,5,1,0,0,0,1212
2018-09-15,12,25.4,63,0.9,2000,17.8,1.01,0.0,0.0,0,1,9,5,1,0,0,0,1284
2018-09-15,13,25.8,65,1.0,1996,18.7,1.12,0.0,0.0,0,1,9,5,1,0,0,0,1465
2018-09-15,14,25.7,67,1.2,2000,19.1,0.9,0.0,0.0,0,1,9,5,1,0,0,0,1474
2018-09-15,15,25.2,71,0.2,2000,19.5,0.41,0.0,0.0,0,1,9,5,1,0,0,0,1077
2018-09-15,16,24.4,74,0.6,1996,19.4,0.13,0.0,0.0,0,1,9,5,1,0,0,0,1273
2018-09-15,17,24.4,75,0.6,2000,19.6,0.17,0.0,0.0,0,1,9,5,1,0,0,0,1474
2018-09-15,18,24.2,76,1.2,2000,19.6,0.12,0.0,0.0,0,1,9,5,1,0,0,0,1566
2018-09-15,19,23.8,78,2.2,1991,19.7,0.0,0.0,0.0,0,1,9,5,1,0,0,0,1578
2018-09-15,20,23.5,80,1.7,1621,19.8,0.0,0.0,0.0,0,1,9,5,1,0,0,0,1613
2018-09-15,21,23.3,80,0.7,1877,19.6,0.0,0.0,0.0,0,1,9,5,1,0,0,0,1710
2018-09-15,22,23.1,79,0.6,1891,19.2,0.0,0.0,0.0,0,1,9,5,1,0,0,0,1566
2018-09-15,23,22.9,81,0.9,1550,19.4,0.0,0.0,0.0,0,1,9,5,1,0,0,0,1210
2018-09-16,0,22.8,82,1.5,935,19.5,0.0,0.0,0.0,0,1,9,6,1,0,0,0,1014
2018-09-16,1,22.8,84,0.9,827,19.9,0.0,0.0,0.0,0,1,9,6,1,0,0,0,764
2018-09-16,2,22.8,85,0.8,708,20.1,0.0,0.0,0.0,0,1,9,6,1,0,0,0,432
2018-09-16,3,22.6,89,0.6,578,20.6,0.0,0.2,0.0,0,1,9,6,1,0,0,0,258
2018-09-16,4,22.5,89,0.7,444,20.5,0.0,0.3,0.0,0,1,9,6,1,0,0,0,188
2018-09-16,5,22.2,90,1.4,514,20.4,0.0,0.0,0.0,0,1,9,6,1,0,0,0,123
2018-09-16,6,22.0,90,1.3,471,20.2,0.0,0.0,0.0,0,1,9,6,1,0,0,0,137
2018-09-16,7,21.9,95,1.3,424,21.0,0.02,0.0,0.0,0,1,9,6,1,0,0,0,258
2018-09-16,8,21.9,88,1.6,601,19.8,0.17,0.0,0.0,0,1,9,6,1,0,0,0,464
2018-09-16,9,22.3,84,1.9,751,19.4,0.47,0.0,0.0,0,1,9,6,1,0,0,0,725
2018-09-16,10,22.9,74,1.3,1162,18.0,0.84,0.0,0.0,0,1,9,6,1,0,0,0,813
2018-09-16,11,23.4,61,2.1,1964,15.4,0.91,0.0,0.0,0,1,9,6,1,0,0,0,1014
2018-09-16,12,23.7,64,1.9,1474,16.4,0.79,0.0,0.0,0,1,9,6,1,0,0,0,989
2018-09-16,13,23.6,66,2.1,1689,16.8,0.87,0.0,0.0,0,1,9,6,1,0,0,0,754
2018-09-16,14,23.4,72,2.2,682,18.0,0.73,0.0,0.0,0,1,9,6,1,0,0,0,409
2018-09-16,15,23.2,83,1.5,349,20.1,0.77,0.5,0.0,0,1,9,6,1,0,0,0,222
2018-09-16,16,22.5,86,2.5,342,20.0,0.47,0.0,0.0,0,1,9,6,1,0,0,0,142
2018-09-16,17,22.0,89,2.2,285,20.0,0.21,1.0,0.0,0,1,9,6,1,0,0,0,322
2018-09-16,18,21.5,89,3.0,350,19.6,0.18,0.0,0.0,0,1,9,6,1,0,0,0,520
2018-09-16,19,21.2,87,2.7,479,18.9,0.01,0.0,0.0,0,1,9,6,1,0,0,0,852
2018-09-16,20,21.1,88,1.7,404,19.0,0.0,0.0,0.0,0,1,9,6,1,0,0,0,1073
2018-09-16,21,21.2,88,1.7,373,19.1,0.0,0.0,0.0,0,1,9,6,1,0,0,0,1146
2018-09-16,22,21.4,87,2.4,540,19.1,0.0,0.0,0.0,0,1,9,6,1,0,0,0,988
2018-09-16,23,21.3,80,2.6,1203,17.7,0.0,0.0,0.0,0,1,9,6,1,0,0,0,571
2018-09-17,0,21.0,82,1.8,958,17.8,0.0,0.0,0.0,0,1,9,0,1,0,0,0,531
2018-09-17,1,20.5,73,1.9,1693,15.4,0.0,0.0,0.0,0,1,9,0,1,0,0,0,337
2018-09-17,2,20.3,81,1.9,1234,16.9,0.0,0.1,0.0,0,1,9,0,1,0,0,0,227
2018-09-17,3,20.2,82,1.4,1202,17.0,0.0,0.0,0.0,0,1,9,0,1,0,0,0,186
2018-09-17,4,20.0,81,2.0,1313,16.6,0.0,0.0,0.0,0,1,9,0,1,0,0,0,160
2018-09-17,5,19.4,84,1.6,1252,16.6,0.0,0.0,0.0,0,1,9,0,1,0,0,0,246
2018-09-17,6,18.8,88,1.2,798,16.7,0.0,0.0,0.0,0,1,9,0,1,0,0,0,625
2018-09-17,7,18.5,88,1.4,695,16.4,0.08,0.0,0.0,0,1,9,0,1,0,0,0,1487
2018-09-17,8,18.9,77,0.6,1109,14.7,0.56,0.0,0.0,0,1,9,0,1,0,0,0,2276
2018-09-17,9,20.5,66,1.1,1711,13.9,1.12,0.0,0.0,0,1,9,0,1,0,0,0,1185
2018-09-17,10,21.7,60,1.7,1540,13.5,1.44,0.0,0.0,0,1,9,0,1,0,0,0,868
2018-09-17,11,23.8,54,2.1,1626,13.9,2.55,0.0,0.0,0,1,9,0,1,0,0,0,954
2018-09-17,12,25.2,50,1.7,1710,14.0,2.83,0.0,0.0,0,1,9,0,1,0,0,0,1083
2018-09-17,13,25.6,50,3.8,1876,14.3,2.82,0.0,0.0,0,1,9,0,1,0,0,0,1069
2018-09-17,14,26.7,40,3.3,1822,11.9,2.8,0.0,0.0,0,1,9,0,1,0,0,0,1092
2018-09-17,15,27.4,33,2.7,1955,9.6,2.5,0.0,0.0,0,1,9,0,1,0,0,0,1207
2018-09-17,16,27.6,37,2.8,1935,11.5,1.9,0.0,0.0,0,1,9,0,1,0,0,0,1445
2018-09-17,17,27.3,43,2.6,2000,13.6,1.25,0.0,0.0,0,1,9,0,1,0,0,0,2056
2018-09-17,18,25.3,56,2.8,1992,15.8,0.54,0.0,0.0,0,1,9,0,1,0,0,0,3277
2018-09-17,19,23.0,63,3.1,2000,15.5,0.03,0.0,0.0,0,1,9,0,1,0,0,0,2489
2018-09-17,20,21.9,65,2.5,1986,15.0,0.0,0.0,0.0,0,1,9,0,1,0,0,0,2232
2018-09-17,21,21.3,66,2.3,1989,14.6,0.0,0.0,0.0,0,1,9,0,1,0,0,0,2100
2018-09-17,22,20.8,65,0.9,2000,13.9,0.0,0.0,0.0,0,1,9,0,1,0,0,0,1865
2018-09-17,23,20.2,68,1.2,1963,14.0,0.0,0.0,0.0,0,1,9,0,1,0,0,0,1293
2018-09-18,0,19.5,73,1.2,1916,14.5,0.0,0.0,0.0,0,0,9,1,1,0,0,0,0
2018-09-18,1,19.3,71,0.4,1912,13.9,0.0,0.0,0.0,0,0,9,1,1,0,0,0,0
2018-09-18,2,18.8,74,0.2,1866,14.0,0.0,0.0,0.0,0,0,9,1,1,0,0,0,0
2018-09-18,3,18.7,76,0.5,1916,14.3,0.0,0.0,0.0,0,0,9,1,1,0,0,0,0
2018-09-18,4,18.3,78,0.4,1906,14.3,0.0,0.0,0.0,0,0,9,1,1,0,0,0,0
2018-09-18,5,17.9,77,0.5,1658,13.8,0.0,0.0,0.0,0,0,9,1,1,0,0,0,0
2018-09-18,6,17.7,77,0.2,1757,13.6,0.0,0.0,0.0,0,0,9,1,1,0,0,0,0
2018-09-18,7,17.8,76,0.5,1729,13.5,0.08,0.0,0.0,0,0,9,1,1,0,0,0,0
2018-09-18,8,18.7,73,0.9,1501,13.7,0.34,0.0,0.0,0,0,9,1,1,0,0,0,0
2018-09-18,9,20.8,64,1.1,1205,13.7,1.13,0.0,0.0,0,0,9,1,1,0,0,0,0
2018-09-18,10,22.7,54,1.0,1619,12.9,1.74,0.0,0.0,0,0,9,1,1,0,0,0,0
2018-09-18,11,24.1,46,2.1,1678,11.7,2.03,0.0,0.0,0,0,9,1,1,0,0,0,0
2018-09-18,12,24.7,43,1.8,1809,11.2,1.75,0.0,0.0,0,0,9,1,1,0,0,0,0
2018-09-18,13,25.6,40,2.5,1704,10.9,2.18,0.0,0.0,0,0,9,1,1,0,0,0,0
2018-09-18,14,26.1,37,2.3,1749,10.2,1.92,0.0,0.0,0,0,9,1,1,0,0,0,0
2018-09-18,15,26.1,43,2.8,1785,12.5,1.62,0.0,0.0,0,0,9,1,1,0,0,0,0
2018-09-18,16,26.4,34,2.5,1953,9.2,1.6,0.0,0.0,0,0,9,1,1,0,0,0,0
2018-09-18,17,25.5,38,2.9,1997,10.1,0.92,0.0,0.0,0,0,9,1,1,0,0,0,0
2018-09-18,18,24.8,48,1.4,2000,13.0,0.51,0.0,0.0,0,0,9,1,1,0,0,0,0
2018-09-18,19,23.2,57,2.2,2000,14.2,0.03,0.0,0.0,0,0,9,1,1,0,0,0,0
2018-09-18,20,22.6,58,1.4,2000,13.9,0.0,0.0,0.0,0,0,9,1,1,0,0,0,0
2018-09-18,21,22.1,61,1.5,2000,14.2,0.0,0.0,0.0,0,0,9,1,1,0,0,0,0
2018-09-18,22,21.8,65,0.3,2000,14.9,0.0,0.0,0.0,0,0,9,1,1,0,0,0,0
2018-09-18,23,21.2,69,1.3,1999,15.2,0.0,0.0,0.0,0,0,9,1,1,0,0,0,0
2018-09-19,0,21.0,66,0.4,2000,14.3,0.0,0.0,0.0,0,0,9,2,1,0,0,0,0
2018-09-19,1,20.5,64,0.4,2000,13.4,0.0,0.0,0.0,0,0,9,2,1,0,0,0,0
2018-09-19,2,20.0,70,0.2,2000,14.3,0.0,0.0,0.0,0,0,9,2,1,0,0,0,0
2018-09-19,3,19.7,70,0.5,2000,14.0,0.0,0.0,0.0,0,0,9,2,1,0,0,0,0
2018-09-19,4,19.5,70,0.5,2000,13.8,0.0,0.0,0.0,0,0,9,2,1,0,0,0,0
2018-09-19,5,19.3,73,0.9,1782,14.3,0.0,0.0,0.0,0,0,9,2,1,0,0,0,0
2018-09-19,6,19.0,76,0.3,1488,14.6,0.0,0.0,0.0,0,0,9,2,1,0,0,0,0
2018-09-19,7,19.0,74,0.8,1650,14.2,0.03,0.0,0.0,0,0,9,2,1,0,0,0,0
2018-09-19,8,19.8,71,1.1,1534,14.3,0.26,0.0,0.0,0,0,9,2,1,0,0,0,0
2018-09-19,9,21.5,61,0.8,1774,13.6,0.92,0.0,0.0,0,0,9,2,1,0,0,0,0
2018-09-19,10,22.9,59,1.1,1819,14.4,1.49,0.0,0.0,0,0,9,2,1,0,0,0,0
2018-09-19,11,23.6,55,0.6,1723,14.0,1.01,0.0,0.0,0,0,9,2,1,0,0,0,0
2018-09-19,12,24.9,51,1.2,1619,14.0,1.56,0.0,0.0,0,0,9,2,1,0,0,0,0
2018-09-19,13,26.5,39,1.7,1560,11.4,2.15,0.0,0.0,0,0,9,2,1,0,0,0,0
2018-09-19,14,26.1,40,1.2,1840,11.4,1.21,0.0,0.0,0,0,9,2,1,0,0,0,0
2018-09-19,15,25.9,39,1.4,1836,10.8,0.9,0.0,0.0,0,0,9,2,1,0,0,0,0
2018-09-19,16,25.6,41,1.2,1594,11.3,0.65,0.0,0.0,0,0,9,2,1,0,0,0,0
2018-09-19,17,25.0,44,1.3,1883,11.8,0.36,0.0,0.0,0,0,9,2,1,0,0,0,0
2018-09-19,18,24.0,55,2.2,1691,14.3,0.12,0.0,0.0,0,0,9,2,1,0,0,0,0
2018-09-19,19,23.5,58,0.4,1836,14.7,0.0,0.0,0.0,0,0,9,2,1,0,0,0,0
2018-09-19,20,22.6,67,0.3,1737,16.1,0.0,0.0,0.0,0,0,9,2,1,0,0,0,0
2018-09-19,21,21.7,63,1.8,1078,14.3,0.0,0.1,0.0,0,0,9,2,1,0,0,0,0
2018-09-19,22,20.9,71,1.6,1057,15.4,0.0,0.1,0.0,0,0,9,2,1,0,0,0,0
2018-09-19,23,20.4,57,0.9,2000,11.5,0.0,0.0,0.0,0,0,9,2,1,0,0,0,0
2018-09-20,0,20.1,58,0.3,2000,11.5,0.0,0.0,0.0,0,1,9,3,1,0,0,0,886
2018-09-20,1,20.0,59,1.1,1999,11.7,0.0,0.0,0.0,0,1,9,3,1,0,0,0,761
2018-09-20,2,19.9,64,1.5,1755,12.8,0.0,0.0,0.0,0,1,9,3,1,0,0,0,524
2018-09-20,3,19.6,72,1.7,1140,14.4,0.0,0.0,0.0,0,1,9,3,1,0,0,0,294
2018-09-20,4,19.6,74,1.4,847,14.8,0.0,0.0,0.0,0,1,9,3,1,0,0,0,241
2018-09-20,5,19.5,74,1.8,1421,14.7,0.0,0.0,0.0,0,1,9,3,1,0,0,0,137
2018-09-20,6,18.8,85,1.4,412,16.2,0.0,0.5,0.0,0,1,9,3,1,0,0,0,47
2018-09-20,7,18.0,95,1.6,375,17.1,0.0,1.5,0.0,0,1,9,3,1,0,0,0,130
2018-09-20,8,18.0,91,1.3,896,16.5,0.11,0.5,0.0,0,1,9,3,1,0,0,0,299
2018-09-20,9,18.2,93,1.4,572,17.0,0.18,1.0,0.0,0,1,9,3,1,0,0,0,89
2018-09-20,10,18.4,91,1.2,394,16.8,0.25,0.5,0.0,0,1,9,3,1,0,0,0,87
2018-09-20,11,18.8,95,1.5,597,17.9,0.46,0.0,0.0,0,1,9,3,1,0,0,0,111
2018-09-20,12,19.0,91,1.7,965,17.4,0.67,0.5,0.0,0,1,9,3,1,0,0,0,180
2018-09-20,13,18.9,89,2.6,586,17.0,0.58,0.0,0.0,0,1,9,3,1,0,0,0,301
2018-09-20,14,19.3,83,2.3,2000,16.3,0.83,0.5,0.0,0,1,9,3,1,0,0,0,573
2018-09-20,15,19.4,79,1.4,2000,15.6,0.33,0.0,0.0,0,1,9,3,1,0,0,0,696
2018-09-20,16,19.5,75,2.1,2000,14.9,0.38,0.0,0.0,0,1,9,3,1,0,0,0,912
2018-09-20,17,19.3,76,2.1,2000,14.9,0.21,0.0,0.0,0,1,9,3,1,0,0,0,1290
2018-09-20,18,19.1,77,2.5,2000,14.9,0.08,0.0,0.0,0,1,9,3,1,0,0,0,1786
2018-09-20,19,18.9,78,2.2,2000,14.9,0.0,0.0,0.0,0,1,9,3,1,0,0,0,1272
2018-09-20,20,19.1,77,2.2,1834,14.9,0.0,0.0,0.0,0,1,9,3,1,0,0,0,898
2018-09-20,21,18.7,84,2.7,1744,15.9,0.0,0.0,0.0,0,1,9,3,1,0,0,0,784
2018-09-20,22,18.4,85,2.1,1772,15.8,0.0,0.0,0.0,0,1,9,3,1,0,0,0,1049
2018-09-20,23,18.7,80,1.7,2000,15.1,0.0,0.0,0.0,0,1,9,3,1,0,0,0,935
2018-09-21,0,18.9,78,2.1,2000,14.9,0.0,0.0,0.0,0,1,9,4,1,0,0,0,809
2018-09-21,1,19.0,78,1.6,2000,15.0,0.0,0.0,0.0,0,1,9,4,1,0,0,0,674
2018-09-21,2,19.1,78,1.3,2000,15.1,0.0,0.0,0.0,0,1,9,4,1,0,0,0,122
2018-09-21,3,18.5,88,1.2,659,16.4,0.0,1.5,0.0,0,1,9,4,1,0,0,0,28
2018-09-21,4,17.9,95,1.7,1298,17.0,0.0,2.5,0.0,0,1,9,4,1,0,0,0,24
2018-09-21,5,17.8,93,1.8,2000,16.6,0.0,0.5,0.0,0,1,9,4,1,0,0,0,24
2018-09-21,6,17.6,95,1.7,974,16.7,0.0,1.5,0.0,0,1,9,4,1,0,0,0,23
2018-09-21,7,17.6,96,1.7,310,16.9,0.0,5.0,0.0,0,1,9,4,1,0,0,0,45
2018-09-21,8,17.8,97,2.0,1284,17.3,0.09,4.0,0.0,0,1,9,4,1,0,0,0,127
2018-09-21,9,18.2,96,1.3,1251,17.5,0.21,1.0,0.0,0,1,9,4,1,0,0,0,47
2018-09-21,10,18.4,96,2.0,1124,17.7,0.32,1.0,0.0,0,1,9,4,1,0,0,0,78
2018-09-21,11,18.9,91,1.8,1938,17.3,0.64,0.5,0.0,0,1,9,4,1,0,0,0,98
2018-09-21,12,19.1,91,2.0,1971,17.5,0.63,0.0,0.0,0,1,9,4,1,0,0,0,143
2018-09-21,13,19.8,88,0.9,1796,17.7,0.65,0.0,0.0,0,1,9,4,1,0,0,0,600
2018-09-21,14,21.4,76,1.4,2000,16.9,1.5,0.5,0.0,0,1,9,4,1,0,0,0,972
2018-09-21,15,21.8,76,1.4,2000,17.3,1.2,0.0,0.0,0,1,9,4,1,0,0,0,1288
2018-09-21,16,21.5,78,1.2,2000,17.4,0.51,0.0,0.0,0,1,9,4,1,0,0,0,1550
2018-09-21,17,21.2,77,1.2,2000,16.9,0.31,0.0,0.0,0,1,9,4,1,0,0,0,1904
2018-09-21,18,20.9,77,0.6,2000,16.7,0.23,0.0,0.0,0,1,9,4,1,0,0,0,2235
2018-09-21,19,20.3,81,1.0,2000,16.9,0.02,0.0,0.0,0,1,9,4,1,0,0,0,1720
2018-09-21,20,20.0,82,0.4,2000,16.8,0.0,0.0,0.0,0,1,9,4,1,0,0,0,1551
2018-09-21,21,19.9,82,0.6,2000,16.7,0.0,0.0,0.0,0,1,9,4,1,0,0,0,1540
2018-09-21,22,19.7,82,0.5,2000,16.5,0.0,0.0,0.0,0,1,9,4,1,0,0,0,1493
2018-09-21,23,19.5,82,0.6,2000,16.3,0.0,0.0,0.0,0,1,9,4,1,0,0,0,1171
2018-09-22,0,19.5,81,1.1,2000,16.1,0.0,0.0,0.0,0,1,9,5,1,0,0,0,953
2018-09-22,1,19.5,83,1.5,1459,16.5,0.0,0.0,0.0,0,1,9,5,1,0,0,0,875
2018-09-22,2,19.4,85,0.0,1533,16.8,0.0,0.0,0.0,0,1,9,5,1,0,0,0,655
2018-09-22,3,18.8,90,1.0,1191,17.1,0.0,0.0,0.0,0,1,9,5,1,0,0,0,458
2018-09-22,4,18.9,88,0.8,1226,16.8,0.0,0.0,0.0,0,1,9,5,1,0,0,0,96
2018-09-22,5,18.8,96,0.2,973,18.1,0.0,6.5,0.0,0,1,9,5,1,0,0,0,93
2018-09-22,6,18.4,95,0.1,752,17.5,0.0,0.0,0.0,0,1,9,5,1,0,0,0,215
2018-09-22,7,18.1,96,0.9,557,17.4,0.04,0.0,0.0,0,1,9,5,1,0,0,0,363
2018-09-22,8,18.2,86,0.0,858,15.8,0.48,0.0,0.0,0,1,9,5,1,0,0,0,654
2018-09-22,9,19.7,78,1.3,740,15.7,1.17,0.0,0.0,0,1,9,5,1,0,0,0,810
2018-09-22,10,21.8,67,1.9,878,15.3,1.88,0.0,0.0,0,1,9,5,1,0,0,0,925
2018-09-22,11,22.7,55,2.7,1297,13.1,1.86,0.0,0.0,0,1,9,5,1,0,0,0,1062
2018-09-22,12,24.2,43,2.2,1798,10.8,2.31,0.0,0.0,0,1,9,5,1,0,0,0,1273
2018-09-22,13,24.9,32,3.9,2000,7.0,2.57,0.0,0.0,0,1,9,5,1,0,0,0,1409
2018-09-22,14,25.2,28,4.4,2000,5.3,2.76,0.0,0.0,0,1,9,5,1,0,0,0,1532
2018-09-22,15,25.4,32,3.8,1980,7.4,2.42,0.0,0.0,0,1,9,5,1,0,0,0,1814
2018-09-22,16,25.3,38,3.0,2000,9.9,1.88,0.0,0.0,0,1,9,5,1,0,0,0,1840
2018-09-22,17,24.6,35,3.6,1990,8.1,1.2,0.0,0.0,0,1,9,5,1,0,0,0,2045
2018-09-22,18,23.2,36,2.8,2000,7.2,0.47,0.0,0.0,0,1,9,5,1,0,0,0,1939
2018-09-22,19,21.3,43,2.8,2000,8.2,0.02,0.0,0.0,0,1,9,5,1,0,0,0,1743
2018-09-22,20,20.4,52,1.2,2000,10.2,0.0,0.0,0.0,0,1,9,5,1,0,0,0,1604
2018-09-22,21,19.4,55,0.8,2000,10.1,0.0,0.0,0.0,0,1,9,5,1,0,0,0,1502
2018-09-22,22,18.6,62,0.6,2000,11.1,0.0,0.0,0.0,0,1,9,5,1,0,0,0,1430
2018-09-22,23,17.9,66,1.0,2000,11.4,0.0,0.0,0.0,0,1,9,5,1,0,0,0,1108
2018-09-23,0,17.2,69,0.6,2000,11.4,0.0,0.0,0.0,1,1,9,6,1,0,0,0,880
2018-09-23,1,16.4,66,0.1,2000,10.0,0.0,0.0,0.0,1,1,9,6,1,0,0,0,644
2018-09-23,2,16.0,72,1.3,2000,10.9,0.0,0.0,0.0,1,1,9,6,1,0,0,0,489
2018-09-23,3,15.8,70,0.8,2000,10.3,0.0,0.0,0.0,1,1,9,6,1,0,0,0,334
2018-09-23,4,16.2,69,0.7,2000,10.4,0.0,0.0,0.0,1,1,9,6,1,0,0,0,202
2018-09-23,5,16.3,67,0.8,2000,10.1,0.0,0.0,0.0,1,1,9,6,1,0,0,0,106
2018-09-23,6,16.5,73,1.2,2000,11.6,0.0,0.0,0.0,1,1,9,6,1,0,0,0,144
2018-09-23,7,16.5,74,0.4,2000,11.8,0.0,0.0,0.0,1,1,9,6,1,0,0,0,261
2018-09-23,8,17.0,69,1.2,2000,11.2,0.3,0.0,0.0,1,1,9,6,1,0,0,0,439
2018-09-23,9,18.4,59,1.0,1951,10.2,0.86,0.0,0.0,1,1,9,6,1,0,0,0,534
2018-09-23,10,19.3,59,0.2,2000,11.0,0.94,0.0,0.0,1,1,9,6,1,0,0,0,620
2018-09-23,11,20.1,57,3.0,1929,11.3,1.29,0.0,0.0,1,1,9,6,1,0,0,0,764
2018-09-23,12,20.8,52,1.2,1984,10.5,1.25,0.0,0.0,1,1,9,6,1,0,0,0,915
2018-09-23,13,22.7,44,1.4,1913,9.8,1.77,0.0,0.0,1,1,9,6,1,0,0,0,1031
2018-09-23,14,24.2,40,1.2,1953,9.7,2.62,0.0,0.0,1,1,9,6,1,0,0,0,1136
2018-09-23,15,25.0,28,2.2,2000,5.2,2.39,0.0,0.0,1,1,9,6,1,0,0,0,1366
2018-09-23,16,24.6,29,4.0,1988,5.3,1.73,0.0,0.0,1,1,9,6,1,0,0,0,1502
2018-09-23,17,24.1,41,2.4,2000,10.0,1.17,0.0,0.0,1,1,9,6,1,0,0,0,1591
2018-09-23,18,22.3,53,2.7,2000,12.2,0.44,0.0,0.0,1,1,9,6,1,0,0,0,1492
2018-09-23,19,21.0,54,2.9,2000,11.3,0.01,0.0,0.0,1,1,9,6,1,0,0,0,1333
2018-09-23,20,20.2,48,3.3,2000,8.8,0.0,0.0,0.0,1,1,9,6,1,0,0,0,1287
2018-09-23,21,19.1,38,2.1,2000,4.4,0.0,0.0,0.0,1,1,9,6,1,0,0,0,1148
2018-09-23,22,18.5,40,2.5,2000,4.6,0.0,0.0,0.0,1,1,9,6,1,0,0,0,1074
2018-09-23,23,17.7,45,1.1,2000,5.6,0.0,0.0,0.0,1,1,9,6,1,0,0,0,768
2018-09-24,0,17.2,50,1.7,2000,6.6,0.0,0.0,0.0,1,1,9,0,1,0,0,0,620
2018-09-24,1,16.8,53,2.0,2000,7.1,0.0,0.0,0.0,1,1,9,0,1,0,0,0,426
2018-09-24,2,16.1,57,0.7,2000,7.5,0.0,0.0,0.0,1,1,9,0,1,0,0,0,302
2018-09-24,3,15.5,63,0.3,2000,8.4,0.0,0.0,0.0,1,1,9,0,1,0,0,0,216
2018-09-24,4,14.9,68,0.9,2000,9.0,0.0,0.0,0.0,1,1,9,0,1,0,0,0,141
2018-09-24,5,14.4,66,0.3,2000,8.1,0.0,0.0,0.0,1,1,9,0,1,0,0,0,105
2018-09-24,6,14.3,66,0.5,2000,8.0,0.0,0.0,0.0,1,1,9,0,1,0,0,0,141
2018-09-24,7,14.7,61,2.1,2000,7.2,0.02,0.0,0.0,1,1,9,0,1,0,0,0,205
2018-09-24,8,15.4,52,2.2,1985,5.5,0.49,0.0,0.0,1,1,9,0,1,0,0,0,296
2018-09-24,9,17.0,43,2.1,1993,4.3,1.36,0.0,0.0,1,1,9,0,1,0,0,0,310
2018-09-24,10,18.5,38,3.3,2000,3.8,2.02,0.0,0.0,1,1,9,0,1,0,0,0,426
2018-09-24,11,19.4,31,4.1,1966,1.8,2.55,0.0,0.0,1,1,9,0,1,0,0,0,588
2018-09-24,12,20.3,34,2.6,2000,3.9,2.85,0.0,0.0,1,1,9,0,1,0,0,0,754
2018-09-24,13,20.9,30,3.5,2000,2.6,2.93,0.0,0.0,1,1,9,0,1,0,0,0,885
2018-09-24,14,21.3,30,4.3,2000,3.0,2.78,0.0,0.0,1,1,9,0,1,0,0,0,1099
2018-09-24,15,21.8,32,3.3,2000,4.3,2.42,0.0,0.0,1,1,9,0,1,0,0,0,1273
2018-09-24,16,22.0,31,2.7,2000,4.0,1.87,0.0,0.0,1,1,9,0,1,0,0,0,1433
2018-09-24,17,21.6,32,3.1,2000,4.1,1.2,0.0,0.0,1,1,9,0,1,0,0,0,1442
2018-09-24,18,20.3,35,2.4,2000,4.3,0.46,0.0,0.0,1,1,9,0,1,0,0,0,1237
2018-09-24,19,18.6,54,2.7,2000,9.0,0.01,0.0,0.0,1,1,9,0,1,0,0,0,1280
2018-09-24,20,17.6,57,1.4,2000,8.9,0.0,0.0,0.0,1,1,9,0,1,0,0,0,1227
2018-09-24,21,16.8,58,1.2,2000,8.4,0.0,0.0,0.0,1,1,9,0,1,0,0,0,1145
2018-09-24,22,16.6,47,3.9,2000,5.2,0.0,0.0,0.0,1,1,9,0,1,0,0,0,958
2018-09-24,23,15.7,51,0.4,2000,5.5,0.0,0.0,0.0,1,1,9,0,1,0,0,0,750
2018-09-25,0,14.7,55,1.6,2000,5.7,0.0,0.0,0.0,1,1,9,1,1,0,0,0,558
2018-09-25,1,13.8,60,0.8,2000,6.1,0.0,0.0,0.0,1,1,9,1,1,0,0,0,408
2018-09-25,2,13.4,62,0.2,2000,6.2,0.0,0.0,0.0,1,1,9,1,1,0,0,0,292
2018-09-25,3,12.7,67,0.5,2000,6.7,0.0,0.0,0.0,1,1,9,1,1,0,0,0,222
2018-09-25,4,12.0,69,0.5,2000,6.4,0.0,0.0,0.0,1,1,9,1,1,0,0,0,157
2018-09-25,5,11.5,70,0.5,2000,6.2,0.0,0.0,0.0,1,1,9,1,1,0,0,0,105
2018-09-25,6,11.2,70,0.9,2000,5.9,0.0,0.0,0.0,1,1,9,1,1,0,0,0,132
2018-09-25,7,10.8,72,0.9,2000,5.9,0.03,0.0,0.0,1,1,9,1,1,0,0,0,262
2018-09-25,8,12.0,61,1.3,1988,4.6,0.6,0.0,0.0,1,1,9,1,1,0,0,0,440
2018-09-25,9,15.3,49,1.0,2000,4.6,1.34,0.0,0.0,1,1,9,1,1,0,0,0,542
2018-09-25,10,18.0,44,1.3,1984,5.5,1.99,0.0,0.0,1,1,9,1,1,0,0,0,667
2018-09-25,11,20.1,40,1.6,1985,6.0,2.47,0.0,0.0,1,1,9,1,1,0,0,0,853
2018-09-25,12,21.7,36,2.0,2000,5.9,2.78,0.0,0.0,1,1,9,1,1,0,0,0,1045
2018-09-25,13,22.9,30,2.0,2000,4.3,2.9,0.0,0.0,1,1,9,1,1,0,0,0,1309
2018-09-25,14,23.7,28,1.4,2000,4.0,2.77,0.0,0.0,1,1,9,1,1,0,0,0,1522
2018-09-25,15,24.1,26,1.6,2000,3.3,2.38,0.0,0.0,1,1,9,1,1,0,0,0,1747
2018-09-25,16,24.2,28,1.7,2000,4.5,1.86,0.0,0.0,1,1,9,1,1,0,0,0,1955
2018-09-25,17,22.9,33,1.4,2000,5.7,0.83,0.0,0.0,1,1,9,1,1,0,0,0,2033
2018-09-25,18,21.6,37,1.0,2000,6.2,0.24,0.0,0.0,1,1,9,1,1,0,0,0,1885
2018-09-25,19,20.3,39,0.6,2000,5.8,0.0,0.0,0.0,1,1,9,1,1,0,0,0,1608
2018-09-25,20,19.3,45,0.4,2000,7.0,0.0,0.0,0.0,1,1,9,1,1,0,0,0,1583
2018-09-25,21,18.5,48,1.0,2000,7.2,0.0,0.0,0.0,1,1,9,1,1,0,0,0,1565
2018-09-25,22,17.7,52,1.0,2000,7.7,0.0,0.0,0.0,1,1,9,1,1,0,0,0,1418
2018-09-25,23,17.4,49,1.2,2000,6.5,0.0,0.0,0.0,1,1,9,1,1,0,0,0,1042
2018-09-26,0,17.0,51,1.5,2000,6.7,0.0,0.0,0.0,0,1,9,2,1,0,0,0,880
2018-09-26,1,16.6,53,1.7,2000,6.9,0.0,0.0,0.0,0,1,9,2,1,0,0,0,594
2018-09-26,2,16.6,54,1.5,2000,7.2,0.0,0.0,0.0,0,1,9,2,1,0,0,0,453
2018-09-26,3,16.5,57,1.6,2000,7.9,0.0,0.0,0.0,0,1,9,2,1,0,0,0,355
2018-09-26,4,16.4,59,1.7,2000,8.3,0.0,0.0,0.0,0,1,9,2,1,0,0,0,222
2018-09-26,5,16.3,61,1.5,2000,8.7,0.0,0.0,0.0,0,1,9,2,1,0,0,0,150
2018-09-26,6,16.3,62,2.1,2000,8.9,0.0,0.0,0.0,0,1,9,2,1,0,0,0,230
2018-09-26,7,16.3,62,2.0,2000,8.9,0.01,0.0,0.0,0,1,9,2,1,0,0,0,335
2018-09-26,8,16.7,60,2.0,2000,8.8,0.2,0.0,0.0,0,1,9,2,1,0,0,0,598
2018-09-26,9,17.7,54,1.8,2000,8.2,0.63,0.0,0.0,0,1,9,2,1,0,0,0,680
2018-09-26,10,19.4,47,2.3,2000,7.7,1.45,0.0,0.0,0,1,9,2,1,0,0,0,923
2018-09-26,11,20.5,42,2.1,1981,7.1,1.59,0.0,0.0,0,1,9,2,1,0,0,0,1152
2018-09-26,12,22.5,37,1.8,2000,7.0,2.5,0.0,0.0,0,1,9,2,1,0,0,0,1358
2018-09-26,13,23.4,34,2.1,2000,6.6,2.84,0.0,0.0,0,1,9,2,1,0,0,0,1686
2018-09-26,14,24.1,33,1.3,2000,6.8,2.52,0.0,0.0,0,1,9,2,1,0,0,0,1972
2018-09-26,15,24.7,35,1.2,2000,8.1,2.28,0.0,0.0,0,1,9,2,1,0,0,0,2170
2018-09-26,16,24.4,35,1.8,2000,7.9,1.71,0.0,0.0,0,1,9,2,1,0,0,0,2270
2018-09-26,17,23.6,38,1.4,2000,8.4,1.04,0.0,0.0,0,1,9,2,1,0,0,0,2349
2018-09-26,18,22.1,45,1.5,2000,9.6,0.27,0.0,0.0,0,1,9,2,1,0,0,0,2339
2018-09-26,19,20.7,46,1.0,2000,8.6,0.02,0.0,0.0,0,1,9,2,1,0,0,0,1937
2018-09-26,20,20.0,46,2.0,2000,8.0,0.0,0.0,0.0,0,1,9,2,1,0,0,0,1653
2018-09-26,21,18.9,43,2.0,2000,6.0,0.0,0.0,0.0,0,1,9,2,1,0,0,0,1529
2018-09-26,22,18.1,43,1.7,2000,5.3,0.0,0.0,0.0,0,1,9,2,1,0,0,0,1249
2018-09-26,23,17.4,46,2.1,2000,5.6,0.0,0.0,0.0,0,1,9,2,1,0,0,0,934
2018-09-27,0,16.7,50,1.7,2000,6.2,0.0,0.0,0.0,0,1,9,3,1,0,0,0,770
2018-09-27,1,16.1,53,1.4,2000,6.5,0.0,0.0,0.0,0,1,9,3,1,0,0,0,488
2018-09-27,2,15.7,53,1.4,2000,6.1,0.0,0.0,0.0,0,1,9,3,1,0,0,0,326
2018-09-27,3,14.9,57,1.1,2000,6.4,0.0,0.0,0.0,0,1,9,3,1,0,0,0,178
2018-09-27,4,14.4,58,1.1,2000,6.2,0.0,0.0,0.0,0,1,9,3,1,0,0,0,151
2018-09-27,5,13.9,60,0.6,2000,6.2,0.0,0.0,0.0,0,1,9,3,1,0,0,0,207
2018-09-27,6,13.4,61,0.8,2000,6.0,0.0,0.0,0.0,0,1,9,3,1,0,0,0,589
2018-09-27,7,13.2,60,0.5,2000,5.5,0.02,0.0,0.0,0,1,9,3,1,0,0,0,1364
2018-09-27,8,14.8,51,1.1,2000,4.7,0.59,0.0,0.0,0,1,9,3,1,0,0,0,2129
2018-09-27,9,17.7,48,1.5,2000,6.5,1.3,0.0,0.0,0,1,9,3,1,0,0,0,1120
2018-09-27,10,19.9,47,1.8,1989,8.2,1.93,0.0,0.0,0,1,9,3,1,0,0,0,907
2018-09-27,11,21.3,43,1.7,1998,8.2,2.42,0.0,0.0,0,1,9,3,1,0,0,0,1019
2018-09-27,12,23.2,42,1.4,2000,9.5,2.73,0.0,0.0,0,1,9,3,1,0,0,0,1189
2018-09-27,13,23.0,39,1.7,2000,8.2,2.28,0.0,0.0,0,1,9,3,1,0,0,0,1191
2018-09-27,14,24.6,34,1.5,2000,7.6,2.74,0.0,0.0,0,1,9,3,1,0,0,0,1305
2018-09-27,15,23.4,35,1.4,2000,7.0,1.39,0.0,0.0,0,1,9,3,1,0,0,0,1404
2018-09-27,16,23.6,31,1.1,2000,5.4,1.37,0.0,0.0,0,1,9,3,1,0,0,0,1636
2018-09-27,17,24.3,31,1.5,2000,6.0,1.17,0.0,0.0,0,1,9,3,1,0,0,0,2189
2018-09-27,18,22.5,38,0.8,2000,7.4,0.31,0.0,0.0,0,1,9,3,1,0,0,0,3154
2018-09-27,19,20.6,44,0.7,2000,7.9,0.01,0.0,0.0,0,1,9,3,1,0,0,0,2422
2018-09-27,20,19.5,47,1.2,2000,7.8,0.0,0.0,0.0,0,1,9,3,1,0,0,0,2098
2018-09-27,21,18.7,48,1.3,2000,7.4,0.0,0.0,0.0,0,1,9,3,1,0,0,0,1930
2018-09-27,22,17.9,50,1.0,2000,7.3,0.0,0.0,0.0,0,1,9,3,1,0,0,0,1801
2018-09-27,23,17.7,51,1.4,2000,7.4,0.0,0.0,0.0,0,1,9,3,1,0,0,0,1222
2018-09-28,0,17.1,52,1.4,2000,7.1,0.0,0.0,0.0,0,0,9,4,1,0,0,0,0
2018-09-28,1,16.5,53,1.5,2000,6.8,0.0,0.0,0.0,0,0,9,4,1,0,0,0,0
2018-09-28,2,16.0,56,1.5,2000,7.2,0.0,0.0,0.0,0,0,9,4,1,0,0,0,0
2018-09-28,3,15.3,59,1.6,2000,7.3,0.0,0.0,0.0,0,0,9,4,1,0,0,0,0
2018-09-28,4,14.7,62,1.5,2000,7.4,0.0,0.0,0.0,0,0,9,4,1,0,0,0,0
2018-09-28,5,14.5,60,1.4,2000,6.8,0.0,0.0,0.0,0,0,9,4,1,0,0,0,0
2018-09-28,6,14.4,61,1.2,2000,6.9,0.0,0.0,0.0,0,0,9,4,1,0,0,0,0
2018-09-28,7,14.5,62,1.5,2000,7.2,0.03,0.0,0.0,0,0,9,4,1,0,0,0,0
2018-09-28,8,15.2,58,1.7,2000,6.9,0.29,0.0,0.0,0,0,9,4,1,0,0,0,0
2018-09-28,9,16.5,50,1.2,2000,6.0,0.66,0.0,0.0,0,0,9,4,1,0,0,0,0
2018-09-28,10,17.4,51,1.3,1989,7.1,0.81,0.0,0.0,0,0,9,4,1,0,0,0,0
2018-09-28,11,17.9,54,1.4,2000,8.4,0.73,0.0,0.0,0,0,9,4,1,0,0,0,0
2018-09-28,12,19.0,52,1.2,2000,8.9,0.98,0.0,0.0,0,0,9,4,1,0,0,0,0
2018-09-28,13,19.1,53,1.4,2000,9.2,0.76,0.0,0.0,0,0,9,4,1,0,0,0,0
2018-09-28,14,19.4,53,1.4,2000,9.5,0.68,0.0,0.0,0,0,9,4,1,0,0,0,0
2018-09-28,15,20.3,52,1.3,2000,10.1,1.15,0.0,0.0,0,0,9,4,1,0,0,0,0
2018-09-28,16,21.9,46,1.2,1995,9.7,1.67,0.0,0.0,0,0,9,4,1,0,0,0,0
2018-09-28,17,21.7,52,1.1,2000,11.4,0.79,0.0,0.0,0,0,9,4,1,0,0,0,0
2018-09-28,18,20.4,56,1.7,2000,11.3,0.2,0.0,0.0,0,0,9,4,1,0,0,0,0
2018-09-28,19,19.3,61,0.8,2000,11.5,0.01,0.0,0.0,0,0,9,4,1,0,0,0,0
2018-09-28,20,18.0,67,0.7,2000,11.7,0.0,0.0,0.0,0,0,9,4,1,0,0,0,0
2018-09-28,21,17.8,66,1.1,2000,11.3,0.0,0.0,0.0,0,0,9,4,1,0,0,0,0
2018-09-28,22,17.1,70,1.0,2000,11.5,0.0,0.0,0.0,0,0,9,4,1,0,0,0,0
2018-09-28,23,16.6,69,1.0,2000,10.8,0.0,0.0,0.0,0,0,9,4,1,0,0,0,0
2018-09-29,0,16.6,69,1.0,2000,10.8,0.0,0.0,0.0,0,1,9,5,1,0,0,0,1037
2018-09-29,1,16.2,71,0.9,2000,10.9,0.0,0.0,0.0,0,1,9,5,1,0,0,0,982
2018-09-29,2,15.8,71,1.1,2000,10.5,0.0,0.0,0.0,0,1,9,5,1,0,0,0,690
2018-09-29,3,15.5,73,1.0,2000,10.6,0.0,0.0,0.0,0,1,9,5,1,0,0,0,493
2018-09-29,4,15.4,74,0.9,2000,10.7,0.0,0.0,0.0,0,1,9,5,1,0,0,0,301
2018-09-29,5,15.0,77,0.5,2000,10.9,0.0,0.0,0.0,0,1,9,5,1,0,0,0,208
2018-09-29,6,14.6,81,1.0,2000,11.3,0.0,0.0,0.0,0,1,9,5,1,0,0,0,290
2018-09-29,7,14.7,76,0.8,2000,10.5,0.02,0.0,0.0,0,1,9,5,1,0,0,0,513
2018-09-29,8,15.7,65,1.2,2000,9.1,0.54,0.0,0.0,0,1,9,5,1,0,0,0,848
2018-09-29,9,18.3,58,1.4,1958,9.8,1.24,0.0,0.0,0,1,9,5,1,0,0,0,1076
2018-09-29,10,20.8,52,1.5,2000,10.5,1.88,0.0,0.0,0,1,9,5,1,0,0,0,1071
2018-09-29,11,22.3,50,1.3,2000,11.3,2.36,0.0,0.0,0,1,9,5,1,0,0,0,1284
2018-09-29,12,23.8,44,1.7,2000,10.8,2.66,0.0,0.0,0,1,9,5,1,0,0,0,1495
2018-09-29,13,24.9,40,1.4,2000,10.3,2.75,0.0,0.0,0,1,9,5,1,0,0,0,1752
2018-09-29,14,26.2,33,1.8,2000,8.6,2.62,0.0,0.0,0,1,9,5,1,0,0,0,1892
2018-09-29,15,26.5,33,1.4,2000,8.9,2.25,0.0,0.0,0,1,9,5,1,0,0,0,2065
2018-09-29,16,26.6,34,1.3,2000,9.4,1.69,0.0,0.0,0,1,9,5,1,0,0,0,2254
2018-09-29,17,26.3,31,1.0,2000,7.8,1.03,0.0,0.0,0,1,9,5,1,0,0,0,2432
2018-09-29,18,24.8,41,0.5,2000,10.6,0.33,0.0,0.0,0,1,9,5,1,0,0,0,2397
2018-09-29,19,22.5,43,0.4,2000,9.2,0.0,0.0,0.0,0,1,9,5,1,0,0,0,2021
2018-09-29,20,21.3,46,0.1,2000,9.2,0.0,0.0,0.0,0,1,9,5,1,0,0,0,1835
2018-09-29,21,20.1,54,1.2,2000,10.4,0.0,0.0,0.0,0,1,9,5,1,0,0,0,1781
2018-09-29,22,19.3,55,0.5,2000,10.0,0.0,0.0,0.0,0,1,9,5,1,0,0,0,1501
2018-09-29,23,18.6,59,0.7,2000,10.4,0.0,0.0,0.0,0,1,9,5,1,0,0,0,1229
2018-09-30,0,18.1,60,0.2,2000,10.2,0.0,0.0,0.0,0,0,9,6,1,0,0,0,0
2018-09-30,1,17.5,66,0.5,2000,11.0,0.0,0.0,0.0,0,0,9,6,1,0,0,0,0
2018-09-30,2,17.3,68,0.7,2000,11.3,0.0,0.0,0.0,0,0,9,6,1,0,0,0,0
2018-09-30,3,17.0,70,0.9,2000,11.4,0.0,0.0,0.0,0,0,9,6,1,0,0,0,0
2018-09-30,4,16.6,73,0.3,2000,11.7,0.0,0.0,0.0,0,0,9,6,1,0,0,0,0
2018-09-30,5,16.1,78,0.4,2000,12.2,0.0,0.0,0.0,0,0,9,6,1,0,0,0,0
2018-09-30,6,15.5,80,0.4,2000,12.0,0.0,0.0,0.0,0,0,9,6,1,0,0,0,0
2018-09-30,7,15.1,81,0.8,1939,11.8,0.03,0.0,0.0,0,0,9,6,1,0,0,0,0
2018-09-30,8,16.2,69,1.1,2000,10.4,0.54,0.0,0.0,0,0,9,6,1,0,0,0,0
2018-09-30,9,18.5,62,0.5,1847,11.0,1.0,0.0,0.0,0,0,9,6,1,0,0,0,0
2018-09-30,10,20.7,62,1.3,1679,13.1,1.41,0.0,0.0,0,0,9,6,1,0,0,0,0
2018-09-30,11,20.2,63,2.8,1195,12.9,1.25,0.0,0.0,0,0,9,6,1,0,0,0,0
2018-09-30,12,20.8,47,3.1,1665,9.0,2.0,0.0,0.0,0,0,9,6,1,0,0,0,0
2018-09-30,13,21.1,42,4.6,1954,7.6,2.74,0.0,0.0,0,0,9,6,1,0,0,0,0
2018-09-30,14,21.1,32,4.4,1999,3.7,2.48,0.0,0.0,0,0,9,6,1,0,0,0,0
2018-09-30,15,21.3,32,3.8,2000,3.9,2.31,0.0,0.0,0,0,9,6,1,0,0,0,0
2018-09-30,16,21.2,28,3.2,2000,1.9,1.77,0.0,0.0,0,0,9,6,1,0,0,0,0
2018-09-30,17,20.4,31,3.2,2000,2.6,1.06,0.0,0.0,0,0,9,6,1,0,0,0,0
2018-09-30,18,18.3,34,3.3,2000,2.1,0.36,0.0,0.0,0,0,9,6,1,0,0,0,0
2018-09-30,19,17.1,35,2.9,2000,1.4,0.0,0.0,0.0,0,0,9,6,1,0,0,0,0
2018-09-30,20,16.0,39,2.9,2000,2.0,0.0,0.0,0.0,0,0,9,6,1,0,0,0,0
2018-09-30,21,15.2,40,3.0,2000,1.6,0.0,0.0,0.0,0,0,9,6,1,0,0,0,0
2018-09-30,22,14.6,46,2.2,2000,3.0,0.0,0.0,0.0,0,0,9,6,1,0,0,0,0
2018-09-30,23,14.1,53,2.1,2000,4.6,0.0,0.0,0.0,0,0,9,6,1,0,0,0,0
2018-10-01,0,14.1,55,2.6,2000,5.1,0.0,0.0,0.0,0,1,10,0,1,0,0,0,680
2018-10-01,1,13.9,57,2.0,2000,5.5,0.0,0.0,0.0,0,1,10,0,1,0,0,0,402
2018-10-01,2,13.9,56,2.4,2000,5.2,0.0,0.0,0.0,0,1,10,0,1,0,0,0,262
2018-10-01,3,13.6,56,1.6,2000,4.9,0.0,0.0,0.0,0,1,10,0,1,0,0,0,179
2018-10-01,4,13.7,56,1.9,2000,5.0,0.0,0.0,0.0,0,1,10,0,1,0,0,0,143
2018-10-01,5,13.7,57,1.8,1999,5.3,0.0,0.0,0.0,0,1,10,0,1,0,0,0,246
2018-10-01,6,13.3,56,2.3,2000,4.6,0.0,0.0,0.0,0,1,10,0,1,0,0,0,632
2018-10-01,7,13.1,58,2.1,1997,5.0,0.03,0.0,0.0,0,1,10,0,1,0,0,0,1429
2018-10-01,8,13.7,54,2.4,1960,4.5,0.39,0.0,0.0,0,1,10,0,1,0,0,0,2101
2018-10-01,9,14.9,50,3.4,1989,4.5,1.08,0.0,0.0,0,1,10,0,1,0,0,0,1106
2018-10-01,10,16.3,47,3.6,1815,4.9,1.93,0.0,0.0,0,1,10,0,1,0,0,0,856
2018-10-01,11,17.0,45,4.5,1966,4.9,2.04,0.0,0.0,0,1,10,0,1,0,0,0,959
2018-10-01,12,18.4,40,3.5,1958,4.5,2.28,0.0,0.0,0,1,10,0,1,0,0,0,1138
2018-10-01,13,17.6,49,4.7,2000,6.7,1.89,0.0,0.0,0,1,10,0,1,0,0,0,1087
2018-10-01,14,19.3,36,3.5,1986,3.8,2.28,0.0,0.0,0,1,10,0,1,0,0,0,1137
2018-10-01,15,19.0,40,3.8,1983,5.0,1.96,0.0,0.0,0,1,10,0,1,0,0,0,1258
2018-10-01,16,17.7,47,3.4,2000,6.2,0.81,0.0,0.0,0,1,10,0,1,0,0,0,1357
2018-10-01,17,17.2,53,2.9,2000,7.5,0.25,0.0,0.0,0,1,10,0,1,0,0,0,1799
2018-10-01,18,16.6,61,2.9,2000,9.0,0.16,0.0,0.0,0,1,10,0,1,0,0,0,2857
2018-10-01,19,16.2,62,2.2,2000,8.9,0.0,0.0,0.0,0,1,10,0,1,0,0,0,2122
2018-10-01,20,15.4,63,2.1,2000,8.3,0.0,0.0,0.0,0,1,10,0,1,0,0,0,1824
2018-10-01,21,14.6,66,4.0,2000,8.3,0.0,0.0,0.0,0,1,10,0,1,0,0,0,1777
2018-10-01,22,13.9,69,0.5,2000,8.2,0.0,0.0,0.0,0,1,10,0,1,0,0,0,1501
2018-10-01,23,13.4,69,3.7,2000,7.8,0.0,0.0,0.0,0,1,10,0,1,0,0,0,1057
2018-10-02,0,13.0,72,1.8,1987,8.0,0.0,0.0,0.0,0,0,10,1,1,0,0,0,0
2018-10-02,1,12.5,74,1.9,1992,7.9,0.0,0.0,0.0,0,0,10,1,1,0,0,0,0
2018-10-02,2,12.3,75,1.6,1840,7.9,0.0,0.0,0.0,0,0,10,1,1,0,0,0,0
2018-10-02,3,11.8,78,0.3,1843,8.0,0.0,0.0,0.0,0,0,10,1,1,0,0,0,0
2018-10-02,4,11.2,80,0.3,1236,7.8,0.0,0.0,0.0,0,0,10,1,1,0,0,0,0
2018-10-02,5,10.8,82,0.3,1778,7.8,0.0,0.0,0.0,0,0,10,1,1,0,0,0,0
2018-10-02,6,10.6,81,0.0,1798,7.4,0.0,0.0,0.0,0,0,10,1,1,0,0,0,0
2018-10-02,7,10.4,81,0.3,1956,7.2,0.02,0.0,0.0,0,0,10,1,1,0,0,0,0
2018-10-02,8,11.2,69,0.9,1714,5.7,0.49,0.0,0.0,0,0,10,1,1,0,0,0,0
2018-10-02,9,13.9,66,1.6,1427,7.6,1.11,0.0,0.0,0,0,10,1,1,0,0,0,0
2018-10-02,10,16.7,58,2.4,1554,8.3,1.81,0.0,0.0,0,0,10,1,1,0,0,0,0
2018-10-02,11,18.3,44,3.0,1878,5.8,2.35,0.0,0.0,0,0,10,1,1,0,0,0,0
2018-10-02,12,19.4,41,3.1,1956,5.7,2.67,0.0,0.0,0,0,10,1,1,0,0,0,0
2018-10-02,13,20.4,36,2.6,1776,4.8,2.71,0.0,0.0,0,0,10,1,1,0,0,0,0
2018-10-02,14,21.5,39,2.5,1691,6.9,2.56,0.0,0.0,0,0,10,1,1,0,0,0,0
2018-10-02,15,21.8,38,2.6,1913,6.8,2.22,0.0,0.0,0,0,10,1,1,0,0,0,0
2018-10-02,16,21.7,36,3.2,1929,5.9,1.64,0.0,0.0,0,0,10,1,1,0,0,0,0
2018-10-02,17,21.2,40,2.4,2000,7.0,0.98,0.0,0.0,0,0,10,1,1,0,0,0,0
2018-10-02,18,19.2,48,2.2,2000,7.9,0.28,0.0,0.0,0,0,10,1,1,0,0,0,0
2018-10-02,19,17.6,57,1.7,2000,8.9,0.0,0.0,0.0,0,0,10,1,1,0,0,0,0
2018-10-02,20,16.8,62,2.0,2000,9.4,0.0,0.0,0.0,0,0,10,1,1,0,0,0,0
2018-10-02,21,16.2,65,1.5,2000,9.6,0.0,0.0,0.0,0,0,10,1,1,0,0,0,0
2018-10-02,22,15.5,69,0.8,1987,9.8,0.0,0.0,0.0,0,0,10,1,1,0,0,0,0
2018-10-02,23,14.8,68,0.1,1994,8.9,0.0,0.0,0.0,0,0,10,1,1,0,0,0,0
2018-10-03,0,14.5,74,0.4,2000,9.9,0.0,0.0,0.0,1,1,10,2,1,0,0,0,1040
2018-10-03,1,13.8,75,0.5,2000,9.4,0.0,0.0,0.0,1,1,10,2,1,0,0,0,882
2018-10-03,2,13.2,77,1.2,1972,9.2,0.0,0.0,0.0,1,1,10,2,1,0,0,0,685
2018-10-03,3,12.6,78,0.6,1907,8.8,0.0,0.0,0.0,1,1,10,2,1,0,0,0,497
2018-10-03,4,12.1,80,1.2,1834,8.7,0.0,0.0,0.0,1,1,10,2,1,0,0,0,284
2018-10-03,5,11.8,82,1.1,1878,8.8,0.0,0.0,0.0,1,1,10,2,1,0,0,0,173
2018-10-03,6,11.4,84,0.3,1742,8.7,0.0,0.0,0.0,1,1,10,2,1,0,0,0,278
2018-10-03,7,11.2,85,0.3,1593,8.7,0.02,0.0,0.0,1,1,10,2,1,0,0,0,440
2018-10-03,8,11.8,73,1.0,1649,7.1,0.49,0.0,0.0,1,1,10,2,1,0,0,0,762
2018-10-03,9,14.4,61,0.7,1340,6.9,1.21,0.0,0.0,1,1,10,2,1,0,0,0,966
2018-10-03,10,17.3,53,0.7,1406,7.6,1.83,0.0,0.0,1,1,10,2,1,0,0,0,1113
2018-10-03,11,20.3,46,1.6,1409,8.2,2.29,0.0,0.0,1,1,10,2,1,0,0,0,1248
2018-10-03,12,21.4,40,1.4,1973,7.2,2.53,0.0,0.0,1,1,10,2,1,0,0,0,1634
2018-10-03,13,22.5,40,2.6,1854,8.2,2.64,0.0,0.0,1,1,10,2,1,0,0,0,1849
2018-10-03,14,23.4,35,1.6,1972,7.0,2.51,0.0,0.0,1,1,10,2,1,0,0,0,1995
2018-10-03,15,24.1,34,2.0,1996,7.2,2.14,0.0,0.0,1,1,10,2,1,0,0,0,2200
2018-10-03,16,24.0,34,2.7,2000,7.1,1.62,0.0,0.0,1,1,10,2,1,0,0,0,2112
2018-10-03,17,23.3,36,1.7,1960,7.3,0.95,0.0,0.0,1,1,10,2,1,0,0,0,2400
2018-10-03,18,21.5,43,1.8,2000,8.3,0.26,0.0,0.0,1,1,10,2,1,0,0,0,2235
2018-10-03,19,20.0,49,1.5,2000,8.9,0.0,0.0,0.0,1,1,10,2,1,0,0,0,1792
2018-10-03,20,18.6,55,1.5,2000,9.3,0.0,0.0,0.0,1,1,10,2,1,0,0,0,1744
2018-10-03,21,17.6,59,1.6,2000,9.4,0.0,0.0,0.0,1,1,10,2,1,0,0,0,1594
2018-10-03,22,16.9,63,0.2,2000,9.8,0.0,0.0,0.0,1,1,10,2,1,0,0,0,1393
2018-10-03,23,16.1,63,0.6,2000,9.0,0.0,0.0,0.0,1,1,10,2,1,0,0,0,1033
2018-10-04,0,15.5,65,0.8,2000,8.9,0.0,0.0,0.0,0,0,10,3,1,0,0,0,0
2018-10-04,1,14.7,69,0.6,2000,9.0,0.0,0.0,0.0,0,0,10,3,1,0,0,0,0
2018-10-04,2,14.0,73,0.5,1992,9.2,0.0,0.0,0.0,0,0,10,3,1,0,0,0,0
2018-10-04,3,13.6,75,0.8,1960,9.2,0.0,0.0,0.0,0,0,10,3,1,0,0,0,0
2018-10-04,4,13.3,75,0.4,1792,8.9,0.0,0.0,0.0,0,0,10,3,1,0,0,0,0
2018-10-04,5,13.2,73,0.9,1857,8.4,0.0,0.0,0.0,0,0,10,3,1,0,0,0,0
2018-10-04,6,13.2,73,1.1,1900,8.4,0.0,0.0,0.0,0,0,10,3,1,0,0,0,0
2018-10-04,7,13.2,75,0.8,1780,8.8,0.01,0.0,0.0,0,0,10,3,1,0,0,0,0
2018-10-04,8,13.9,68,0.9,1912,8.0,0.34,0.0,0.0,0,0,10,3,1,0,0,0,0
2018-10-04,9,16.7,58,1.8,1821,8.3,1.22,0.0,0.0,0,0,10,3,1,0,0,0,0
2018-10-04,10,19.0,49,1.7,1980,8.0,1.73,0.0,0.0,0,0,10,3,1,0,0,0,0
2018-10-04,11,21.3,41,1.9,1963,7.5,2.36,0.0,0.0,0,0,10,3,1,0,0,0,0
2018-10-04,12,23.2,38,1.7,1990,8.0,2.44,0.0,0.0,0,0,10,3,1,0,0,0,0
2018-10-04,13,23.4,39,1.4,2000,8.6,1.72,0.0,0.0,0,0,10,3,1,0,0,0,0
2018-10-04,14,24.3,39,1.7,2000,9.4,2.18,0.0,0.0,0,0,10,3,1,0,0,0,0
2018-10-04,15,25.3,39,1.6,2000,10.3,1.88,0.0,0.0,0,0,10,3,1,0,0,0,0
2018-10-04,16,25.1,41,1.0,2000,10.9,1.22,0.0,0.0,0,0,10,3,1,0,0,0,0
2018-10-04,17,24.2,44,1.5,2000,11.1,0.58,0.0,0.0,0,0,10,3,1,0,0,0,0
2018-10-04,18,23.1,48,1.3,2000,11.4,0.2,0.0,0.0,0,0,10,3,1,0,0,0,0
2018-10-04,19,22.3,50,1.4,2000,11.3,0.0,0.0,0.0,0,0,10,3,1,0,0,0,0
2018-10-04,20,21.3,53,1.8,2000,11.3,0.0,0.0,0.0,0,0,10,3,1,0,0,0,0
2018-10-04,21,20.5,57,2.0,2000,11.6,0.0,0.0,0.0,0,0,10,3,1,0,0,0,0
2018-10-04,22,19.8,60,1.6,2000,11.8,0.0,0.0,0.0,0,0,10,3,1,0,0,0,0
2018-10-04,23,19.4,62,1.7,2000,11.9,0.0,0.0,0.0,0,0,10,3,1,0,0,0,0
2018-10-05,0,19.0,64,1.9,2000,12.0,0.0,0.0,0.0,0,1,10,4,1,0,0,0,973
2018-10-05,1,18.6,66,1.7,2000,12.1,0.0,0.0,0.0,0,1,10,4,1,0,0,0,735
2018-10-05,2,18.2,64,2.0,2000,11.2,0.0,0.0,0.0,0,1,10,4,1,0,0,0,515
2018-10-05,3,18.0,61,1.8,2000,10.3,0.0,0.0,0.0,0,1,10,4,1,0,0,0,329
2018-10-05,4,17.7,57,1.3,2000,9.0,0.0,0.0,0.0,0,1,10,4,1,0,0,0,221
2018-10-05,5,17.6,57,1.1,2000,8.9,0.0,0.0,0.0,0,1,10,4,1,0,0,0,223
2018-10-05,6,17.7,55,1.5,2000,8.5,0.0,0.0,0.0,0,1,10,4,1,0,0,0,531
2018-10-05,7,17.7,56,1.3,2000,8.8,0.0,0.0,0.0,0,1,10,4,1,0,0,0,282
2018-10-05,8,16.9,72,1.3,2000,11.8,0.04,0.3,0.0,0,1,10,4,1,0,0,0,208
2018-10-05,9,16.3,85,1.8,942,13.7,0.13,1.2,0.0,0,1,10,4,1,0,0,0,47
2018-10-05,10,15.8,89,1.8,742,13.9,0.18,1.5,0.0,0,1,10,4,1,0,0,0,33
2018-10-05,11,16.1,89,2.4,1112,14.2,0.4,1.5,0.0,0,1,10,4,1,0,0,0,29
2018-10-05,12,16.6,90,1.7,518,14.9,0.51,2.0,0.0,0,1,10,4,1,0,0,0,23
2018-10-05,13,16.9,95,1.6,325,16.0,0.48,4.0,0.0,0,1,10,4,1,0,0,0,22
2018-10-05,14,17.2,95,1.6,553,16.3,0.48,2.5,0.0,0,1,10,4,1,0,0,0,17
2018-10-05,15,17.2,96,0.6,213,16.5,0.26,4.0,0.0,0,1,10,4,1,0,0,0,8
2018-10-05,16,17.1,97,1.7,382,16.6,0.15,6.0,0.0,0,1,10,4,1,0,0,0,28
2018-10-05,17,16.9,97,2.1,728,16.4,0.08,5.5,0.0,0,1,10,4,1,0,0,0,66
2018-10-05,18,16.7,96,1.6,1461,16.0,0.03,1.0,0.0,0,1,10,4,1,0,0,0,74
2018-10-05,19,16.6,96,2.4,1072,15.9,0.0,1.5,0.0,0,1,10,4,1,0,0,0,55
2018-10-05,20,16.5,96,2.7,1047,15.8,0.0,1.0,0.0,0,1,10,4,1,0,0,0,44
2018-10-05,21,16.5,96,2.2,963,15.8,0.0,1.5,0.0,0,1,10,4,1,0,0,0,32
2018-10-05,22,16.2,92,2.6,1771,14.8,0.0,1.5,0.0,0,1,10,4,1,0,0,0,23
2018-10-05,23,16.3,91,1.8,1811,14.8,0.0,0.5,0.0,0,1,10,4,1,0,0,0,4
2018-10-06,0,16.4,94,1.8,1744,15.4,0.0,1.0,0.0,0,0,10,5,1,0,0,0,0
2018-10-06,1,16.7,89,2.4,1814,14.8,0.0,1.0,0.0,0,0,10,5,1,0,0,0,0
2018-10-06,2,16.9,88,2.5,2000,14.8,0.0,1.5,0.0,0,0,10,5,1,0,0,0,0
2018-10-06,3,16.8,90,3.3,1601,15.1,0.0,2.0,0.0,0,0,10,5,1,0,0,0,0
2018-10-06,4,16.9,89,2.7,1577,15.0,0.0,2.5,0.0,0,0,10,5,1,0,0,0,0
2018-10-06,5,16.7,93,2.8,360,15.5,0.0,4.5,0.0,0,0,10,5,1,0,0,0,0
2018-10-06,6,16.5,96,2.3,417,15.8,0.0,8.5,0.0,0,0,10,5,1,0,0,0,0
2018-10-06,7,16.5,97,2.3,364,16.0,0.0,9.5,0.0,0,1,10,5,1,0,0,0,5
2018-10-06,8,16.6,97,2.0,457,16.1,0.01,9.0,0.0,0,1,10,5,1,0,0,0,6
2018-10-06,9,16.7,97,2.9,550,16.2,0.05,6.0,0.0,0,1,10,5,1,0,0,0,5
2018-10-06,10,17.0,97,1.5,676,16.5,0.15,6.0,0.0,0,1,10,5,1,0,0,0,2
2018-10-06,11,17.5,95,2.0,1214,16.6,0.35,3.5,0.0,0,1,10,5,1,0,0,0,20
2018-10-06,12,18.0,92,2.9,1999,16.6,0.45,1.0,0.0,0,1,10,5,1,0,0,0,130
2018-10-06,13,17.7,89,5.0,2000,15.8,0.62,0.5,0.0,0,1,10,5,1,0,0,0,529
2018-10-06,14,19.3,79,3.6,2000,15.5,1.36,0.0,0.0,0,1,10,5,1,0,0,0,941
2018-10-06,15,21.0,67,4.1,2000,14.6,2.05,0.0,0.0,0,1,10,5,1,0,0,0,1236
2018-10-06,16,21.5,62,3.4,2000,13.9,1.26,0.0,0.0,0,1,10,5,1,0,0,0,1601
2018-10-06,17,21.1,64,1.2,2000,14.0,0.4,0.0,0.0,0,1,10,5,1,0,0,0,1870
2018-10-06,18,20.5,66,1.2,2000,13.9,0.16,0.0,0.0,0,1,10,5,1,0,0,0,2012
2018-10-06,19,19.7,72,0.6,2000,14.5,0.0,0.0,0.0,0,1,10,5,1,0,0,0,1761
2018-10-06,20,19.4,67,0.8,2000,13.1,0.0,0.0,0.0,0,1,10,5,1,0,0,0,1567
2018-10-06,21,18.5,78,0.1,2000,14.5,0.0,0.0,0.0,0,1,10,5,1,0,0,0,1731
2018-10-06,22,17.7,78,0.3,2000,13.8,0.0,0.0,0.0,0,1,10,5,1,0,0,0,1459
2018-10-06,23,16.9,84,0.9,2000,14.1,0.0,0.0,0.0,0,1,10,5,1,0,0,0,1162
2018-10-07,0,16.3,86,0.3,2000,13.9,0.0,0.0,0.0,0,1,10,6,1,0,0,0,1049
2018-10-07,1,16.0,88,1.2,2000,14.0,0.0,0.0,0.0,0,1,10,6,1,0,0,0,768
2018-10-07,2,15.7,88,0.4,2000,13.7,0.0,0.0,0.0,0,1,10,6,1,0,0,0,538
2018-10-07,3,15.5,88,1.7,1998,13.5,0.0,0.0,0.0,0,1,10,6,1,0,0,0,372
2018-10-07,4,15.1,90,1.2,850,13.4,0.0,0.0,0.0,0,1,10,6,1,0,0,0,255
2018-10-07,5,15.1,89,1.1,1615,13.2,0.0,0.0,0.0,0,1,10,6,1,0,0,0,146
2018-10-07,6,14.8,89,0.2,1490,12.9,0.0,0.0,0.0,0,1,10,6,1,0,0,0,189
2018-10-07,7,14.3,89,0.6,1165,12.5,0.03,0.0,0.0,0,1,10,6,1,0,0,0,345
2018-10-07,8,14.6,71,1.0,1896,9.3,0.43,0.0,0.0,0,1,10,6,1,0,0,0,589
2018-10-07,9,16.2,60,1.9,1899,8.4,1.16,0.0,0.0,0,1,10,6,1,0,0,0,753
2018-10-07,10,18.1,56,2.6,1720,9.1,1.79,0.0,0.0,0,1,10,6,1,0,0,0,932
2018-10-07,11,19.1,56,2.4,1802,10.1,2.15,0.0,0.0,0,1,10,6,1,0,0,0,1188
2018-10-07,12,19.8,46,2.5,1837,7.8,2.3,0.0,0.0,0,1,10,6,1,0,0,0,1516
2018-10-07,13,20.1,41,3.0,1963,6.4,2.34,0.0,0.0,0,1,10,6,1,0,0,0,1714
2018-10-07,14,20.2,42,2.8,1832,6.8,1.87,0.0,0.0,0,1,10,6,1,0,0,0,1987
2018-10-07,15,20.4,36,2.8,2000,4.8,1.56,0.0,0.0,0,1,10,6,1,0,0,0,2167
2018-10-07,16,20.7,34,2.0,2000,4.2,1.23,0.0,0.0,0,1,10,6,1,0,0,0,2270
2018-10-07,17,19.4,32,3.2,2000,2.2,0.63,0.0,0.0,0,1,10,6,1,0,0,0,2255
2018-10-07,18,17.9,29,2.8,2000,-0.4,0.16,0.0,0.0,0,1,10,6,1,0,0,0,2069
2018-10-07,19,16.6,36,1.4,2000,1.4,0.0,0.0,0.0,0,1,10,6,1,0,0,0,1608
2018-10-07,20,15.5,37,1.9,2000,0.8,0.0,0.0,0.0,0,1,10,6,1,0,0,0,1519
2018-10-07,21,14.4,36,1.0,2000,-0.5,0.0,0.0,0.0,0,1,10,6,1,0,0,0,1385
2018-10-07,22,13.6,38,1.5,2000,-0.4,0.0,0.0,0.0,0,1,10,6,1,0,0,0,1160
2018-10-07,23,12.9,38,1.5,2000,-1.1,0.0,0.0,0.0,0,1,10,6,1,0,0,0,840
2018-10-08,0,12.3,44,0.8,2000,0.3,0.0,0.0,0.0,0,1,10,0,1,0,0,0,711
2018-10-08,1,11.7,52,1.1,2000,2.1,0.0,0.0,0.0,0,1,10,0,1,0,0,0,390
2018-10-08,2,11.1,56,1.4,2000,2.6,0.0,0.0,0.0,0,1,10,0,1,0,0,0,265
2018-10-08,3,10.8,59,0.5,2000,3.0,0.0,0.0,0.0,0,1,10,0,1,0,0,0,192
2018-10-08,4,10.4,61,0.6,2000,3.1,0.0,0.0,0.0,0,1,10,0,1,0,0,0,123
2018-10-08,5,9.8,63,0.5,2000,3.0,0.0,0.0,0.0,0,1,10,0,1,0,0,0,215
2018-10-08,6,9.5,68,0.9,2000,3.8,0.0,0.0,0.0,0,1,10,0,1,0,0,0,503
2018-10-08,7,9.2,72,1.0,2000,4.4,0.01,0.0,0.0,0,1,10,0,1,0,0,0,1206
2018-10-08,8,9.9,66,1.2,2000,3.8,0.35,0.0,0.0,0,1,10,0,1,0,0,0,2005
2018-10-08,9,12.2,51,0.7,1918,2.3,1.02,0.0,0.0,0,1,10,0,1,0,0,0,1166
2018-10-08,10,15.0,44,0.5,1839,2.8,1.48,0.0,0.0,0,1,10,0,1,0,0,0,943
2018-10-08,11,17.9,39,1.3,1873,3.7,2.06,0.0,0.0,0,1,10,0,1,0,0,0,1117
2018-10-08,12,19.2,31,0.5,1994,1.6,2.4,0.0,0.0,0,1,10,0,1,0,0,0,1238
2018-10-08,13,20.2,28,1.3,2000,1.0,2.25,0.0,0.0,0,1,10,0,1,0,0,0,1303
2018-10-08,14,20.2,24,1.5,2000,-1.0,1.8,0.0,0.0,0,1,10,0,1,0,0,0,1358
2018-10-08,15,20.6,26,1.2,2000,0.4,1.76,0.0,0.0,0,1,10,0,1,0,0,0,1502
2018-10-08,16,20.3,25,1.8,2000,-0.3,1.15,0.0,0.0,0,1,10,0,1,0,0,0,1603
2018-10-08,17,20.0,28,0.7,2000,0.9,0.79,0.0,0.0,0,1,10,0,1,0,0,0,2127
2018-10-08,18,18.1,39,1.0,2000,3.9,0.21,0.0,0.0,0,1,10,0,1,0,0,0,2787
2018-10-08,19,16.4,42,1.8,2000,3.4,0.0,0.0,0.0,0,1,10,0,1,0,0,0,2150
2018-10-08,20,15.5,45,2.2,2000,3.6,0.0,0.0,0.0,0,1,10,0,1,0,0,0,1838
2018-10-08,21,15.1,48,2.6,2000,4.1,0.0,0.0,0.0,0,1,10,0,1,0,0,0,1788
2018-10-08,22,14.4,49,1.1,2000,3.8,0.0,0.0,0.0,0,1,10,0,1,0,0,0,1636
2018-10-08,23,13.5,55,0.5,2000,4.6,0.0,0.0,0.0,0,1,10,0,1,0,0,0,1196
2018-10-09,0,12.6,54,0.2,2000,3.5,0.0,0.0,0.0,1,0,10,1,1,0,0,0,0
2018-10-09,1,12.0,58,0.7,2000,3.9,0.0,0.0,0.0,1,0,10,1,1,0,0,0,0
2018-10-09,2,11.4,65,1.1,2000,5.0,0.0,0.0,0.0,1,0,10,1,1,0,0,0,0
2018-10-09,3,11.0,66,0.9,2000,4.8,0.0,0.0,0.0,1,0,10,1,1,0,0,0,0
2018-10-09,4,11.0,63,0.8,2000,4.2,0.0,0.0,0.0,1,0,10,1,1,0,0,0,0
2018-10-09,5,10.8,64,0.8,2000,4.2,0.0,0.0,0.0,1,0,10,1,1,0,0,0,0
2018-10-09,6,10.8,69,0.8,2000,5.3,0.0,0.0,0.0,1,0,10,1,1,0,0,0,0
2018-10-09,7,10.9,70,0.7,2000,5.6,0.0,0.0,0.0,1,0,10,1,1,0,0,0,0
2018-10-09,8,11.4,66,0.8,1991,5.2,0.18,0.0,0.0,1,0,10,1,1,0,0,0,0
2018-10-09,9,12.8,57,1.2,1838,4.4,0.55,0.0,0.0,1,0,10,1,1,0,0,0,0
2018-10-09,10,14.8,51,1.0,1998,4.7,1.07,0.0,0.0,1,0,10,1,1,0,0,0,0
2018-10-09,11,16.4,45,0.7,2000,4.4,1.22,0.0,0.0,1,0,10,1,1,0,0,0,0
2018-10-09,12,18.3,40,0.6,1995,4.4,1.82,0.0,0.0,1,0,10,1,1,0,0,0,0
2018-10-09,13,19.2,39,1.0,2000,4.8,1.66,0.0,0.0,1,0,10,1,1,0,0,0,0
2018-10-09,14,18.8,39,1.6,2000,4.5,0.67,0.0,0.0,1,0,10,1,1,0,0,0,0
2018-10-09,15,18.3,40,1.2,2000,4.4,0.33,0.0,0.0,1,0,10,1,1,0,0,0,0
2018-10-09,16,19.0,39,1.4,2000,4.7,0.89,0.0,0.0,1,0,10,1,1,0,0,0,0
2018-10-09,17,18.4,39,2.1,2000,4.1,0.45,0.0,0.0,1,0,10,1,1,0,0,0,0
2018-10-09,18,17.7,43,1.5,2000,4.9,0.05,0.0,0.0,1,0,10,1,1,0,0,0,0
2018-10-09,19,17.3,47,2.2,2000,5.8,0.0,0.0,0.0,1,0,10,1,1,0,0,0,0
2018-10-09,20,17.0,49,1.4,2000,6.1,0.0,0.0,0.0,1,0,10,1,1,0,0,0,0
2018-10-09,21,16.8,52,1.6,2000,6.8,0.0,0.0,0.0,1,0,10,1,1,0,0,0,0
2018-10-09,22,16.7,55,1.9,2000,7.6,0.0,0.0,0.0,1,0,10,1,1,0,0,0,0
2018-10-09,23,16.6,53,1.1,2000,6.9,0.0,0.0,0.0,1,0,10,1,1,0,0,0,0
2018-10-10,0,16.6,53,0.9,2000,6.9,0.0,0.0,0.0,0,1,10,2,1,0,0,0,643
2018-10-10,1,16.6,57,1.5,2000,8.0,0.0,0.0,0.0,0,1,10,2,1,0,0,0,144
2018-10-10,2,14.4,91,0.4,402,12.9,0.0,4.5,0.0,0,1,10,2,1,0,0,0,55
2018-10-10,3,14.3,95,1.0,967,13.5,0.0,2.5,0.0,0,1,10,2,1,0,0,0,90
2018-10-10,4,14.3,92,2.0,714,13.0,0.0,0.0,0.0,0,1,10,2,1,0,0,0,82
2018-10-10,5,13.6,89,2.7,990,11.8,0.0,0.0,0.0,0,1,10,2,1,0,0,0,152
2018-10-10,6,12.6,86,1.9,1430,10.3,0.0,0.0,0.0,0,1,10,2,1,0,0,0,441
2018-10-10,7,12.3,84,3.2,1220,9.6,0.0,0.0,0.0,0,1,10,2,1,0,0,0,1220
2018-10-10,8,11.8,80,3.7,1518,8.4,0.16,0.0,0.0,0,1,10,2,1,0,0,0,2082
2018-10-10,9,12.0,72,3.3,1650,7.0,0.68,0.0,0.0,0,1,10,2,1,0,0,0,1097
2018-10-10,10,12.0,61,4.1,1981,4.6,0.86,0.0,0.0,0,1,10,2,1,0,0,0,792
2018-10-10,11,12.7,50,3.3,1999,2.5,1.61,0.0,0.0,0,1,10,2,1,0,0,0,914
2018-10-10,12,13.7,43,3.4,1980,1.3,1.65,0.0,0.0,0,1,10,2,1,0,0,0,1006
2018-10-10,13,14.3,43,3.6,1995,1.8,1.86,0.0,0.0,0,1,10,2,1,0,0,0,1015
2018-10-10,14,14.0,43,2.8,2000,1.5,1.13,0.0,0.0,0,1,10,2,1,0,0,0,1041
2018-10-10,15,13.7,44,3.9,2000,1.6,0.83,0.0,0.0,0,1,10,2,1,0,0,0,1171
2018-10-10,16,13.8,43,3.7,2000,1.4,0.74,0.0,0.0,0,1,10,2,1,0,0,0,1363
2018-10-10,17,13.1,45,3.1,2000,1.4,0.62,0.0,0.0,0,1,10,2,1,0,0,0,1775
2018-10-10,18,12.2,45,3.1,2000,0.5,0.16,0.0,0.0,0,1,10,2,1,0,0,0,2514
2018-10-10,19,11.3,50,1.1,2000,1.2,0.0,0.0,0.0,0,1,10,2,1,0,0,0,1723
2018-10-10,20,10.6,48,2.0,2000,0.0,0.0,0.0,0.0,0,1,10,2,1,0,0,0,1489
2018-10-10,21,9.9,50,1.2,2000,0.0,0.0,0.0,0.0,0,1,10,2,1,0,0,0,1445
2018-10-10,22,9.2,55,0.9,2000,0.6,0.0,0.0,0.0,0,1,10,2,1,0,0,0,1255
2018-10-10,23,8.5,52,0.6,2000,-0.8,0.0,0.0,0.0,0,1,10,2,1,0,0,0,901
2018-10-11,0,7.9,53,0.9,2000,-1.1,0.0,0.0,0.0,0,1,10,3,1,0,0,0,707
2018-10-11,1,7.3,59,0.1,2000,-0.1,0.0,0.0,0.0,0,1,10,3,1,0,0,0,541
2018-10-11,2,7.1,64,0.9,2000,0.7,0.0,0.0,0.0,0,1,10,3,1,0,0,0,341
2018-10-11,3,6.7,71,1.0,2000,1.8,0.0,0.0,0.0,0,1,10,3,1,0,0,0,218
2018-10-11,4,6.6,69,0.9,2000,1.3,0.0,0.0,0.0,0,1,10,3,1,0,0,0,145
2018-10-11,5,6.6,73,1.1,2000,2.0,0.0,0.0,0.0,0,1,10,3,1,0,0,0,197
2018-10-11,6,6.6,65,1.6,2000,0.4,0.0,0.0,0.0,0,1,10,3,1,0,0,0,518
2018-10-11,7,6.3,65,1.0,2000,0.1,0.01,0.0,0.0,0,1,10,3,1,0,0,0,1233
2018-10-11,8,7.0,56,3.1,1971,-1.1,0.44,0.0,0.0,0,1,10,3,1,0,0,0,2000
2018-10-11,9,8.4,49,2.6,2000,-1.7,1.17,0.0,0.0,0,1,10,3,1,0,0,0,1070
2018-10-11,10,10.2,44,2.3,1986,-1.5,1.8,0.0,0.0,0,1,10,3,1,0,0,0,792
2018-10-11,11,11.7,36,4.3,2000,-2.9,2.28,0.0,0.0,0,1,10,3,1,0,0,0,926
2018-10-11,12,13.2,31,3.8,2000,-3.5,2.58,0.0,0.0,0,1,10,3,1,0,0,0,967
2018-10-11,13,13.5,32,5.0,1990,-2.9,2.56,0.0,0.0,0,1,10,3,1,0,0,0,1000
2018-10-11,14,13.4,32,4.9,2000,-2.9,1.78,0.0,0.0,0,1,10,3,1,0,0,0,991
2018-10-11,15,13.0,39,3.7,2000,-0.6,1.09,0.0,0.0,0,1,10,3,1,0,0,0,1054
2018-10-11,16,13.8,36,2.9,2000,-1.0,0.98,0.0,0.0,0,1,10,3,1,0,0,0,1284
2018-10-11,17,13.2,36,3.6,2000,-1.5,0.55,0.0,0.0,0,1,10,3,1,0,0,0,1685
2018-10-11,18,12.1,40,2.4,1854,-1.1,0.18,0.0,0.0,0,1,10,3,1,0,0,0,2378
2018-10-11,19,11.1,43,2.0,2000,-1.0,0.0,0.0,0.0,0,1,10,3,1,0,0,0,1614
2018-10-11,20,10.2,46,0.2,2000,-0.9,0.0,0.0,0.0,0,1,10,3,1,0,0,0,1389
2018-10-11,21,9.3,52,1.5,2000,0.0,0.0,0.0,0.0,0,1,10,3,1,0,0,0,1398
2018-10-11,22,8.8,55,1.6,2000,0.2,0.0,0.0,0.0,0,1,10,3,1,0,0,0,1221
2018-10-11,23,8.4,60,1.5,2000,1.0,0.0,0.0,0.0,0,1,10,3,1,0,0,0,857
2018-10-12,0,8.2,61,1.3,2000,1.1,0.0,0.0,0.0,0,1,10,4,1,0,0,0,706
2018-10-12,1,7.6,63,1.2,2000,0.9,0.0,0.0,0.0,0,1,10,4,1,0,0,0,531
2018-10-12,2,7.1,61,0.6,2000,0.0,0.0,0.0,0.0,0,1,10,4,1,0,0,0,409
2018-10-12,3,6.5,69,0.3,1981,1.2,0.0,0.0,0.0,0,1,10,4,1,0,0,0,225
2018-10-12,4,6.2,71,1.1,2000,1.3,0.0,0.0,0.0,0,1,10,4,1,0,0,0,168
2018-10-12,5,6.0,72,1.3,2000,1.3,0.0,0.0,0.0,0,1,10,4,1,0,0,0,183
2018-10-12,6,5.8,67,1.1,2000,0.1,0.0,0.0,0.0,0,1,10,4,1,0,0,0,412
2018-10-12,7,5.3,73,0.7,2000,0.8,0.01,0.0,0.0,0,1,10,4,1,0,0,0,1142
2018-10-12,8,6.0,64,1.1,1920,-0.3,0.42,0.0,0.0,0,1,10,4,1,0,0,0,1996
2018-10-12,9,8.6,50,0.8,1785,-1.2,1.13,0.0,0.0,0,1,10,4,1,0,0,0,1106
2018-10-12,10,11.6,40,1.7,1991,-1.5,1.77,0.0,0.0,0,1,10,4,1,0,0,0,877
2018-10-12,11,13.0,38,2.7,2000,-1.0,2.3,0.0,0.0,0,1,10,4,1,0,0,0,959
2018-10-12,12,14.7,38,1.0,1884,0.5,2.55,0.0,0.0,0,1,10,4,1,0,0,0,1073
2018-10-12,13,15.8,36,1.5,1888,0.7,2.59,0.0,0.0,0,1,10,4,1,0,0,0,1110
2018-10-12,14,16.5,32,1.4,1841,-0.2,2.43,0.0,0.0,0,1,10,4,1,0,0,0,1187
2018-10-12,15,17.1,33,2.1,1929,0.6,2.04,0.0,0.0,0,1,10,4,1,0,0,0,1322
2018-10-12,16,16.9,34,1.2,1942,0.9,1.47,0.0,0.0,0,1,10,4,1,0,0,0,1488
2018-10-12,17,16.3,39,1.7,1969,2.3,0.8,0.0,0.0,0,1,10,4,1,0,0,0,1902
2018-10-12,18,14.3,46,1.3,2000,2.8,0.16,0.0,0.0,0,1,10,4,1,0,0,0,2618
2018-10-12,19,12.9,50,1.4,2000,2.7,0.0,0.0,0.0,0,1,10,4,1,0,0,0,1804
2018-10-12,20,11.8,53,1.5,2000,2.5,0.0,0.0,0.0,0,1,10,4,1,0,0,0,1440
2018-10-12,21,11.0,60,1.1,1995,3.5,0.0,0.0,0.0,0,1,10,4,1,0,0,0,1292
2018-10-12,22,10.5,62,1.2,2000,3.5,0.0,0.0,0.0,0,1,10,4,1,0,0,0,1347
2018-10-12,23,9.8,66,0.5,1979,3.7,0.0,0.0,0.0,0,1,10,4,1,0,0,0,940
2018-10-13,0,9.1,69,0.9,1885,3.7,0.0,0.0,0.0,0,1,10,5,1,0,0,0,835
2018-10-13,1,8.5,70,0.2,1856,3.3,0.0,0.0,0.0,0,1,10,5,1,0,0,0,739
2018-10-13,2,8.0,74,0.5,1786,3.6,0.0,0.0,0.0,0,1,10,5,1,0,0,0,512
2018-10-13,3,7.6,78,0.7,1614,4.0,0.0,0.0,0.0,0,1,10,5,1,0,0,0,374
2018-10-13,4,7.1,79,1.2,1567,3.6,0.0,0.0,0.0,0,1,10,5,1,0,0,0,226
2018-10-13,5,6.7,81,1.1,1467,3.6,0.0,0.0,0.0,0,1,10,5,1,0,0,0,148
2018-10-13,6,6.6,80,1.0,1424,3.3,0.0,0.0,0.0,0,1,10,5,1,0,0,0,209
2018-10-13,7,6.2,83,0.8,1100,3.5,0.01,0.0,0.0,0,1,10,5,1,0,0,0,412
2018-10-13,8,7.4,70,0.5,1373,2.2,0.36,0.0,0.0,0,1,10,5,1,0,0,0,728
2018-10-13,9,10.0,56,1.0,1761,1.6,1.03,0.0,0.0,0,1,10,5,1,0,0,0,853
2018-10-13,10,12.6,50,1.4,1712,2.4,1.68,0.0,0.0,0,1,10,5,1,0,0,0,1037
2018-10-13,11,15.2,44,1.2,1301,3.0,2.16,0.0,0.0,0,1,10,5,1,0,0,0,1179
2018-10-13,12,16.6,36,0.7,1442,1.4,2.45,0.0,0.0,0,1,10,5,1,0,0,0,1402
2018-10-13,13,18.3,33,1.9,1324,1.7,2.53,0.0,0.0,0,1,10,5,1,0,0,0,1652
2018-10-13,14,19.3,27,1.3,1384,-0.1,2.38,0.0,0.0,0,1,10,5,1,0,0,0,1712
2018-10-13,15,19.8,29,2.0,1246,1.2,1.97,0.0,0.0,0,1,10,5,1,0,0,0,1846
2018-10-13,16,19.4,29,1.2,1154,0.8,1.37,0.0,0.0,0,1,10,5,1,0,0,0,1916
2018-10-13,17,18.7,33,1.1,1164,2.0,0.7,0.0,0.0,0,1,10,5,1,0,0,0,1995
2018-10-13,18,16.5,38,1.6,1246,2.1,0.14,0.0,0.0,0,1,10,5,1,0,0,0,1695
2018-10-13,19,14.8,47,1.3,1111,3.5,0.0,0.0,0.0,0,1,10,5,1,0,0,0,1381
2018-10-13,20,13.8,52,1.6,1088,4.0,0.0,0.0,0.0,0,1,10,5,1,0,0,0,1261
2018-10-13,21,12.6,56,1.1,1053,4.0,0.0,0.0,0.0,0,1,10,5,1,0,0,0,1312
2018-10-13,22,11.7,60,0.5,1002,4.1,0.0,0.0,0.0,0,1,10,5,1,0,0,0,1147
2018-10-13,23,11.0,62,0.3,946,3.9,0.0,0.0,0.0,0,1,10,5,1,0,0,0,971
2018-10-14,0,10.4,59,0.0,971,2.7,0.0,0.0,0.0,0,1,10,6,1,0,0,0,811
2018-10-14,1,9.5,65,0.9,990,3.2,0.0,0.0,0.0,0,1,10,6,1,0,0,0,584
2018-10-14,2,9.1,68,0.3,921,3.4,0.0,0.0,0.0,0,1,10,6,1,0,0,0,429
2018-10-14,3,8.4,73,0.4,820,3.8,0.0,0.0,0.0,0,1,10,6,1,0,0,0,308
2018-10-14,4,7.9,76,1.3,771,3.9,0.0,0.0,0.0,0,1,10,6,1,0,0,0,185
2018-10-14,5,7.6,79,0.3,765,4.1,0.0,0.0,0.0,0,1,10,6,1,0,0,0,110
2018-10-14,6,7.2,80,0.7,729,3.9,0.0,0.0,0.0,0,1,10,6,1,0,0,0,150
2018-10-14,7,6.9,81,0.8,665,3.8,0.01,0.0,0.0,0,1,10,6,1,0,0,0,304
2018-10-14,8,7.5,72,1.1,697,2.7,0.34,0.0,0.0,0,1,10,6,1,0,0,0,556
2018-10-14,9,10.1,60,0.8,726,2.6,1.02,0.0,0.0,0,1,10,6,1,0,0,0,775
2018-10-14,10,13.3,47,0.5,818,2.2,1.67,0.0,0.0,0,1,10,6,1,0,0,0,847
2018-10-14,11,16.2,41,1.0,878,2.9,2.11,0.0,0.0,0,1,10,6,1,0,0,0,1056
2018-10-14,12,17.2,33,1.1,1258,0.7,2.28,0.0,0.0,0,1,10,6,1,0,0,0,1394
2018-10-14,13,18.1,32,1.5,1684,1.1,2.21,0.0,0.0,0,1,10,6,1,0,0,0,1593
2018-10-14,14,18.9,31,2.6,1936,1.3,2.37,0.0,0.0,0,1,10,6,1,0,0,0,1767
2018-10-14,15,20.1,32,2.4,1893,2.8,2.0,0.0,0.0,0,1,10,6,1,0,0,0,1948
2018-10-14,16,19.1,31,2.1,1960,1.5,1.27,0.0,0.0,0,1,10,6,1,0,0,0,2097
2018-10-14,17,18.2,43,2.3,1925,5.4,0.68,0.0,0.0,0,1,10,6,1,0,0,0,1990
2018-10-14,18,16.2,58,2.4,1991,7.9,0.12,0.0,0.0,0,1,10,6,1,0,0,0,1662
2018-10-14,19,15.1,60,2.9,1979,7.3,0.0,0.0,0.0,0,1,10,6,1,0,0,0,1377
2018-10-14,20,14.4,61,2.3,1945,6.9,0.0,0.0,0.0,0,1,10,6,1,0,0,0,1306
2018-10-14,21,13.8,66,2.4,1897,7.5,0.0,0.0,0.0,0,1,10,6,1,0,0,0,1261
2018-10-14,22,13.5,71,1.7,1711,8.3,0.0,0.0,0.0,0,1,10,6,1,0,0,0,1029
2018-10-14,23,13.2,73,1.2,1639,8.4,0.0,0.0,0.0,0,1,10,6,1,0,0,0,810
2018-10-15,0,12.6,78,1.3,1427,8.8,0.0,0.0,0.0,0,1,10,0,1,0,0,0,638
2018-10-15,1,12.2,80,1.4,1283,8.8,0.0,0.0,0.0,0,1,10,0,1,0,0,0,393
2018-10-15,2,11.8,82,0.7,1262,8.8,0.0,0.0,0.0,0,1,10,0,1,0,0,0,272
2018-10-15,3,11.3,85,0.0,907,8.8,0.0,0.0,0.0,0,1,10,0,1,0,0,0,171
2018-10-15,4,11.0,82,0.1,951,8.0,0.0,0.0,0.0,0,1,10,0,1,0,0,0,152
2018-10-15,5,11.1,79,0.3,1140,7.5,0.0,0.0,0.0,0,1,10,0,1,0,0,0,209
2018-10-15,6,11.2,81,0.2,1071,8.0,0.0,0.0,0.0,0,1,10,0,1,0,0,0,504
2018-10-15,7,11.5,81,0.8,960,8.3,0.0,0.0,0.0,0,1,10,0,1,0,0,0,1271
2018-10-15,8,12.0,77,0.4,891,8.0,0.12,0.0,0.0,0,1,10,0,1,0,0,0,2070
2018-10-15,9,12.8,74,0.5,831,8.2,0.31,0.0,0.0,0,1,10,0,1,0,0,0,1119
2018-10-15,10,14.1,66,0.6,827,7.8,0.58,0.0,0.0,0,1,10,0,1,0,0,0,837
2018-10-15,11,16.7,65,1.5,675,10.0,1.42,0.0,0.0,0,1,10,0,1,0,0,0,910
2018-10-15,12,19.0,60,1.8,513,11.0,2.11,0.0,0.0,0,1,10,0,1,0,0,0,1052
2018-10-15,13,19.7,52,2.1,512,9.5,1.83,0.0,0.0,0,1,10,0,1,0,0,0,1058
2018-10-15,14,20.0,48,2.1,586,8.6,1.72,0.0,0.0,0,1,10,0,1,0,0,0,1121
2018-10-15,15,20.4,43,1.7,690,7.3,1.43,0.0,0.0,0,1,10,0,1,0,0,0,1183
2018-10-15,16,20.3,44,2.2,793,7.6,1.09,0.0,0.0,0,1,10,0,1,0,0,0,1413
2018-10-15,17,19.3,49,2.8,966,8.3,0.55,0.0,0.0,0,1,10,0,1,0,0,0,1773
2018-10-15,18,18.0,66,2.3,554,11.5,0.1,0.0,0.0,0,1,10,0,1,0,0,0,2635
2018-10-15,19,16.9,74,1.8,366,12.2,0.0,0.0,0.0,0,1,10,0,1,0,0,0,1911
2018-10-15,20,15.9,81,2.8,250,12.6,0.0,0.0,0.0,0,1,10,0,1,0,0,0,1659
2018-10-15,21,15.5,86,1.3,178,13.1,0.0,0.0,0.0,0,1,10,0,1,0,0,0,1556
2018-10-15,22,14.8,83,1.5,227,11.9,0.0,0.0,0.0,0,1,10,0,1,0,0,0,1377
2018-10-15,23,14.1,74,1.5,486,9.5,0.0,0.0,0.0,0,1,10,0,1,0,0,0,914
2018-10-16,0,13.3,64,1.7,860,6.6,0.0,0.0,0.0,0,1,10,1,1,0,0,0,726
2018-10-16,1,12.4,65,1.1,1099,5.9,0.0,0.0,0.0,0,1,10,1,1,0,0,0,568
2018-10-16,2,11.7,70,1.0,1012,6.4,0.0,0.0,0.0,0,1,10,1,1,0,0,0,427
2018-10-16,3,11.5,61,1.4,1399,4.2,0.0,0.0,0.0,0,1,10,1,1,0,0,0,253
2018-10-16,4,11.0,69,0.6,1510,5.5,0.0,0.0,0.0,0,1,10,1,1,0,0,0,145
2018-10-16,5,10.2,70,1.5,1519,4.9,0.0,0.0,0.0,0,1,10,1,1,0,0,0,202
2018-10-16,6,10.1,71,0.2,1474,5.0,0.0,0.0,0.0,0,1,10,1,1,0,0,0,491
2018-10-16,7,10.2,68,0.4,1493,4.5,0.0,0.0,0.0,0,1,10,1,1,0,0,0,1216
2018-10-16,8,10.4,63,0.6,1367,3.6,0.19,0.0,0.0,0,1,10,1,1,0,0,0,2134
2018-10-16,9,11.8,55,0.7,1182,3.0,0.55,0.0,0.0,0,1,10,1,1,0,0,0,1177
2018-10-16,10,14.4,45,0.6,1206,2.6,1.28,0.0,0.0,0,1,10,1,1,0,0,0,854
2018-10-16,11,16.5,39,0.7,1351,2.4,1.68,0.0,0.0,0,1,10,1,1,0,0,0,914
2018-10-16,12,18.8,35,1.2,1057,2.9,2.06,0.0,0.0,0,1,10,1,1,0,0,0,1063
2018-10-16,13,19.4,31,2.0,1862,1.8,2.02,0.0,0.0,0,1,10,1,1,0,0,0,1108
2018-10-16,14,19.9,29,1.9,1833,1.3,2.09,0.0,0.0,0,1,10,1,1,0,0,0,1113
2018-10-16,15,19.9,31,2.0,1613,2.2,1.57,0.0,0.0,0,1,10,1,1,0,0,0,1203
2018-10-16,16,19.5,32,2.1,1436,2.3,1.1,0.0,0.0,0,1,10,1,1,0,0,0,1407
2018-10-16,17,18.4,38,1.8,1565,3.8,0.5,0.0,0.0,0,1,10,1,1,0,0,0,1811
2018-10-16,18,16.9,47,1.4,1637,5.5,0.11,0.0,0.0,0,1,10,1,1,0,0,0,2716
2018-10-16,19,15.5,63,1.7,1774,8.4,0.0,0.0,0.0,0,1,10,1,1,0,0,0,1867
2018-10-16,20,14.8,68,2.0,1502,8.9,0.0,0.0,0.0,0,1,10,1,1,0,0,0,1568
2018-10-16,21,14.3,72,1.0,1374,9.3,0.0,0.0,0.0,0,1,10,1,1,0,0,0,1618
2018-10-16,22,13.6,71,0.6,1457,8.4,0.0,0.0,0.0,0,1,10,1,1,0,0,0,1425
2018-10-16,23,12.9,78,0.6,1201,9.1,0.0,0.0,0.0,0,1,10,1,1,0,0,0,950
2018-10-17,0,12.3,75,1.2,1332,7.9,0.0,0.0,0.0,0,1,10,2,1,0,0,0,739
2018-10-17,1,11.5,74,1.2,1305,7.0,0.0,0.0,0.0,0,1,10,2,1,0,0,0,600
2018-10-17,2,10.8,77,0.3,1268,6.9,0.0,0.0,0.0,0,1,10,2,1,0,0,0,381
2018-10-17,3,10.2,80,0.3,1191,6.8,0.0,0.0,0.0,0,1,10,2,1,0,0,0,239
2018-10-17,4,9.7,76,0.0,1308,5.6,0.0,0.0,0.0,0,1,10,2,1,0,0,0,157
2018-10-17,5,9.2,77,0.0,1278,5.3,0.0,0.0,0.0,0,1,10,2,1,0,0,0,210
2018-10-17,6,8.8,77,0.2,1077,4.9,0.0,0.0,0.0,0,1,10,2,1,0,0,0,503
2018-10-17,7,8.6,77,0.7,965,4.7,0.0,0.0,0.0,0,1,10,2,1,0,0,0,1213
2018-10-17,8,9.2,68,0.2,952,3.5,0.28,0.0,0.0,0,1,10,2,1,0,0,0,2202
2018-10-17,9,11.2,63,1.1,656,4.4,0.88,0.0,0.0,0,1,10,2,1,0,0,0,1200
2018-10-17,10,14.0,58,1.6,841,5.8,1.53,0.0,0.0,0,1,10,2,1,0,0,0,842
2018-10-17,11,15.5,25,2.5,1727,-4.4,2.1,0.0,0.0,0,1,10,2,1,0,0,0,961
2018-10-17,12,16.2,29,2.5,1935,-1.8,2.45,0.0,0.0,0,1,10,2,1,0,0,0,1088
2018-10-17,13,17.7,25,2.1,1917,-2.6,2.48,0.0,0.0,0,1,10,2,1,0,0,0,1115
2018-10-17,14,18.3,24,1.7,1983,-2.6,2.4,0.0,0.0,0,1,10,2,1,0,0,0,1083
2018-10-17,15,18.3,21,2.7,2000,-4.4,2.02,0.0,0.0,0,1,10,2,1,0,0,0,1175
2018-10-17,16,18.0,26,2.1,2000,-1.8,1.45,0.0,0.0,0,1,10,2,1,0,0,0,1409
2018-10-17,17,16.9,34,2.5,2000,0.9,0.74,0.0,0.0,0,1,10,2,1,0,0,0,1896
2018-10-17,18,14.6,39,2.3,2000,0.7,0.11,0.0,0.0,0,1,10,2,1,0,0,0,2445
2018-10-17,19,13.2,42,1.3,2000,0.5,0.0,0.0,0.0,0,1,10,2,1,0,0,0,1819
2018-10-17,20,12.2,47,1.1,2000,1.2,0.0,0.0,0.0,0,1,10,2,1,0,0,0,1558
2018-10-17,21,10.8,53,0.9,2000,1.5,0.0,0.0,0.0,0,1,10,2,1,0,0,0,1493
2018-10-17,22,9.9,50,0.1,2000,0.0,0.0,0.0,0.0,0,1,10,2,1,0,0,0,1278
2018-10-17,23,9.7,56,0.7,2000,1.3,0.0,0.0,0.0,0,1,10,2,1,0,0,0,896
2018-10-18,0,9.2,64,0.7,2000,2.7,0.0,0.0,0.0,0,1,10,3,1,0,0,0,694
2018-10-18,1,9.0,66,0.7,2000,2.9,0.0,0.0,0.0,0,1,10,3,1,0,0,0,579
2018-10-18,2,8.7,71,0.8,2000,3.7,0.0,0.0,0.0,0,1,10,3,1,0,0,0,385
2018-10-18,3,8.6,74,0.6,1985,4.2,0.0,0.0,0.0,0,1,10,3,1,0,0,0,244
2018-10-18,4,8.1,78,0.6,2000,4.4,0.0,0.0,0.0,0,1,10,3,1,0,0,0,165
2018-10-18,5,7.8,81,1.1,2000,4.7,0.0,0.0,0.0,0,1,10,3,1,0,0,0,185
2018-10-18,6,7.6,82,0.3,1933,4.7,0.0,0.0,0.0,0,1,10,3,1,0,0,0,458
2018-10-18,7,7.7,81,0.4,1992,4.6,0.0,0.0,0.0,0,1,10,3,1,0,0,0,1191
2018-10-18,8,8.5,77,0.5,1995,4.6,0.21,0.0,0.0,0,1,10,3,1,0,0,0,2154
2018-10-18,9,10.9,60,0.9,1997,3.4,0.93,0.0,0.0,0,1,10,3,1,0,0,0,1165
2018-10-18,10,13.7,57,1.2,2000,5.3,1.33,0.0,0.0,0,1,10,3,1,0,0,0,864
2018-10-18,11,15.0,52,1.4,2000,5.2,1.5,0.0,0.0,0,1,10,3,1,0,0,0,917
2018-10-18,12,16.8,50,1.6,2000,6.3,1.94,0.0,0.0,0,1,10,3,1,0,0,0,1132
2018-10-18,13,18.1,43,2.2,2000,5.3,2.3,0.0,0.0,0,1,10,3,1,0,0,0,1152
2018-10-18,14,18.7,39,1.3,2000,4.4,1.66,0.0,0.0,0,1,10,3,1,0,0,0,1122
2018-10-18,15,19.0,38,1.9,2000,4.3,1.72,0.0,0.0,0,1,10,3,1,0,0,0,1203
2018-10-18,16,18.5,40,1.8,2000,4.6,1.28,0.0,0.0,0,1,10,3,1,0,0,0,1473
2018-10-18,17,16.9,44,1.6,2000,4.5,0.44,0.0,0.0,0,1,10,3,1,0,0,0,1804
2018-10-18,18,15.7,45,2.5,2000,3.7,0.06,0.0,0.0,0,1,10,3,1,0,0,0,2499
2018-10-18,19,14.9,49,2.1,2000,4.2,0.0,0.0,0.0,0,1,10,3,1,0,0,0,1878
2018-10-18,20,13.8,56,1.9,2000,5.1,0.0,0.0,0.0,0,1,10,3,1,0,0,0,1528
2018-10-18,21,12.6,60,0.5,2000,5.0,0.0,0.0,0.0,0,1,10,3,1,0,0,0,1466
2018-10-18,22,11.6,61,0.2,2000,4.3,0.0,0.0,0.0,0,1,10,3,1,0,0,0,1302
2018-10-18,23,10.9,64,0.2,2000,4.3,0.0,0.0,0.0,0,1,10,3,1,0,0,0,944
2018-10-19,0,10.3,67,1.5,2000,4.4,0.0,0.0,0.0,0,1,10,4,1,0,0,0,783
2018-10-19,1,9.8,68,1.7,2000,4.1,0.0,0.0,0.0,0,1,10,4,1,0,0,0,653
2018-10-19,2,9.2,72,1.5,2000,4.4,0.0,0.0,0.0,0,1,10,4,1,0,0,0,433
2018-10-19,3,8.5,74,1.3,2000,4.1,0.0,0.0,0.0,0,1,10,4,1,0,0,0,262
2018-10-19,4,8.1,76,0.3,2000,4.1,0.0,0.0,0.0,0,1,10,4,1,0,0,0,184
2018-10-19,5,7.7,73,0.0,2000,3.1,0.0,0.0,0.0,0,1,10,4,1,0,0,0,162
2018-10-19,6,7.2,77,0.5,2000,3.4,0.0,0.0,0.0,0,1,10,4,1,0,0,0,491
2018-10-19,7,7.3,72,0.4,2000,2.5,0.0,0.0,0.0,0,1,10,4,1,0,0,0,1188
2018-10-19,8,7.9,63,0.6,2000,1.2,0.3,0.0,0.0,0,1,10,4,1,0,0,0,2113
2018-10-19,9,11.1,53,1.0,2000,1.8,1.05,0.0,0.0,0,1,10,4,1,0,0,0,1191
2018-10-19,10,13.8,44,1.5,1953,1.7,1.66,0.0,0.0,0,1,10,4,1,0,0,0,850
2018-10-19,11,16.4,35,1.1,2000,0.8,2.13,0.0,0.0,0,1,10,4,1,0,0,0,981
2018-10-19,12,17.4,33,1.1,2000,0.9,2.39,0.0,0.0,0,1,10,4,1,0,0,0,1161
2018-10-19,13,18.9,33,1.8,2000,2.2,2.43,0.0,0.0,0,1,10,4,1,0,0,0,1190
2018-10-19,14,19.8,32,2.3,1978,2.6,2.25,0.0,0.0,0,1,10,4,1,0,0,0,1221
2018-10-19,15,19.7,30,3.0,1971,1.6,1.89,0.0,0.0,0,1,10,4,1,0,0,0,1390
2018-10-19,16,19.3,29,2.8,2000,0.7,1.34,0.0,0.0,0,1,10,4,1,0,0,0,1527
2018-10-19,17,18.5,35,2.2,2000,2.7,0.68,0.0,0.0,0,1,10,4,1,0,0,0,1939
2018-10-19,18,16.6,40,2.4,2000,2.9,0.11,0.0,0.0,0,1,10,4,1,0,0,0,2631
2018-10-19,19,15.3,53,2.4,2000,5.7,0.0,0.0,0.0,0,1,10,4,1,0,0,0,1769
2018-10-19,20,14.2,56,1.8,2000,5.5,0.0,0.0,0.0,0,1,10,4,1,0,0,0,1512
2018-10-19,21,13.3,56,1.1,2000,4.6,0.0,0.0,0.0,0,1,10,4,1,0,0,0,1457
2018-10-19,22,12.3,65,1.7,2000,5.8,0.0,0.0,0.0,0,1,10,4,1,0,0,0,1331
2018-10-19,23,11.7,70,1.7,2000,6.4,0.0,0.0,0.0,0,1,10,4,1,0,0,0,1018
2018-10-20,0,11.3,71,1.2,1997,6.2,0.0,0.0,0.0,0,1,10,5,1,0,0,0,891
2018-10-20,1,10.9,72,0.0,1966,6.0,0.0,0.0,0.0,0,1,10,5,1,0,0,0,774
2018-10-20,2,10.1,78,0.1,1887,6.4,0.0,0.0,0.0,0,1,10,5,1,0,0,0,522
2018-10-20,3,9.5,77,0.4,1611,5.6,0.0,0.0,0.0,0,1,10,5,1,0,0,0,386
2018-10-20,4,8.9,75,0.4,1877,4.7,0.0,0.0,0.0,0,1,10,5,1,0,0,0,246
2018-10-20,5,8.1,76,0.6,1309,4.1,0.0,0.0,0.0,0,1,10,5,1,0,0,0,154
2018-10-20,6,7.5,79,0.6,1025,4.0,0.0,0.0,0.0,0,1,10,5,1,0,0,0,219
2018-10-20,7,7.0,82,0.5,867,4.1,0.0,0.0,0.0,0,1,10,5,1,0,0,0,427
2018-10-20,8,7.8,70,1.4,1034,2.6,0.29,0.0,0.0,0,1,10,5,1,0,0,0,784
2018-10-20,9,10.4,60,1.3,1326,2.9,0.99,0.0,0.0,0,1,10,5,1,0,0,0,921
2018-10-20,10,13.0,49,0.5,1685,2.5,1.61,0.0,0.0,0,1,10,5,1,0,0,0,997
2018-10-20,11,16.2,39,1.6,1580,2.2,2.05,0.0,0.0,0,1,10,5,1,0,0,0,1175
2018-10-20,12,17.7,33,2.2,1556,1.2,2.37,0.0,0.0,0,1,10,5,1,0,0,0,1407
2018-10-20,13,19.4,26,1.1,1942,-0.6,2.45,0.0,0.0,0,1,10,5,1,0,0,0,1585
2018-10-20,14,20.0,22,1.6,1950,-2.3,2.29,0.0,0.0,0,1,10,5,1,0,0,0,1649
2018-10-20,15,21.3,24,1.5,1832,-0.1,1.91,0.0,0.0,0,1,10,5,1,0,0,0,1760
2018-10-20,16,20.9,20,2.0,1976,-2.9,1.35,0.0,0.0,0,1,10,5,1,0,0,0,1813
2018-10-20,17,19.2,23,1.5,2000,-2.4,0.62,0.0,0.0,0,1,10,5,1,0,0,0,1949
2018-10-20,18,16.6,41,2.4,1811,3.2,0.04,0.0,0.0,0,1,10,5,1,0,0,0,1707
2018-10-20,19,14.6,48,1.9,1998,3.6,0.0,0.0,0.0,0,1,10,5,1,0,0,0,1407
2018-10-20,20,13.7,51,1.0,1954,3.7,0.0,0.0,0.0,0,1,10,5,1,0,0,0,1270
2018-10-20,21,13.3,55,2.0,1554,4.4,0.0,0.0,0.0,0,1,10,5,1,0,0,0,1249
2018-10-20,22,12.7,58,0.0,1480,4.6,0.0,0.0,0.0,0,1,10,5,1,0,0,0,1141
2018-10-20,23,11.7,58,0.0,1567,3.6,0.0,0.0,0.0,0,1,10,5,1,0,0,0,922
2018-10-21,0,11.2,62,0.0,1613,4.1,0.0,0.0,0.0,0,1,10,6,1,0,0,0,848
2018-10-21,1,10.6,60,0.5,1642,3.1,0.0,0.0,0.0,0,1,10,6,1,0,0,0,622
2018-10-21,2,9.8,63,0.6,1591,3.0,0.0,0.0,0.0,0,1,10,6,1,0,0,0,428
2018-10-21,3,9.2,68,0.4,1538,3.5,0.0,0.0,0.0,0,1,10,6,1,0,0,0,342
2018-10-21,4,8.8,71,0.9,1516,3.8,0.0,0.0,0.0,0,1,10,6,1,0,0,0,206
2018-10-21,5,8.2,73,1.3,1305,3.6,0.0,0.0,0.0,0,1,10,6,1,0,0,0,146
2018-10-21,6,7.6,75,0.6,1181,3.4,0.0,0.0,0.0,0,1,10,6,1,0,0,0,172
2018-10-21,7,7.2,76,0.5,1113,3.2,0.0,0.0,0.0,0,1,10,6,1,0,0,0,315
2018-10-21,8,7.9,67,1.1,1210,2.1,0.28,0.0,0.0,0,1,10,6,1,0,0,0,534
2018-10-21,9,10.5,56,1.2,1741,2.0,0.98,0.0,0.0,0,1,10,6,1,0,0,0,679
2018-10-21,10,13.4,46,0.8,1718,1.9,1.61,0.0,0.0,0,1,10,6,1,0,0,0,936
2018-10-21,11,16.8,38,1.5,1326,2.3,2.07,0.0,0.0,0,1,10,6,1,0,0,0,1055
2018-10-21,12,18.4,28,1.9,1690,-0.4,2.33,0.0,0.0,0,1,10,6,1,0,0,0,1417
2018-10-21,13,19.3,24,1.5,1745,-1.8,2.4,0.0,0.0,0,1,10,6,1,0,0,0,1519
2018-10-21,14,20.1,23,2.3,1896,-1.7,2.23,0.0,0.0,0,1,10,6,1,0,0,0,1642
2018-10-21,15,20.9,23,1.5,1892,-1.0,1.87,0.0,0.0,0,1,10,6,1,0,0,0,1891
2018-10-21,16,20.2,24,2.5,1881,-1.0,1.31,0.0,0.0,0,1,10,6,1,0,0,0,1976
2018-10-21,17,18.8,24,2.1,2000,-2.2,0.63,0.0,0.0,0,1,10,6,1,0,0,0,1883
2018-10-21,18,16.2,41,1.4,1907,2.9,0.06,0.0,0.0,0,1,10,6,1,0,0,0,1618
2018-10-21,19,14.9,46,1.4,1455,3.3,0.0,0.0,0.0,0,1,10,6,1,0,0,0,1464
2018-10-21,20,13.8,52,1.6,1341,4.0,0.0,0.0,0.0,0,1,10,6,1,0,0,0,1306
2018-10-21,21,13.0,49,1.0,1702,2.5,0.0,0.0,0.0,0,1,10,6,1,0,0,0,1158
2018-10-21,22,12.2,57,0.0,1544,3.9,0.0,0.0,0.0,0,1,10,6,1,0,0,0,1025
2018-10-21,23,11.8,56,0.0,1655,3.2,0.0,0.0,0.0,0,1,10,6,1,0,0,0,724
2018-10-22,0,11.4,56,0.2,1778,2.9,0.0,0.0,0.0,0,1,10,0,1,0,0,0,623
2018-10-22,1,10.7,57,0.9,1828,2.5,0.0,0.0,0.0,0,1,10,0,1,0,0,0,372
2018-10-22,2,10.5,57,0.2,1837,2.3,0.0,0.0,0.0,0,1,10,0,1,0,0,0,253
2018-10-22,3,10.2,60,1.0,1796,2.7,0.0,0.0,0.0,0,1,10,0,1,0,0,0,175
2018-10-22,4,10.0,62,0.6,1759,3.0,0.0,0.0,0.0,0,1,10,0,1,0,0,0,110
2018-10-22,5,9.4,65,0.8,1659,3.1,0.0,0.0,0.0,0,1,10,0,1,0,0,0,202
2018-10-22,6,9.2,65,0.8,1689,2.9,0.0,0.0,0.0,0,1,10,0,1,0,0,0,513
2018-10-22,7,8.9,67,0.8,1557,3.0,0.0,0.0,0.0,0,1,10,0,1,0,0,0,1244
2018-10-22,8,9.7,58,0.6,1559,1.8,0.22,0.0,0.0,0,1,10,0,1,0,0,0,2111
2018-10-22,9,11.9,50,1.1,1529,1.7,0.75,0.0,0.0,0,1,10,0,1,0,0,0,1104
2018-10-22,10,14.6,43,0.7,1339,2.1,1.35,0.0,0.0,0,1,10,0,1,0,0,0,817
2018-10-22,11,16.7,37,0.7,1074,1.9,1.74,0.0,0.0,0,1,10,0,1,0,0,0,941
2018-10-22,12,18.2,34,1.0,758,2.0,2.03,0.0,0.0,0,1,10,0,1,0,0,0,1034
2018-10-22,13,19.4,35,1.2,678,3.5,1.73,0.0,0.0,0,1,10,0,1,0,0,0,1064
2018-10-22,14,20.6,30,2.2,839,2.3,1.69,0.0,0.0,0,1,10,0,1,0,0,0,1122
2018-10-22,15,20.2,31,1.6,855,2.5,1.25,0.0,0.0,0,1,10,0,1,0,0,0,1167
2018-10-22,16,19.7,34,1.6,688,3.3,0.88,0.0,0.0,0,1,10,0,1,0,0,0,1464
2018-10-22,17,18.9,35,1.7,720,3.0,0.41,0.0,0.0,0,1,10,0,1,0,0,0,1904
2018-10-22,18,17.3,43,0.9,783,4.5,0.08,0.0,0.0,0,1,10,0,1,0,0,0,2613
2018-10-22,19,15.6,44,1.5,828,3.3,0.0,0.0,0.0,0,1,10,0,1,0,0,0,1860
2018-10-22,20,14.5,51,1.4,751,4.4,0.0,0.0,0.0,0,1,10,0,1,0,0,0,1593
2018-10-22,21,13.4,56,0.7,758,4.7,0.0,0.0,0.0,0,1,10,0,1,0,0,0,1513
2018-10-22,22,12.7,60,0.0,680,5.1,0.0,0.0,0.0,0,1,10,0,1,0,0,0,1360
2018-10-22,23,12.0,59,0.4,685,4.2,0.0,0.0,0.0,0,1,10,0,1,0,0,0,916
2018-10-23,0,11.6,61,0.7,673,4.3,0.0,0.0,0.0,0,1,10,1,1,0,0,0,726
2018-10-23,1,11.1,62,0.2,666,4.0,0.0,0.0,0.0,0,1,10,1,1,0,0,0,547
2018-10-23,2,10.6,68,0.9,603,4.9,0.0,0.0,0.0,0,1,10,1,1,0,0,0,356
2018-10-23,3,10.1,70,1.1,606,4.8,0.0,0.0,0.0,0,1,10,1,1,0,0,0,243
2018-10-23,4,10.0,73,0.9,622,5.3,0.0,0.0,0.0,0,1,10,1,1,0,0,0,170
2018-10-23,5,10.0,73,0.5,593,5.3,0.0,0.0,0.0,0,1,10,1,1,0,0,0,193
2018-10-23,6,9.9,75,1.0,560,5.6,0.0,0.0,0.0,0,1,10,1,1,0,0,0,456
2018-10-23,7,10.4,71,0.6,557,5.3,0.0,0.0,0.0,0,1,10,1,1,0,0,0,839
2018-10-23,8,11.0,78,0.8,412,7.3,0.03,0.0,0.0,0,1,10,1,1,0,0,0,1423
2018-10-23,9,11.7,77,0.8,394,7.7,0.25,0.0,0.0,0,1,10,1,1,0,0,0,1026
2018-10-23,10,13.8,65,1.1,475,7.3,1.06,0.0,0.0,0,1,10,1,1,0,0,0,735
2018-10-23,11,13.0,70,5.0,989,7.6,0.5,0.0,0.0,0,1,10,1,1,0,0,0,81
2018-10-23,12,11.5,90,1.2,973,9.9,0.06,5.0,0.0,0,1,10,1,1,0,0,0,363
2018-10-23,13,13.5,82,0.8,962,10.4,1.33,0.0,0.0,0,1,10,1,1,0,0,0,652
2018-10-23,14,15.1,71,0.9,973,9.8,1.62,0.0,0.0,0,1,10,1,1,0,0,0,837
2018-10-23,15,16.6,68,1.5,955,10.6,1.55,0.0,0.0,0,1,10,1,1,0,0,0,1010
2018-10-23,16,16.1,70,1.3,898,10.6,0.83,0.0,0.0,0,1,10,1,1,0,0,0,1294
2018-10-23,17,15.7,63,3.2,1118,8.6,0.39,0.0,0.0,0,1,10,1,1,0,0,0,1604
2018-10-23,18,14.5,71,2.1,1235,9.2,0.06,0.0,0.0,0,1,10,1,1,0,0,0,2415
2018-10-23,19,14.0,70,1.6,1265,8.6,0.0,0.0,0.0,0,1,10,1,1,0,0,0,1685
2018-10-23,20,13.6,70,1.4,1392,8.2,0.0,0.0,0.0,0,1,10,1,1,0,0,0,1433
2018-10-23,21,12.6,70,1.2,1425,7.2,0.0,0.0,0.0,0,1,10,1,1,0,0,0,1380
2018-10-23,22,12.3,73,0.9,1392,7.5,0.0,0.0,0.0,0,1,10,1,1,0,0,0,1257
2018-10-23,23,11.2,78,0.5,802,7.4,0.0,0.0,0.0,0,1,10,1,1,0,0,0,876
2018-10-24,0,10.8,80,1.0,1151,7.4,0.0,0.0,0.0,0,1,10,2,1,0,0,0,708
2018-10-24,1,10.2,84,1.2,1036,7.6,0.0,0.0,0.0,0,1,10,2,1,0,0,0,573
2018-10-24,2,9.5,87,1.0,919,7.4,0.0,0.0,0.0,0,1,10,2,1,0,0,0,371
2018-10-24,3,9.4,85,1.6,983,6.9,0.0,0.0,0.0,0,1,10,2,1,0,0,0,249
2018-10-24,4,9.0,87,0.6,972,6.9,0.0,0.0,0.0,0,1,10,2,1,0,0,0,162
2018-10-24,5,8.5,87,1.2,1046,6.4,0.0,0.0,0.0,0,1,10,2,1,0,0,0,164
2018-10-24,6,8.1,88,0.9,831,6.2,0.0,0.0,0.0,0,1,10,2,1,0,0,0,453
2018-10-24,7,7.8,90,0.6,763,6.2,0.0,0.0,0.0,0,1,10,2,1,0,0,0,1165
2018-10-24,8,8.1,85,1.2,772,5.7,0.26,0.0,0.0,0,1,10,2,1,0,0,0,2108
2018-10-24,9,10.1,72,1.1,728,5.2,0.9,0.0,0.0,0,1,10,2,1,0,0,0,1151
2018-10-24,10,13.0,63,0.9,854,6.1,1.5,0.0,0.0,0,1,10,2,1,0,0,0,811
2018-10-24,11,15.7,53,1.0,1172,6.1,1.99,0.0,0.0,0,1,10,2,1,0,0,0,940
2018-10-24,12,16.8,48,1.6,1673,5.7,2.1,0.0,0.0,0,1,10,2,1,0,0,0,1126
2018-10-24,13,17.2,43,2.3,1835,4.4,1.68,0.0,0.0,0,1,10,2,1,0,0,0,1106
2018-10-24,14,17.6,39,2.5,1964,3.4,1.63,0.0,0.0,0,1,10,2,1,0,0,0,1150
2018-10-24,15,18.0,40,3.0,1808,4.1,1.71,0.0,0.0,0,1,10,2,1,0,0,0,1161
2018-10-24,16,18.2,42,1.3,1976,5.0,1.22,0.0,0.0,0,1,10,2,1,0,0,0,1492
2018-10-24,17,17.0,47,2.2,1989,5.5,0.59,0.0,0.0,0,1,10,2,1,0,0,0,1904
2018-10-24,18,15.1,53,1.7,2000,5.5,0.06,0.0,0.0,0,1,10,2,1,0,0,0,2612
2018-10-24,19,13.9,61,1.9,2000,6.4,0.0,0.0,0.0,0,1,10,2,1,0,0,0,1827
2018-10-24,20,13.1,63,0.4,2000,6.2,0.0,0.0,0.0,0,1,10,2,1,0,0,0,1556
2018-10-24,21,12.1,67,1.0,1977,6.1,0.0,0.0,0.0,0,1,10,2,1,0,0,0,1464
2018-10-24,22,11.6,71,0.2,1858,6.5,0.0,0.0,0.0,0,1,10,2,1,0,0,0,1281
2018-10-24,23,11.0,74,0.1,1817,6.5,0.0,0.0,0.0,0,1,10,2,1,0,0,0,884
2018-10-25,0,10.5,75,0.3,1800,6.2,0.0,0.0,0.0,0,1,10,3,1,0,0,0,729
2018-10-25,1,10.0,78,0.4,1669,6.3,0.0,0.0,0.0,0,1,10,3,1,0,0,0,572
2018-10-25,2,9.1,79,0.5,1625,5.6,0.0,0.0,0.0,0,1,10,3,1,0,0,0,421
2018-10-25,3,9.1,79,0.2,1689,5.6,0.0,0.0,0.0,0,1,10,3,1,0,0,0,266
2018-10-25,4,8.5,83,1.2,1577,5.7,0.0,0.0,0.0,0,1,10,3,1,0,0,0,161
2018-10-25,5,7.8,85,0.9,1542,5.4,0.0,0.0,0.0,0,1,10,3,1,0,0,0,193
2018-10-25,6,7.5,86,1.3,1301,5.3,0.0,0.0,0.0,0,1,10,3,1,0,0,0,450
2018-10-25,7,7.3,85,1.4,1039,4.9,0.0,0.0,0.0,0,1,10,3,1,0,0,0,1251
2018-10-25,8,7.9,76,1.2,1290,3.9,0.25,0.0,0.0,0,1,10,3,1,0,0,0,2070
2018-10-25,9,10.3,64,1.0,1544,3.7,0.91,0.0,0.0,0,1,10,3,1,0,0,0,1168
2018-10-25,10,13.4,53,1.1,1768,4.0,1.53,0.0,0.0,0,1,10,3,1,0,0,0,779
2018-10-25,11,16.4,43,0.7,1713,3.7,1.96,0.0,0.0,0,1,10,3,1,0,0,0,956
2018-10-25,12,18.2,37,1.4,1861,3.2,2.25,0.0,0.0,0,1,10,3,1,0,0,0,1188
2018-10-25,13,19.4,32,1.1,1787,2.2,2.31,0.0,0.0,0,1,10,3,1,0,0,0,1154
2018-10-25,14,20.6,31,1.4,1562,2.8,1.7,0.0,0.0,0,1,10,3,1,0,0,0,1192
2018-10-25,15,20.6,32,1.4,1651,3.3,1.4,0.0,0.0,0,1,10,3,1,0,0,0,1275
2018-10-25,16,20.4,32,0.9,1720,3.1,0.84,0.0,0.0,0,1,10,3,1,0,0,0,1528
2018-10-25,17,19.2,36,0.7,1643,3.7,0.38,0.0,0.0,0,1,10,3,1,0,0,0,1961
2018-10-25,18,17.3,39,1.3,1641,3.1,0.03,0.0,0.0,0,1,10,3,1,0,0,0,2632
2018-10-25,19,16.4,47,1.0,1694,5.0,0.0,0.0,0.0,0,1,10,3,1,0,0,0,1968
2018-10-25,20,15.3,50,0.5,1647,4.9,0.0,0.0,0.0,0,1,10,3,1,0,0,0,1596
2018-10-25,21,14.5,50,0.7,1741,4.1,0.0,0.0,0.0,0,1,10,3,1,0,0,0,1513
2018-10-25,22,13.6,56,1.0,1611,4.9,0.0,0.0,0.0,0,1,10,3,1,0,0,0,1316
2018-10-25,23,12.5,59,0.8,1602,4.6,0.0,0.0,0.0,0,1,10,3,1,0,0,0,919
2018-10-26,0,12.5,57,0.9,1877,4.1,0.0,0.0,0.0,0,1,10,4,1,0,0,0,753
2018-10-26,1,12.7,56,1.2,1952,4.1,0.0,0.0,0.0,0,1,10,4,1,0,0,0,629
2018-10-26,2,12.8,59,0.9,1804,4.9,0.0,0.0,0.0,0,1,10,4,1,0,0,0,434
2018-10-26,3,12.8,57,0.5,1715,4.4,0.0,0.0,0.0,0,1,10,4,1,0,0,0,327
2018-10-26,4,12.6,60,0.6,1648,5.0,0.0,0.0,0.0,0,1,10,4,1,0,0,0,185
2018-10-26,5,12.4,60,0.8,1563,4.8,0.0,0.0,0.0,0,1,10,4,1,0,0,0,178
2018-10-26,6,12.6,64,1.3,1348,5.9,0.0,0.0,0.0,0,1,10,4,1,0,0,0,376
2018-10-26,7,12.6,63,0.8,1265,5.7,0.0,0.0,0.0,0,1,10,4,1,0,0,0,556
2018-10-26,8,12.1,81,0.8,706,8.9,0.0,0.5,0.0,0,1,10,4,1,0,0,0,556
2018-10-26,9,12.0,86,0.8,405,9.7,0.07,0.5,0.0,0,1,10,4,1,0,0,0,144
2018-10-26,10,12.9,84,1.0,534,10.2,0.27,0.0,0.0,0,1,10,4,1,0,0,0,191
2018-10-26,11,12.4,87,1.0,317,10.2,0.24,1.0,0.0,0,1,10,4,1,0,0,0,54
2018-10-26,12,12.4,90,1.1,297,10.7,0.19,1.0,0.0,0,1,10,4,1,0,0,0,29
2018-10-26,13,12.6,87,2.3,539,10.4,0.13,1.5,0.0,0,1,10,4,1,0,0,0,18
2018-10-26,14,12.7,95,1.9,255,11.9,0.09,5.5,0.0,0,1,10,4,1,0,0,0,147
2018-10-26,15,14.0,87,1.2,1482,11.8,0.68,1.0,0.0,0,1,10,4,1,0,0,0,576
2018-10-26,16,14.5,81,1.8,1588,11.2,0.78,0.0,0.0,0,1,10,4,1,0,0,0,900
2018-10-26,17,14.3,77,2.9,1966,10.3,0.5,0.0,0.0,0,1,10,4,1,0,0,0,1386
2018-10-26,18,13.1,74,1.6,1989,8.5,0.05,0.0,0.0,0,1,10,4,1,0,0,0,1882
2018-10-26,19,12.9,66,2.5,1997,6.6,0.0,0.0,0.0,0,1,10,4,1,0,0,0,1228
2018-10-26,20,12.2,67,5.4,1956,6.2,0.0,0.0,0.0,0,1,10,4,1,0,0,0,1003
2018-10-26,21,10.6,70,2.4,2000,5.3,0.0,0.0,0.0,0,1,10,4,1,0,0,0,542
2018-10-26,22,10.5,72,2.4,2000,5.6,0.0,0.0,0.0,0,1,10,4,1,0,0,0,680
2018-10-26,23,10.2,64,3.9,2000,3.6,0.0,0.0,0.0,0,1,10,4,1,0,0,0,603
2018-10-27,0,9.9,65,3.2,2000,3.6,0.0,0.0,0.0,0,1,10,5,1,0,0,0,640
2018-10-27,1,9.9,62,3.5,2000,2.9,0.0,0.0,0.0,0,1,10,5,1,0,0,0,585
2018-10-27,2,9.5,58,3.0,2000,1.6,0.0,0.0,0.0,0,1,10,5,1,0,0,0,478
2018-10-27,3,9.1,60,2.8,2000,1.7,0.0,0.0,0.0,0,1,10,5,1,0,0,0,346
2018-10-27,4,8.8,61,2.8,2000,1.6,0.0,0.0,0.0,0,1,10,5,1,0,0,0,233
2018-10-27,5,8.0,65,1.6,2000,1.8,0.0,0.0,0.0,0,1,10,5,1,0,0,0,146
2018-10-27,6,7.4,66,2.3,2000,1.4,0.0,0.0,0.0,0,1,10,5,1,0,0,0,197
2018-10-27,7,7.3,65,3.2,2000,1.1,0.0,0.0,0.0,0,1,10,5,1,0,0,0,388
2018-10-27,8,7.7,62,2.4,1985,0.8,0.23,0.0,0.0,0,1,10,5,1,0,0,0,713
2018-10-27,9,8.3,55,4.0,1853,-0.2,0.89,0.0,0.0,0,1,10,5,1,0,0,0,785
2018-10-27,10,9.5,46,3.7,1871,-1.5,1.49,0.0,0.0,0,1,10,5,1,0,0,0,898
2018-10-27,11,10.4,42,4.1,1988,-1.9,2.01,0.0,0.0,0,1,10,5,1,0,0,0,996
2018-10-27,12,10.4,41,4.9,1966,-2.3,1.33,0.0,0.0,0,1,10,5,1,0,0,0,1076
2018-10-27,13,10.6,38,4.6,2000,-3.1,1.63,0.0,0.0,0,1,10,5,1,0,0,0,1118
2018-10-27,14,10.8,37,4.4,2000,-3.3,1.29,0.0,0.0,0,1,10,5,1,0,0,0,1183
2018-10-27,15,11.4,32,3.8,2000,-4.7,1.21,0.0,0.0,0,1,10,5,1,0,0,0,1254
2018-10-27,16,10.6,35,3.3,2000,-4.2,1.02,0.0,0.0,0,1,10,5,1,0,0,0,1308
2018-10-27,17,9.5,34,5.7,2000,-5.6,0.45,0.0,0.0,0,1,10,5,1,0,0,0,1176
2018-10-27,18,8.9,39,3.5,2000,-4.3,0.05,0.0,0.0,0,1,10,5,1,0,0,0,1054
2018-10-27,19,8.0,42,2.9,2000,-4.1,0.0,0.0,0.0,0,1,10,5,1,0,0,0,864
2018-10-27,20,7.6,44,4.2,2000,-3.8,0.0,0.0,0.0,0,1,10,5,1,0,0,0,775
2018-10-27,21,7.3,49,3.4,2000,-2.7,0.0,0.0,0.0,0,1,10,5,1,0,0,0,775
2018-10-27,22,6.6,51,1.8,2000,-2.8,0.0,0.0,0.0,0,1,10,5,1,0,0,0,752
2018-10-27,23,6.3,52,1.8,2000,-2.8,0.0,0.0,0.0,0,1,10,5,1,0,0,0,658
2018-10-28,0,6.7,55,1.5,2000,-1.7,0.0,0.0,0.0,0,1,10,6,1,0,0,0,699
2018-10-28,1,6.9,55,1.8,2000,-1.5,0.0,0.0,0.0,0,1,10,6,1,0,0,0,531
2018-10-28,2,6.6,59,0.4,2000,-0.8,0.0,0.0,0.0,0,1,10,6,1,0,0,0,450
2018-10-28,3,6.2,59,0.6,2000,-1.2,0.0,0.0,0.0,0,1,10,6,1,0,0,0,299
2018-10-28,4,6.8,65,1.1,2000,0.6,0.0,0.0,0.0,0,1,10,6,1,0,0,0,148
2018-10-28,5,7.2,68,2.5,1740,1.6,0.0,0.0,0.0,0,1,10,6,1,0,0,0,27
2018-10-28,6,6.9,86,1.7,1988,4.7,0.0,1.5,0.0,0,1,10,6,1,0,0,0,55
2018-10-28,7,6.9,88,0.9,1991,5.0,0.0,0.0,0.0,0,1,10,6,1,0,0,0,134
2018-10-28,8,6.8,89,1.4,1856,5.1,0.05,0.0,0.0,0,1,10,6,1,0,0,0,74
2018-10-28,9,7.3,90,1.1,1889,5.7,0.12,2.5,0.0,0,1,10,6,1,0,0,0,195
2018-10-28,10,8.2,89,0.4,1365,6.4,0.39,0.0,0.0,0,1,10,6,1,0,0,0,330
2018-10-28,11,9.4,86,1.2,1220,7.1,0.75,0.0,0.0,0,1,10,6,1,0,0,0,544
2018-10-28,12,11.9,74,1.6,1801,7.4,1.84,0.0,0.0,0,1,10,6,1,0,0,0,630
2018-10-28,13,12.1,75,1.2,1775,7.7,0.99,0.0,0.0,0,1,10,6,1,0,0,0,916
2018-10-28,14,12.4,72,1.9,1860,7.4,1.06,0.0,0.0,0,1,10,6,1,0,0,0,962
2018-10-28,15,12.2,67,3.3,2000,6.2,0.86,0.0,0.0,0,1,10,6,1,0,0,0,948
2018-10-28,16,12.2,65,1.9,2000,5.8,0.52,0.0,0.0,0,1,10,6,1,0,0,0,385
2018-10-28,17,9.4,85,1.2,2000,6.9,0.07,1.5,0.0,0,1,10,6,1,0,0,0,535
2018-10-28,18,8.9,85,1.8,2000,6.5,0.01,0.0,0.0,0,1,10,6,1,0,0,0,651
2018-10-28,19,8.4,85,1.2,2000,6.0,0.0,0.0,0.0,0,1,10,6,1,0,0,0,645
2018-10-28,20,8.2,82,2.8,2000,5.3,0.0,0.0,0.0,0,1,10,6,1,0,0,0,624
2018-10-28,21,7.6,75,1.1,2000,3.4,0.0,0.0,0.0,0,1,10,6,1,0,0,0,670
2018-10-28,22,6.7,76,0.6,2000,2.7,0.0,0.0,0.0,0,1,10,6,1,0,0,0,625
2018-10-28,23,6.0,74,1.1,2000,1.7,0.0,0.0,0.0,0,1,10,6,1,0,0,0,512
2018-10-29,0,5.3,81,1.7,1993,2.2,0.0,0.0,0.0,0,1,10,0,1,0,0,0,434
2018-10-29,1,5.1,83,1.1,1989,2.4,0.0,0.0,0.0,0,1,10,0,1,0,0,0,326
2018-10-29,2,4.7,81,1.0,1918,1.7,0.0,0.0,0.0,0,1,10,0,1,0,0,0,184
2018-10-29,3,5.0,67,0.8,2000,-0.6,0.0,0.0,0.0,0,1,10,0,1,0,0,0,123
2018-10-29,4,5.6,66,0.7,2000,-0.2,0.0,0.0,0.0,0,1,10,0,1,0,0,0,117
2018-10-29,5,5.1,76,0.7,2000,1.2,0.0,0.0,0.0,0,1,10,0,1,0,0,0,161
2018-10-29,6,4.7,76,0.6,2000,0.8,0.0,0.0,0.0,0,1,10,0,1,0,0,0,436
2018-10-29,7,4.6,76,0.7,2000,0.7,0.0,0.0,0.0,0,1,10,0,1,0,0,0,1070
2018-10-29,8,5.1,67,0.3,1981,-0.5,0.24,0.0,0.0,0,1,10,0,1,0,0,0,1888
2018-10-29,9,7.5,53,1.6,1981,-1.4,1.01,0.0,0.0,0,1,10,0,1,0,0,0,1021
2018-10-29,10,9.6,43,1.8,1930,-2.3,1.49,0.0,0.0,0,1,10,0,1,0,0,0,771
2018-10-29,11,11.0,46,2.6,1946,-0.1,1.97,0.0,0.0,0,1,10,0,1,0,0,0,796
2018-10-29,12,10.8,49,2.7,2000,0.4,1.45,0.0,0.0,0,1,10,0,1,0,0,0,737
2018-10-29,13,10.4,49,2.7,2000,0.1,0.54,0.0,0.0,0,1,10,0,1,0,0,0,815
2018-10-29,14,11.3,39,3.7,2000,-2.1,1.18,0.0,0.0,0,1,10,0,1,0,0,0,838
2018-10-29,15,11.0,46,3.4,2000,-0.1,0.57,0.0,0.0,0,1,10,0,1,0,0,0,884
2018-10-29,16,11.3,41,3.6,2000,-1.4,0.94,0.0,0.0,0,1,10,0,1,0,0,0,1069
2018-10-29,17,10.0,43,4.9,2000,-2.0,0.43,0.0,0.0,0,1,10,0,1,0,0,0,1274
2018-10-29,18,9.4,51,3.4,2000,-0.2,0.02,0.0,0.0,0,1,10,0,1,0,0,0,1987
2018-10-29,19,8.1,53,3.7,2000,-0.9,0.0,0.0,0.0,0,1,10,0,1,0,0,0,1377
2018-10-29,20,6.8,59,3.2,2000,-0.6,0.0,0.0,0.0,0,1,10,0,1,0,0,0,1026
2018-10-29,21,5.7,61,2.3,2000,-1.2,0.0,0.0,0.0,0,1,10,0,1,0,0,0,979
2018-10-29,22,5.1,58,2.2,2000,-2.4,0.0,0.0,0.0,0,1,10,0,1,0,0,0,906
2018-10-29,23,4.3,58,1.4,2000,-3.2,0.0,0.0,0.0,0,1,10,0,1,0,0,0,658
2018-10-30,0,3.4,55,1.5,2000,-4.8,0.0,0.0,0.0,0,1,10,1,1,0,0,0,488
2018-10-30,1,3.0,55,1.0,2000,-5.1,0.0,0.0,0.0,0,1,10,1,1,0,0,0,440
2018-10-30,2,2.1,56,0.5,2000,-5.7,0.0,0.0,0.0,0,1,10,1,1,0,0,0,283
2018-10-30,3,1.7,59,0.5,2000,-5.4,0.0,0.0,0.0,0,1,10,1,1,0,0,0,182
2018-10-30,4,1.6,63,0.3,2000,-4.6,0.0,0.0,0.0,0,1,10,1,1,0,0,0,150
2018-10-30,5,1.1,68,0.6,2000,-4.1,0.0,0.0,0.0,0,1,10,1,1,0,0,0,162
2018-10-30,6,0.8,69,1.4,2000,-4.2,0.0,0.0,0.0,0,1,10,1,1,0,0,0,394
2018-10-30,7,1.3,65,1.2,2000,-4.5,0.0,0.0,0.0,0,1,10,1,1,0,0,0,1005
2018-10-30,8,1.4,58,0.9,1883,-5.9,0.15,0.0,0.0,0,1,10,1,1,0,0,0,1883
2018-10-30,9,3.7,49,1.9,1961,-6.0,0.89,0.0,0.0,0,1,10,1,1,0,0,0,982
2018-10-30,10,6.1,38,2.5,1914,-7.1,1.51,0.0,0.0,0,1,10,1,1,0,0,0,684
2018-10-30,11,7.5,36,1.4,1993,-6.6,1.98,0.0,0.0,0,1,10,1,1,0,0,0,782
2018-10-30,12,8.5,34,1.5,1892,-6.4,2.21,0.0,0.0,0,1,10,1,1,0,0,0,881
2018-10-30,13,9.8,33,1.8,1937,-5.7,2.3,0.0,0.0,0,1,10,1,1,0,0,0,847
2018-10-30,14,10.7,33,1.7,2000,-4.9,2.12,0.0,0.0,0,1,10,1,1,0,0,0,903
2018-10-30,15,10.9,33,2.6,1963,-4.7,1.73,0.0,0.0,0,1,10,1,1,0,0,0,965
2018-10-30,16,11.0,34,2.3,1999,-4.2,1.16,0.0,0.0,0,1,10,1,1,0,0,0,1110
2018-10-30,17,9.9,40,2.6,2000,-3.0,0.47,0.0,0.0,0,1,10,1,1,0,0,0,1357
2018-10-30,18,8.4,52,2.6,2000,-0.9,0.03,0.0,0.0,0,1,10,1,1,0,0,0,2074
2018-10-30,19,8.0,52,2.1,2000,-1.2,0.0,0.0,0.0,0,1,10,1,1,0,0,0,1442
2018-10-30,20,7.6,59,1.1,2000,0.0,0.0,0.0,0.0,0,1,10,1,1,0,0,0,1186
2018-10-30,21,7.6,55,2.0,2000,-0.8,0.0,0.0,0.0,0,1,10,1,1,0,0,0,1147
2018-10-30,22,7.6,50,1.8,2000,-2.1,0.0,0.0,0.0,0,1,10,1,1,0,0,0,948
2018-10-30,23,7.7,50,1.0,1988,-2.0,0.0,0.0,0.0,0,1,10,1,1,0,0,0,527
2018-10-31,0,7.1,59,1.7,2000,-0.3,0.0,0.0,0.0,0,1,10,2,1,0,0,0,294
2018-10-31,1,6.6,66,1.0,2000,0.6,0.0,0.0,0.0,0,1,10,2,1,0,0,0,324
2018-10-31,2,6.4,65,0.0,2000,0.2,0.0,0.0,0.0,0,1,10,2,1,0,0,0,287
2018-10-31,3,5.6,69,0.1,2000,0.3,0.0,0.0,0.0,0,1,10,2,1,0,0,0,227
2018-10-31,4,5.0,71,1.4,1994,0.1,0.0,0.0,0.0,0,1,10,2,1,0,0,0,146
2018-10-31,5,4.1,74,0.9,2000,-0.1,0.0,0.0,0.0,0,1,10,2,1,0,0,0,141
2018-10-31,6,3.6,75,0.8,2000,-0.4,0.0,0.0,0.0,0,1,10,2,1,0,0,0,402
2018-10-31,7,3.2,74,0.9,2000,-0.9,0.0,0.0,0.0,0,1,10,2,1,0,0,0,1060
2018-10-31,8,3.7,67,1.8,1987,-1.8,0.15,0.0,0.0,0,1,10,2,1,0,0,0,1907
2018-10-31,9,5.1,56,1.8,1825,-2.9,0.89,0.0,0.0,0,1,10,2,1,0,0,0,996
2018-10-31,10,7.2,49,2.2,1892,-2.8,1.51,0.0,0.0,0,1,10,2,1,0,0,0,717
2018-10-31,11,8.7,41,2.6,1907,-3.8,1.96,0.0,0.0,0,1,10,2,1,0,0,0,818
2018-10-31,12,10.0,39,2.0,2000,-3.3,2.2,0.0,0.0,0,1,10,2,1,0,0,0,907
2018-10-31,13,11.2,34,2.6,1940,-4.1,2.26,0.0,0.0,0,1,10,2,1,0,0,0,983
2018-10-31,14,11.9,34,2.4,1835,-3.4,2.12,0.0,0.0,0,1,10,2,1,0,0,0,963
2018-10-31,15,12.0,35,3.0,1908,-3.0,1.72,0.0,0.0,0,1,10,2,1,0,0,0,994
2018-10-31,16,11.8,34,2.3,1979,-3.5,1.16,0.0,0.0,0,1,10,2,1,0,0,0,1185
2018-10-31,17,11.3,41,1.8,2000,-1.4,0.51,0.0,0.0,0,1,10,2,1,0,0,0,1462
2018-10-31,18,9.4,48,2.0,2000,-1.0,0.03,0.0,0.0,0,1,10,2,1,0,0,0,2094
2018-10-31,19,8.4,53,1.0,2000,-0.6,0.0,0.0,0.0,0,1,10,2,1,0,0,0,1507
2018-10-31,20,7.6,59,0.7,2000,0.0,0.0,0.0,0.0,0,1,10,2,1,0,0,0,1176
2018-10-31,21,7.6,59,3.0,1929,0.0,0.0,0.0,0.0,0,1,10,2,1,0,0,0,1069
2018-10-31,22,6.8,58,2.2,1936,-0.9,0.0,0.0,0.0,0,1,10,2,1,0,0,0,1088
2018-10-31,23,6.4,60,1.8,1930,-0.8,0.0,0.0,0.0,0,1,10,2,1,0,0,0,798
2018-11-01,0,5.7,62,2.3,1909,-1.0,0.0,0.0,0.0,0,1,11,3,1,0,0,0,584
2018-11-01,1,5.1,65,1.6,1932,-0.9,0.0,0.0,0.0,0,1,11,3,1,0,0,0,524
2018-11-01,2,4.4,64,1.4,2000,-1.8,0.0,0.0,0.0,0,1,11,3,1,0,0,0,362
2018-11-01,3,4.2,65,0.7,1962,-1.8,0.0,0.0,0.0,0,1,11,3,1,0,0,0,242
2018-11-01,4,3.6,70,0.8,1934,-1.3,0.0,0.0,0.0,0,1,11,3,1,0,0,0,147
2018-11-01,5,3.3,72,0.0,1946,-1.2,0.0,0.0,0.0,0,1,11,3,1,0,0,0,154
2018-11-01,6,2.9,75,0.2,1761,-1.1,0.0,0.0,0.0,0,1,11,3,1,0,0,0,433
2018-11-01,7,2.5,75,0.5,1763,-1.4,0.0,0.0,0.0,0,1,11,3,1,0,0,0,1055
2018-11-01,8,2.8,74,0.9,1366,-1.3,0.13,0.0,0.0,0,1,11,3,1,0,0,0,1899
2018-11-01,9,4.7,60,0.9,1219,-2.4,0.82,0.0,0.0,0,1,11,3,1,0,0,0,1011
2018-11-01,10,8.1,51,0.7,1100,-1.4,1.38,0.0,0.0,0,1,11,3,1,0,0,0,696
2018-11-01,11,11.1,46,1.6,1518,-0.1,1.84,0.0,0.0,0,1,11,3,1,0,0,0,852
2018-11-01,12,12.6,36,2.6,1785,-2.1,2.14,0.0,0.0,0,1,11,3,1,0,0,0,926
2018-11-01,13,13.6,32,1.8,1814,-2.8,2.22,0.0,0.0,0,1,11,3,1,0,0,0,968
2018-11-01,14,14.9,31,2.5,1872,-2.1,2.06,0.0,0.0,0,1,11,3,1,0,0,0,1040
2018-11-01,15,14.8,30,2.7,1990,-2.6,1.71,0.0,0.0,0,1,11,3,1,0,0,0,1094
2018-11-01,16,14.7,32,2.0,1934,-1.8,1.13,0.0,0.0,0,1,11,3,1,0,0,0,1206
2018-11-01,17,13.7,37,1.4,2000,-0.7,0.49,0.0,0.0,0,1,11,3,1,0,0,0,1569
2018-11-01,18,11.8,43,1.3,1995,-0.3,0.03,0.0,0.0,0,1,11,3,1,0,0,0,2254
2018-11-01,19,10.5,49,1.2,1965,0.2,0.0,0.0,0.0,0,1,11,3,1,0,0,0,1561
2018-11-01,20,9.9,53,1.7,1868,0.7,0.0,0.0,0.0,0,1,11,3,1,0,0,0,1269
2018-11-01,21,9.3,54,1.1,1975,0.4,0.0,0.0,0.0,0,1,11,3,1,0,0,0,1197
2018-11-01,22,8.3,61,0.2,1809,1.2,0.0,0.0,0.0,0,1,11,3,1,0,0,0,1115
2018-11-01,23,7.8,63,0.4,1547,1.1,0.0,0.0,0.0,0,1,11,3,1,0,0,0,806
2018-11-02,0,7.2,64,1.0,1639,0.8,0.0,0.0,0.0,0,1,11,4,1,0,0,0,642
2018-11-02,1,6.6,69,0.0,1512,1.3,0.0,0.0,0.0,0,1,11,4,1,0,0,0,560
2018-11-02,2,6.1,68,0.5,1519,0.6,0.0,0.0,0.0,0,1,11,4,1,0,0,0,369
2018-11-02,3,5.7,72,0.8,1368,1.0,0.0,0.0,0.0,0,1,11,4,1,0,0,0,251
2018-11-02,4,5.2,74,1.3,1386,0.9,0.0,0.0,0.0,0,1,11,4,1,0,0,0,166
2018-11-02,5,4.8,75,0.7,1471,0.7,0.0,0.0,0.0,0,1,11,4,1,0,0,0,153
2018-11-02,6,4.5,77,1.0,1410,0.8,0.0,0.0,0.0,0,1,11,4,1,0,0,0,403
2018-11-02,7,4.1,75,0.8,1143,0.0,0.0,0.0,0.0,0,1,11,4,1,0,0,0,1024
2018-11-02,8,4.7,72,1.0,1306,0.0,0.12,0.0,0.0,0,1,11,4,1,0,0,0,1906
2018-11-02,9,7.0,57,0.7,1553,-0.9,0.79,0.0,0.0,0,1,11,4,1,0,0,0,1027
2018-11-02,10,10.0,49,1.2,1411,-0.2,1.4,0.0,0.0,0,1,11,4,1,0,0,0,751
2018-11-02,11,12.8,44,1.0,1269,0.8,1.84,0.0,0.0,0,1,11,4,1,0,0,0,880
2018-11-02,12,14.9,40,1.1,1288,1.4,2.06,0.0,0.0,0,1,11,4,1,0,0,0,1023
2018-11-02,13,16.5,37,1.2,1400,1.7,2.12,0.0,0.0,0,1,11,4,1,0,0,0,1130
2018-11-02,14,18.0,31,1.2,1506,0.5,1.98,0.0,0.0,0,1,11,4,1,0,0,0,1160
2018-11-02,15,18.6,31,1.4,1575,1.1,1.63,0.0,0.0,0,1,11,4,1,0,0,0,1251
2018-11-02,16,18.8,32,1.4,1717,1.7,1.09,0.0,0.0,0,1,11,4,1,0,0,0,1424
2018-11-02,17,17.0,36,1.5,1672,1.8,0.47,0.0,0.0,0,1,11,4,1,0,0,0,1730
2018-11-02,18,14.6,42,1.4,1428,1.8,0.02,0.0,0.0,0,1,11,4,1,0,0,0,2314
2018-11-02,19,12.8,40,1.4,1870,-0.4,0.0,0.0,0.0,0,1,11,4,1,0,0,0,1568
2018-11-02,20,11.7,45,1.2,1748,0.1,0.0,0.0,0.0,0,1,11,4,1,0,0,0,1242
2018-11-02,21,10.8,57,2.0,1219,2.6,0.0,0.0,0.0,0,1,11,4,1,0,0,0,1146
2018-11-02,22,10.0,56,2.0,1290,1.6,0.0,0.0,0.0,0,1,11,4,1,0,0,0,1106
2018-11-02,23,9.7,56,1.3,1423,1.3,0.0,0.0,0.0,0,1,11,4,1,0,0,0,851
2018-11-03,0,8.8,63,0.6,1314,2.1,0.0,0.0,0.0,0,0,11,5,1,0,0,0,0
2018-11-03,1,8.5,61,0.2,1273,1.3,0.0,0.0,0.0,0,0,11,5,1,0,0,0,0
2018-11-03,2,7.6,68,1.2,1170,2.0,0.0,0.0,0.0,0,0,11,5,1,0,0,0,0
2018-11-03,3,7.1,67,0.6,1229,1.3,0.0,0.0,0.0,0,0,11,5,1,0,0,0,0
2018-11-03,4,6.3,72,1.0,1104,1.6,0.0,0.0,0.0,0,0,11,5,1,0,0,0,0
2018-11-03,5,6.1,75,1.0,1053,1.9,0.0,0.0,0.0,0,0,11,5,1,0,0,0,0
2018-11-03,6,5.5,78,0.6,983,1.9,0.0,0.0,0.0,0,0,11,5,1,0,0,0,0
2018-11-03,7,5.2,79,1.3,894,1.8,0.0,0.0,0.0,0,0,11,5,1,0,0,0,0
2018-11-03,8,5.4,75,0.4,905,1.3,0.11,0.0,0.0,0,0,11,5,1,0,0,0,0
2018-11-03,9,7.9,58,1.3,1033,0.1,0.8,0.0,0.0,0,0,11,5,1,0,0,0,0
2018-11-03,10,11.0,49,0.7,957,0.6,1.4,0.0,0.0,0,0,11,5,1,0,0,0,0
2018-11-03,11,14.5,42,1.6,890,1.7,1.85,0.0,0.0,0,0,11,5,1,0,0,0,0
2018-11-03,12,16.5,37,1.8,1060,1.7,2.14,0.0,0.0,0,0,11,5,1,0,0,0,0
2018-11-03,13,17.8,29,2.0,1328,-0.4,2.17,0.0,0.0,0,0,11,5,1,0,0,0,0
2018-11-03,14,18.1,24,2.4,1594,-2.8,1.97,0.0,0.0,0,0,11,5,1,0,0,0,0
2018-11-03,15,18.5,25,1.6,1724,-1.9,1.63,0.0,0.0,0,0,11,5,1,0,0,0,0
2018-11-03,16,18.7,25,2.1,1605,-1.7,1.07,0.0,0.0,0,0,11,5,1,0,0,0,0
2018-11-03,17,16.7,45,2.2,772,4.6,0.43,0.0,0.0,0,0,11,5,1,0,0,0,0
2018-11-03,18,14.2,51,1.5,990,4.1,0.02,0.0,0.0,0,0,11,5,1,0,0,0,0
2018-11-03,19,13.4,62,1.6,740,6.2,0.0,0.0,0.0,0,0,11,5,1,0,0,0,0
2018-11-03,20,12.1,68,0.8,592,6.3,0.0,0.0,0.0,0,0,11,5,1,0,0,0,0
2018-11-03,21,11.1,69,0.9,619,5.6,0.0,0.0,0.0,0,0,11,5,1,0,0,0,0
2018-11-03,22,10.0,68,1.1,791,4.3,0.0,0.0,0.0,0,0,11,5,1,0,0,0,0
2018-11-03,23,9.2,65,1.2,1064,2.9,0.0,0.0,0.0,0,0,11,5,1,0,0,0,0
2018-11-04,0,9.1,63,0.6,1292,2.4,0.0,0.0,0.0,0,1,11,6,1,0,0,0,720
2018-11-04,1,8.6,60,1.1,1416,1.2,0.0,0.0,0.0,0,1,11,6,1,0,0,0,517
2018-11-04,2,8.2,62,0.2,1415,1.3,0.0,0.0,0.0,0,1,11,6,1,0,0,0,378
2018-11-04,3,7.6,66,0.9,1432,1.6,0.0,0.0,0.0,0,1,11,6,1,0,0,0,296
2018-11-04,4,6.9,70,1.5,1314,1.7,0.0,0.0,0.0,0,1,11,6,1,0,0,0,188
2018-11-04,5,6.6,73,0.3,1219,2.0,0.0,0.0,0.0,0,1,11,6,1,0,0,0,112
2018-11-04,6,6.2,73,0.3,1018,1.7,0.0,0.0,0.0,0,1,11,6,1,0,0,0,141
2018-11-04,7,5.8,79,1.0,862,2.4,0.0,0.0,0.0,0,1,11,6,1,0,0,0,259
2018-11-04,8,5.7,78,1.1,714,2.1,0.09,0.0,0.0,0,1,11,6,1,0,0,0,481
2018-11-04,9,7.5,60,0.5,725,0.2,0.79,0.0,0.0,0,1,11,6,1,0,0,0,632
2018-11-04,10,11.1,51,0.8,679,1.3,1.38,0.0,0.0,0,1,11,6,1,0,0,0,747
2018-11-04,11,14.8,46,2.0,768,3.2,1.83,0.0,0.0,0,1,11,6,1,0,0,0,963
2018-11-04,12,16.3,33,2.9,1530,0.0,2.13,0.0,0.0,0,1,11,6,1,0,0,0,1145
2018-11-04,13,18.3,26,1.2,1503,-1.5,2.17,0.0,0.0,0,1,11,6,1,0,0,0,1355
2018-11-04,14,19.3,28,1.7,1208,0.3,1.93,0.0,0.0,0,1,11,6,1,0,0,0,1511
2018-11-04,15,19.0,25,2.1,1748,-1.5,1.6,0.0,0.0,0,1,11,6,1,0,0,0,1579
2018-11-04,16,18.4,25,3.2,1909,-2.0,1.05,0.0,0.0,0,1,11,6,1,0,0,0,1690
2018-11-04,17,16.9,33,2.2,1972,0.5,0.43,0.0,0.0,0,1,11,6,1,0,0,0,1596
2018-11-04,18,14.5,46,2.6,1618,3.0,0.01,0.0,0.0,0,1,11,6,1,0,0,0,1335
2018-11-04,19,12.9,56,2.5,1345,4.3,0.0,0.0,0.0,0,1,11,6,1,0,0,0,1180
2018-11-04,20,12.7,59,1.2,1177,4.8,0.0,0.0,0.0,0,1,11,6,1,0,0,0,1077
2018-11-04,21,11.8,62,0.7,1030,4.7,0.0,0.0,0.0,0,1,11,6,1,0,0,0,1001
2018-11-04,22,11.2,67,1.3,940,5.2,0.0,0.0,0.0,0,1,11,6,1,0,0,0,912
2018-11-04,23,10.6,73,1.3,931,5.9,0.0,0.0,0.0,0,1,11,6,1,0,0,0,656
2018-11-05,0,10.1,75,0.0,922,5.8,0.0,0.0,0.0,0,1,11,0,1,0,0,0,520
2018-11-05,1,9.3,78,0.1,828,5.6,0.0,0.0,0.0,0,1,11,0,1,0,0,0,346
2018-11-05,2,8.8,81,0.0,773,5.7,0.0,0.0,0.0,0,1,11,0,1,0,0,0,206
2018-11-05,3,8.3,81,1.1,642,5.2,0.0,0.0,0.0,0,1,11,0,1,0,0,0,161
2018-11-05,4,8.0,81,0.4,666,4.9,0.0,0.0,0.0,0,1,11,0,1,0,0,0,107
2018-11-05,5,8.0,84,0.7,569,5.4,0.0,0.0,0.0,0,1,11,0,1,0,0,0,166
2018-11-05,6,7.2,83,0.8,636,4.4,0.0,0.0,0.0,0,1,11,0,1,0,0,0,448
2018-11-05,7,7.0,86,1.1,455,4.8,0.0,0.0,0.0,0,1,11,0,1,0,0,0,1115
2018-11-05,8,7.2,80,0.8,515,3.9,0.13,0.0,0.0,0,1,11,0,1,0,0,0,1975
2018-11-05,9,8.9,67,1.1,578,3.0,0.69,0.0,0.0,0,1,11,0,1,0,0,0,1005
2018-11-05,10,11.8,59,0.9,616,4.0,1.23,0.0,0.0,0,1,11,0,1,0,0,0,790
2018-11-05,11,13.8,47,1.2,994,2.6,1.71,0.0,0.0,0,1,11,0,1,0,0,0,829
2018-11-05,12,16.4,48,2.1,653,5.3,1.68,0.0,0.0,0,1,11,0,1,0,0,0,971
2018-11-05,13,16.8,46,1.1,760,5.0,1.71,0.0,0.0,0,1,11,0,1,0,0,0,986
2018-11-05,14,17.5,38,1.2,1090,3.0,1.74,0.0,0.0,0,1,11,0,1,0,0,0,993
2018-11-05,15,18.0,39,1.0,1208,3.8,1.21,0.0,0.0,0,1,11,0,1,0,0,0,1100
2018-11-05,16,16.8,46,1.8,1041,5.0,0.72,0.0,0.0,0,1,11,0,1,0,0,0,1318
2018-11-05,17,15.7,49,2.0,1252,5.0,0.26,0.0,0.0,0,1,11,0,1,0,0,0,1664
2018-11-05,18,14.5,54,1.3,1343,5.2,0.01,0.0,0.0,0,1,11,0,1,0,0,0,2357
2018-11-05,19,13.2,66,1.7,705,6.9,0.0,0.0,0.0,0,1,11,0,1,0,0,0,1618
2018-11-05,20,12.7,75,2.0,433,8.3,0.0,0.0,0.0,0,1,11,0,1,0,0,0,1464
2018-11-05,21,12.2,79,1.8,351,8.6,0.0,0.0,0.0,0,1,11,0,1,0,0,0,1289
2018-11-05,22,11.6,81,1.2,336,8.4,0.0,0.0,0.0,0,1,11,0,1,0,0,0,1215
2018-11-05,23,10.9,82,0.1,346,7.9,0.0,0.0,0.0,0,1,11,0,1,0,0,0,829
2018-11-06,0,10.0,73,0.5,700,5.3,0.0,0.0,0.0,0,0,11,1,1,0,0,0,0
2018-11-06,1,9.8,75,0.5,668,5.5,0.0,0.0,0.0,0,0,11,1,1,0,0,0,0
2018-11-06,2,9.7,78,0.0,619,6.0,0.0,0.0,0.0,0,0,11,1,1,0,0,0,0
2018-11-06,3,9.4,81,0.3,500,6.2,0.0,0.0,0.0,0,0,11,1,1,0,0,0,0
2018-11-06,4,9.1,81,0.0,493,6.0,0.0,0.0,0.0,0,0,11,1,1,0,0,0,0
2018-11-06,5,8.8,84,0.6,420,6.2,0.0,0.0,0.0,0,0,11,1,1,0,0,0,0
2018-11-06,6,8.5,83,0.7,409,5.7,0.0,0.0,0.0,0,0,11,1,1,0,0,0,0
2018-11-06,7,8.3,84,0.9,422,5.7,0.0,0.0,0.0,0,0,11,1,1,0,0,0,0
2018-11-06,8,8.7,77,0.7,529,4.8,0.11,0.0,0.0,0,0,11,1,1,0,0,0,0
2018-11-06,9,10.1,68,0.2,578,4.4,0.33,0.0,0.0,0,0,11,1,1,0,0,0,0
2018-11-06,10,11.7,62,0.5,521,4.6,0.77,0.0,0.0,0,0,11,1,1,0,0,0,0
2018-11-06,11,13.0,55,1.0,488,4.1,0.84,0.0,0.0,0,0,11,1,1,0,0,0,0
2018-11-06,12,14.5,57,0.8,373,6.0,1.08,0.0,0.0,0,0,11,1,1,0,0,0,0
2018-11-06,13,16.1,56,1.7,328,7.3,1.54,0.0,0.0,0,0,11,1,1,0,0,0,0
2018-11-06,14,17.4,50,2.4,336,6.8,1.52,0.0,0.0,0,0,11,1,1,0,0,0,0
2018-11-06,15,16.3,54,1.6,374,6.9,0.76,0.0,0.0,0,0,11,1,1,0,0,0,0
2018-11-06,16,16.6,55,1.3,334,7.5,0.66,0.0,0.0,0,0,11,1,1,0,0,0,0
2018-11-06,17,15.3,63,1.2,260,8.2,0.23,0.0,0.0,0,0,11,1,1,0,0,0,0
2018-11-06,18,14.0,71,1.5,201,8.8,0.01,0.0,0.0,0,0,11,1,1,0,0,0,0
2018-11-06,19,13.3,72,1.1,234,8.3,0.0,0.0,0.0,0,0,11,1,1,0,0,0,0
2018-11-06,20,13.2,73,1.1,246,8.4,0.0,0.0,0.0,0,0,11,1,1,0,0,0,0
2018-11-06,21,13.0,76,0.9,231,8.8,0.0,0.0,0.0,0,0,11,1,1,0,0,0,0
2018-11-06,22,12.3,73,1.2,277,7.5,0.0,0.0,0.0,0,0,11,1,1,0,0,0,0
2018-11-06,23,12.2,74,1.1,291,7.6,0.0,0.0,0.0,0,0,11,1,1,0,0,0,0
2018-11-07,0,11.9,74,1.6,287,7.4,0.0,0.0,0.0,0,1,11,2,1,0,0,0,639
2018-11-07,1,11.9,76,1.4,286,7.7,0.0,0.0,0.0,0,1,11,2,1,0,0,0,410
2018-11-07,2,12.0,81,1.3,295,8.8,0.0,0.0,0.0,0,1,11,2,1,0,0,0,136
2018-11-07,3,10.8,88,1.0,145,8.8,0.0,0.5,0.0,0,1,11,2,1,0,0,0,40
2018-11-07,4,10.6,95,0.7,94,9.8,0.0,0.0,0.0,0,1,11,2,1,0,0,0,47
2018-11-07,5,11.1,95,0.2,117,10.3,0.0,0.0,0.0,0,1,11,2,1,0,0,0,71
2018-11-07,6,11.0,91,1.0,124,9.5,0.0,1.0,0.0,0,1,11,2,1,0,0,0,194
2018-11-07,7,10.8,91,1.3,216,9.3,0.0,0.0,0.0,0,1,11,2,1,0,0,0,526
2018-11-07,8,11.3,89,1.1,279,9.5,0.01,0.0,0.0,0,1,11,2,1,0,0,0,1171
2018-11-07,9,11.2,86,1.0,372,8.9,0.09,0.5,0.0,0,1,11,2,1,0,0,0,740
2018-11-07,10,11.9,84,0.9,482,9.2,0.2,0.0,0.0,0,1,11,2,1,0,0,0,555
2018-11-07,11,12.4,82,0.6,507,9.4,0.34,0.0,0.0,0,1,11,2,1,0,0,0,608
2018-11-07,12,13.2,77,1.3,589,9.2,0.5,0.0,0.0,0,1,11,2,1,0,0,0,697
2018-11-07,13,14.5,74,1.3,610,9.9,0.75,0.0,0.0,0,1,11,2,1,0,0,0,798
2018-11-07,14,15.5,68,1.4,693,9.6,1.15,0.0,0.0,0,1,11,2,1,0,0,0,767
2018-11-07,15,15.4,72,1.1,608,10.3,0.57,0.0,0.0,0,1,11,2,1,0,0,0,848
2018-11-07,16,15.2,72,1.2,625,10.1,0.4,0.0,0.0,0,1,11,2,1,0,0,0,834
2018-11-07,17,14.9,73,0.9,854,10.0,0.04,0.0,0.0,0,1,11,2,1,0,0,0,1115
2018-11-07,18,14.4,77,1.0,912,10.4,0.0,0.0,0.0,0,1,11,2,1,0,0,0,1347
2018-11-07,19,13.8,81,1.5,760,10.5,0.0,0.0,0.0,0,1,11,2,1,0,0,0,1176
2018-11-07,20,13.3,77,1.6,833,9.3,0.0,0.0,0.0,0,1,11,2,1,0,0,0,1062
2018-11-07,21,13.5,75,0.8,1275,9.1,0.0,0.0,0.0,0,1,11,2,1,0,0,0,1062
2018-11-07,22,13.2,74,1.4,1407,8.6,0.0,0.0,0.0,0,1,11,2,1,0,0,0,1003
2018-11-07,23,12.9,72,1.4,2000,7.9,0.0,0.0,0.0,0,1,11,2,1,0,0,0,679
2018-11-08,0,12.9,70,1.8,2000,7.5,0.0,0.0,0.0,0,1,11,3,1,0,0,0,395
2018-11-08,1,11.9,77,1.1,1634,7.9,0.0,0.0,0.0,0,1,11,3,1,0,0,0,158
2018-11-08,2,11.8,84,1.6,1874,9.1,0.0,0.0,0.0,0,1,11,3,1,0,0,0,122
2018-11-08,3,11.8,86,1.6,1819,9.5,0.0,0.5,0.0,0,1,11,3,1,0,0,0,78
2018-11-08,4,10.8,87,1.7,956,8.7,0.0,0.0,0.0,0,1,11,3,1,0,0,0,50
2018-11-08,5,10.8,89,1.6,957,9.0,0.0,0.0,0.0,0,1,11,3,1,0,0,0,49
2018-11-08,6,10.6,90,1.6,1065,9.0,0.0,1.5,0.0,0,1,11,3,1,0,0,0,136
2018-11-08,7,10.9,88,1.8,1866,8.9,0.0,0.0,0.0,0,1,11,3,1,0,0,0,174
2018-11-08,8,10.6,89,1.5,689,8.8,0.02,0.0,0.0,0,1,11,3,1,0,0,0,148
2018-11-08,9,10.6,94,2.1,739,9.6,0.06,2.0,0.0,0,1,11,3,1,0,0,0,56
2018-11-08,10,10.8,94,1.8,578,9.8,0.15,0.0,0.0,0,1,11,3,1,0,0,0,17
2018-11-08,11,10.9,95,2.4,519,10.1,0.12,0.0,0.0,0,1,11,3,1,0,0,0,25
2018-11-08,12,11.4,95,2.5,792,10.6,0.44,5.5,0.0,0,1,11,3,1,0,0,0,17
2018-11-08,13,11.5,95,2.1,457,10.7,0.32,0.0,0.0,0,1,11,3,1,0,0,0,18
2018-11-08,14,11.3,96,2.7,302,10.6,0.11,0.0,0.0,0,1,11,3,1,0,0,0,46
2018-11-08,15,11.4,96,2.0,910,10.7,0.07,9.5,0.0,0,1,11,3,1,0,0,0,56
2018-11-08,16,11.7,96,1.4,587,11.0,0.02,0.0,0.0,0,1,11,3,1,0,0,0,14
2018-11-08,17,11.9,97,0.7,269,11.4,0.0,0.0,0.0,0,1,11,3,1,0,0,0,30
2018-11-08,18,12.9,97,0.0,406,12.4,0.0,9.0,0.0,0,1,11,3,1,0,0,0,40
2018-11-08,19,12.8,97,0.9,245,12.3,0.0,0.0,0.0,0,1,11,3,1,0,0,0,19
2018-11-08,20,13.9,97,2.5,594,13.4,0.0,0.0,0.0,0,1,11,3,1,0,0,0,12
2018-11-08,21,14.0,96,4.1,292,13.3,0.0,18.0,0.0,0,1,11,3,1,0,0,0,21
2018-11-08,22,12.4,96,2.7,545,11.7,0.0,0.0,0.0,0,1,11,3,1,0,0,0,14
2018-11-08,23,11.5,96,3.0,691,10.8,0.0,0.0,0.0,0,1,11,3,1,0,0,0,26
2018-11-09,0,12.0,96,3.1,1185,11.3,0.0,18.0,0.0,0,0,11,4,1,0,0,0,0
2018-11-09,1,11.4,89,2.6,1376,9.6,0.0,0.0,0.0,0,0,11,4,1,0,0,0,0
2018-11-09,2,11.3,88,3.7,1680,9.3,0.0,0.0,0.0,0,0,11,4,1,0,0,0,0
2018-11-09,3,10.8,82,2.8,1712,7.8,0.0,0.5,0.0,0,0,11,4,1,0,0,0,0
2018-11-09,4,10.6,75,3.2,913,6.3,0.0,0.0,0.0,0,0,11,4,1,0,0,0,0
2018-11-09,5,10.9,68,3.1,1034,5.2,0.0,0.0,0.0,0,0,11,4,1,0,0,0,0
2018-11-09,6,11.0,70,3.1,900,5.7,0.0,0.0,0.0,0,0,11,4,1,0,0,0,0
2018-11-09,7,10.4,81,3.0,1741,7.2,0.0,0.0,0.0,0,0,11,4,1,0,0,0,0
2018-11-09,8,10.1,85,2.4,1809,7.6,0.05,0.0,0.0,0,0,11,4,1,0,0,0,0
2018-11-09,9,10.8,78,2.6,1985,7.1,0.13,0.5,0.0,0,0,11,4,1,0,0,0,0
2018-11-09,10,11.3,68,4.7,1984,5.5,0.44,0.0,0.0,0,0,11,4,1,0,0,0,0
2018-11-09,11,13.3,59,4.1,1970,5.4,1.43,0.0,0.0,0,0,11,4,1,0,0,0,0
2018-11-09,12,13.9,50,4.1,1964,3.6,2.14,0.0,0.0,0,0,11,4,1,0,0,0,0
2018-11-09,13,14.0,46,5.3,927,2.5,1.68,0.0,0.0,0,0,11,4,1,0,0,0,0
2018-11-09,14,15.0,49,2.8,518,4.3,1.53,0.0,0.0,0,0,11,4,1,0,0,0,0
2018-11-09,15,15.1,52,3.4,622,5.3,1.3,0.0,0.0,0,0,11,4,1,0,0,0,0
2018-11-09,16,14.3,59,3.6,858,6.3,0.72,0.0,0.0,0,0,11,4,1,0,0,0,0
2018-11-09,17,12.9,66,3.6,682,6.6,0.32,0.0,0.0,0,0,11,4,1,0,0,0,0
2018-11-09,18,12.3,69,2.1,623,6.7,0.01,0.0,0.0,0,0,11,4,1,0,0,0,0
2018-11-09,19,11.9,71,2.7,589,6.7,0.0,0.0,0.0,0,0,11,4,1,0,0,0,0
2018-11-09,20,11.9,72,2.5,526,7.0,0.0,0.0,0.0,0,0,11,4,1,0,0,0,0
2018-11-09,21,11.4,74,1.9,498,6.9,0.0,0.0,0.0,0,0,11,4,1,0,0,0,0
2018-11-09,22,11.2,75,1.7,478,6.9,0.0,0.0,0.0,0,0,11,4,1,0,0,0,0
2018-11-09,23,10.9,76,1.2,456,6.8,0.0,0.0,0.0,0,0,11,4,1,0,0,0,0
2018-11-10,0,11.3,77,0.9,433,7.4,0.0,0.0,0.0,0,1,11,5,1,0,0,0,754
2018-11-10,1,11.2,78,1.1,467,7.4,0.0,0.0,0.0,0,1,11,5,1,0,0,0,679
2018-11-10,2,10.7,80,0.6,409,7.3,0.0,0.0,0.0,0,1,11,5,1,0,0,0,568
2018-11-10,3,10.3,81,0.7,361,7.1,0.0,0.0,0.0,0,1,11,5,1,0,0,0,372
2018-11-10,4,9.5,87,0.6,266,7.4,0.0,0.0,0.0,0,1,11,5,1,0,0,0,223
2018-11-10,5,9.4,87,0.8,279,7.3,0.0,0.0,0.0,0,1,11,5,1,0,0,0,137
2018-11-10,6,9.5,85,0.6,304,7.0,0.0,0.0,0.0,0,1,11,5,1,0,0,0,167
2018-11-10,7,9.5,86,0.6,293,7.2,0.0,0.0,0.0,0,1,11,5,1,0,0,0,309
2018-11-10,8,9.3,85,0.3,313,6.9,0.07,0.0,0.0,0,1,11,5,1,0,0,0,589
2018-11-10,9,10.1,77,0.0,350,6.2,0.45,0.0,0.0,0,1,11,5,1,0,0,0,628
2018-11-10,10,12.2,73,1.9,374,7.4,0.92,0.0,0.0,0,1,11,5,1,0,0,0,699
2018-11-10,11,13.8,63,2.2,416,6.8,1.32,0.0,0.0,0,1,11,5,1,0,0,0,768
2018-11-10,12,15.1,54,2.2,495,5.8,1.91,0.0,0.0,0,1,11,5,1,0,0,0,1034
2018-11-10,13,15.9,48,2.7,538,4.8,1.87,0.0,0.0,0,1,11,5,1,0,0,0,1094
2018-11-10,14,17.1,39,2.0,781,3.0,1.85,0.0,0.0,0,1,11,5,1,0,0,0,1113
2018-11-10,15,16.6,36,2.5,808,1.4,1.45,0.0,0.0,0,1,11,5,1,0,0,0,1229
2018-11-10,16,16.0,37,1.9,984,1.2,0.94,0.0,0.0,0,1,11,5,1,0,0,0,1263
2018-11-10,17,14.8,47,1.3,787,3.5,0.35,0.0,0.0,0,1,11,5,1,0,0,0,1379
2018-11-10,18,13.2,57,2.2,618,4.8,0.01,0.0,0.0,0,1,11,5,1,0,0,0,1226
2018-11-10,19,12.1,67,1.5,430,6.1,0.0,0.0,0.0,0,1,11,5,1,0,0,0,957
2018-11-10,20,11.3,74,1.2,350,6.8,0.0,0.0,0.0,0,1,11,5,1,0,0,0,877
2018-11-10,21,10.8,78,1.0,303,7.1,0.0,0.0,0.0,0,1,11,5,1,0,0,0,847
2018-11-10,22,10.6,81,1.2,281,7.4,0.0,0.0,0.0,0,1,11,5,1,0,0,0,885
2018-11-10,23,10.3,84,1.3,250,7.7,0.0,0.0,0.0,0,1,11,5,1,0,0,0,676
2018-11-11,0,9.4,85,0.6,241,6.9,0.0,0.0,0.0,0,1,11,6,1,0,0,0,655
2018-11-11,1,8.8,89,0.7,213,7.0,0.0,0.0,0.0,0,1,11,6,1,0,0,0,518
2018-11-11,2,7.9,85,1.1,275,5.5,0.0,0.0,0.0,0,1,11,6,1,0,0,0,370
2018-11-11,3,7.1,85,0.7,329,4.7,0.0,0.0,0.0,0,1,11,6,1,0,0,0,314
2018-11-11,4,6.9,82,0.5,337,4.0,0.0,0.0,0.0,0,1,11,6,1,0,0,0,189
2018-11-11,5,6.8,83,0.6,341,4.1,0.0,0.0,0.0,0,1,11,6,1,0,0,0,111
2018-11-11,6,6.6,84,1.2,373,4.0,0.0,0.0,0.0,0,1,11,6,1,0,0,0,117
2018-11-11,7,6.4,84,1.3,369,3.8,0.0,0.0,0.0,0,1,11,6,1,0,0,0,228
2018-11-11,8,6.3,81,0.8,365,3.2,0.11,0.0,0.0,0,1,11,6,1,0,0,0,395
2018-11-11,9,7.8,72,1.2,360,3.0,0.54,0.0,0.0,0,1,11,6,1,0,0,0,574
2018-11-11,10,10.2,68,0.7,354,4.5,1.06,0.0,0.0,0,1,11,6,1,0,0,0,563
2018-11-11,11,10.7,68,0.4,341,5.0,0.54,0.0,0.0,0,1,11,6,1,0,0,0,578
2018-11-11,12,10.6,72,2.0,365,5.7,0.29,0.0,0.0,0,1,11,6,1,0,0,0,769
2018-11-11,13,9.8,70,1.7,360,4.5,0.33,0.0,0.0,0,1,11,6,1,0,0,0,758
2018-11-11,14,10.1,58,0.9,605,2.1,0.43,0.0,0.0,0,1,11,6,1,0,0,0,810
2018-11-11,15,10.2,58,2.0,573,2.2,0.29,0.0,0.0,0,1,11,6,1,0,0,0,832
2018-11-11,16,9.9,59,1.3,578,2.2,0.1,0.0,0.0,0,1,11,6,1,0,0,0,616
2018-11-11,17,8.9,57,3.0,1149,0.8,0.03,0.0,0.0,0,1,11,6,1,0,0,0,660
2018-11-11,18,8.9,55,2.0,1333,0.3,0.0,0.0,0.0,0,1,11,6,1,0,0,0,752
2018-11-11,19,8.7,52,0.8,1590,-0.6,0.0,0.0,0.0,0,1,11,6,1,0,0,0,685
2018-11-11,20,8.2,53,0.6,1621,-0.8,0.0,0.0,0.0,0,1,11,6,1,0,0,0,711
2018-11-11,21,8.0,51,0.5,1989,-1.5,0.0,0.0,0.0,0,1,11,6,1,0,0,0,689
2018-11-11,22,7.0,60,0.0,1948,-0.2,0.0,0.0,0.0,0,1,11,6,1,0,0,0,690
2018-11-11,23,6.3,62,0.0,1993,-0.4,0.0,0.0,0.0,0,1,11,6,1,0,0,0,554
2018-11-12,0,5.4,64,0.8,2000,-0.8,0.0,0.0,0.0,0,1,11,0,1,0,0,0,456
2018-11-12,1,5.0,67,1.3,2000,-0.6,0.0,0.0,0.0,0,1,11,0,1,0,0,0,344
2018-11-12,2,4.8,66,1.6,2000,-1.0,0.0,0.0,0.0,0,1,11,0,1,0,0,0,187
2018-11-12,3,4.6,65,0.1,2000,-1.4,0.0,0.0,0.0,0,1,11,0,1,0,0,0,122
2018-11-12,4,4.0,68,0.0,2000,-1.3,0.0,0.0,0.0,0,1,11,0,1,0,0,0,109
2018-11-12,5,4.0,71,0.0,2000,-0.7,0.0,0.0,0.0,0,1,11,0,1,0,0,0,158
2018-11-12,6,3.8,69,0.0,1995,-1.3,0.0,0.0,0.0,0,1,11,0,1,0,0,0,419
2018-11-12,7,3.4,72,1.0,1989,-1.1,0.0,0.0,0.0,0,1,11,0,1,0,0,0,1004
2018-11-12,8,3.3,69,0.0,2000,-1.8,0.06,0.0,0.0,0,1,11,0,1,0,0,0,1699
2018-11-12,9,5.2,55,1.4,1752,-3.1,0.67,0.0,0.0,0,1,11,0,1,0,0,0,931
2018-11-12,10,8.3,50,1.1,1364,-1.5,1.23,0.0,0.0,0,1,11,0,1,0,0,0,683
2018-11-12,11,10.3,40,0.7,1672,-2.7,1.66,0.0,0.0,0,1,11,0,1,0,0,0,785
2018-11-12,12,12.3,37,0.8,1690,-1.9,1.93,0.0,0.0,0,1,11,0,1,0,0,0,888
2018-11-12,13,13.3,36,2.1,1283,-1.4,1.99,0.0,0.0,0,1,11,0,1,0,0,0,889
2018-11-12,14,14.2,33,1.5,1374,-1.8,1.84,0.0,0.0,0,1,11,0,1,0,0,0,886
2018-11-12,15,13.8,34,2.4,1438,-1.8,1.45,0.0,0.0,0,1,11,0,1,0,0,0,1084
2018-11-12,16,12.9,38,2.6,1476,-1.1,0.94,0.0,0.0,0,1,11,0,1,0,0,0,1193
2018-11-12,17,11.8,43,1.8,1685,-0.3,0.34,0.0,0.0,0,1,11,0,1,0,0,0,1472
2018-11-12,18,10.6,45,1.8,1936,-0.8,0.01,0.0,0.0,0,1,11,0,1,0,0,0,2022
2018-11-12,19,9.8,46,2.8,1945,-1.2,0.0,0.0,0.0,0,1,11,0,1,0,0,0,1466
2018-11-12,20,9.0,48,1.9,1879,-1.4,0.0,0.0,0.0,0,1,11,0,1,0,0,0,1292
2018-11-12,21,8.5,50,0.5,1707,-1.3,0.0,0.0,0.0,0,1,11,0,1,0,0,0,1189
2018-11-12,22,7.6,55,1.7,1694,-0.8,0.0,0.0,0.0,0,1,11,0,1,0,0,0,1023
2018-11-12,23,6.9,60,0.8,1610,-0.3,0.0,0.0,0.0,0,1,11,0,1,0,0,0,702
2018-11-13,0,6.2,63,0.8,1611,-0.3,0.0,0.0,0.0,0,1,11,1,1,0,0,0,587
2018-11-13,1,5.6,68,0.5,1576,0.1,0.0,0.0,0.0,0,1,11,1,1,0,0,0,487
2018-11-13,2,5.6,64,0.1,1556,-0.6,0.0,0.0,0.0,0,1,11,1,1,0,0,0,330
2018-11-13,3,5.3,62,0.0,1485,-1.4,0.0,0.0,0.0,0,1,11,1,1,0,0,0,205
2018-11-13,4,4.9,63,0.0,1397,-1.5,0.0,0.0,0.0,0,1,11,1,1,0,0,0,133
2018-11-13,5,4.7,72,0.0,1310,0.0,0.0,0.0,0.0,0,1,11,1,1,0,0,0,162
2018-11-13,6,4.2,72,0.8,1326,-0.4,0.0,0.0,0.0,0,1,11,1,1,0,0,0,402
2018-11-13,7,4.4,72,0.3,1189,-0.2,0.0,0.0,0.0,0,1,11,1,1,0,0,0,1066
2018-11-13,8,4.7,68,0.5,1032,-0.7,0.06,0.0,0.0,0,1,11,1,1,0,0,0,1910
2018-11-13,9,6.0,59,1.0,719,-1.4,0.6,0.0,0.0,0,1,11,1,1,0,0,0,990
2018-11-13,10,9.0,51,0.9,706,-0.6,1.16,0.0,0.0,0,1,11,1,1,0,0,0,710
2018-11-13,11,11.4,46,0.8,876,0.1,1.57,0.0,0.0,0,1,11,1,1,0,0,0,789
2018-11-13,12,12.8,45,1.8,1170,1.1,1.82,0.0,0.0,0,1,11,1,1,0,0,0,890
2018-11-13,13,13.5,43,2.2,1687,1.1,1.92,0.0,0.0,0,1,11,1,1,0,0,0,912
2018-11-13,14,15.0,37,1.6,1703,0.4,1.82,0.0,0.0,0,1,11,1,1,0,0,0,928
2018-11-13,15,15.3,37,1.8,1774,0.6,1.5,0.0,0.0,0,1,11,1,1,0,0,0,980
2018-11-13,16,14.2,37,2.0,1783,-0.3,0.91,0.0,0.0,0,1,11,1,1,0,0,0,1188
2018-11-13,17,12.7,40,1.9,1967,-0.5,0.33,0.0,0.0,0,1,11,1,1,0,0,0,1420
2018-11-13,18,11.3,42,1.2,1846,-1.1,0.01,0.0,0.0,0,1,11,1,1,0,0,0,2159
2018-11-13,19,9.8,45,1.3,1882,-1.5,0.0,0.0,0.0,0,1,11,1,1,0,0,0,1529
2018-11-13,20,9.5,44,1.8,1991,-2.1,0.0,0.0,0.0,0,1,11,1,1,0,0,0,1208
2018-11-13,21,8.5,42,1.1,2000,-3.7,0.0,0.0,0.0,0,1,11,1,1,0,0,0,1163
2018-11-13,22,8.1,50,0.5,2000,-1.7,0.0,0.0,0.0,0,1,11,1,1,0,0,0,1126
2018-11-13,23,7.6,49,0.6,1971,-2.4,0.0,0.0,0.0,0,1,11,1,1,0,0,0,718
2018-11-14,0,7.0,54,0.9,1862,-1.6,0.0,0.0,0.0,0,1,11,2,1,0,0,0,612
2018-11-14,1,6.5,60,0.5,1788,-0.7,0.0,0.0,0.0,0,1,11,2,1,0,0,0,517
2018-11-14,2,6.2,59,0.6,1584,-1.2,0.0,0.0,0.0,0,1,11,2,1,0,0,0,327
2018-11-14,3,6.1,66,0.5,1347,0.2,0.0,0.0,0.0,0,1,11,2,1,0,0,0,210
2018-11-14,4,5.6,70,0.6,1311,0.5,0.0,0.0,0.0,0,1,11,2,1,0,0,0,164
2018-11-14,5,5.3,72,0.2,1278,0.6,0.0,0.0,0.0,0,1,11,2,1,0,0,0,135
2018-11-14,6,5.1,76,1.1,1195,1.2,0.0,0.0,0.0,0,1,11,2,1,0,0,0,362
2018-11-14,7,5.2,78,0.3,1182,1.6,0.0,0.0,0.0,0,1,11,2,1,0,0,0,1047
2018-11-14,8,5.0,77,1.5,1115,1.2,0.07,0.0,0.0,0,1,11,2,1,0,0,0,1916
2018-11-14,9,7.1,61,0.5,1493,0.0,0.57,0.0,0.0,0,1,11,2,1,0,0,0,1019
2018-11-14,10,9.6,53,1.4,1818,0.4,1.16,0.0,0.0,0,1,11,2,1,0,0,0,779
2018-11-14,11,12.1,49,0.8,1827,1.6,1.61,0.0,0.0,0,1,11,2,1,0,0,0,892
2018-11-14,12,14.2,45,0.9,1531,2.4,1.86,0.0,0.0,0,1,11,2,1,0,0,0,963
2018-11-14,13,15.7,41,2.3,1322,2.4,2.01,0.0,0.0,0,1,11,2,1,0,0,0,1028
2018-11-14,14,16.1,32,1.4,1703,-0.6,1.8,0.0,0.0,0,1,11,2,1,0,0,0,1001
2018-11-14,15,15.9,30,0.7,1823,-1.6,1.34,0.0,0.0,0,1,11,2,1,0,0,0,1063
2018-11-14,16,15.2,40,2.7,1371,1.6,0.87,0.0,0.0,0,1,11,2,1,0,0,0,1137
2018-11-14,17,13.6,46,1.8,1374,2.1,0.31,0.0,0.0,0,1,11,2,1,0,0,0,1532
2018-11-14,18,12.2,47,2.6,1427,1.2,0.01,0.0,0.0,0,1,11,2,1,0,0,0,2200
2018-11-14,19,11.5,52,2.4,1319,1.9,0.0,0.0,0.0,0,1,11,2,1,0,0,0,1464
2018-11-14,20,10.5,52,1.4,1153,1.0,0.0,0.0,0.0,0,1,11,2,1,0,0,0,1269
2018-11-14,21,9.8,52,0.5,1255,0.3,0.0,0.0,0.0,0,1,11,2,1,0,0,0,1239
2018-11-14,22,8.8,58,0.5,1358,0.9,0.0,0.0,0.0,0,1,11,2,1,0,0,0,1074
2018-11-14,23,8.4,65,0.8,1216,2.1,0.0,0.0,0.0,0,1,11,2,1,0,0,0,757
2018-11-15,0,7.7,67,0.4,1102,1.9,0.0,0.0,0.0,0,1,11,3,1,0,0,0,610
2018-11-15,1,7.3,64,0.3,1150,0.9,0.0,0.0,0.0,0,1,11,3,1,0,0,0,489
2018-11-15,2,7.1,68,0.6,1082,1.5,0.0,0.0,0.0,0,1,11,3,1,0,0,0,313
2018-11-15,3,6.5,75,1.1,970,2.3,0.0,0.0,0.0,0,1,11,3,1,0,0,0,219
2018-11-15,4,6.1,72,0.5,1052,1.4,0.0,0.0,0.0,0,1,11,3,1,0,0,0,154
2018-11-15,5,5.3,78,1.4,952,1.7,0.0,0.0,0.0,0,1,11,3,1,0,0,0,172
2018-11-15,6,4.9,76,1.1,800,1.0,0.0,0.0,0.0,0,1,11,3,1,0,0,0,357
2018-11-15,7,4.8,76,0.7,762,0.9,0.0,0.0,0.0,0,1,11,3,1,0,0,0,883
2018-11-15,8,5.3,75,1.0,808,1.2,0.1,0.0,0.0,0,1,11,3,1,0,0,0,1686
2018-11-15,9,6.8,64,1.0,949,0.4,0.5,0.0,0.0,0,1,11,3,1,0,0,0,1300
2018-11-15,10,8.6,57,0.6,1102,0.5,0.77,0.0,0.0,0,1,11,3,1,0,0,0,782
2018-11-15,11,11.1,47,1.2,1047,0.1,1.48,0.0,0.0,0,1,11,3,1,0,0,0,770
2018-11-15,12,13.8,43,0.9,987,1.4,1.61,0.0,0.0,0,1,11,3,1,0,0,0,942
2018-11-15,13,15.1,37,1.9,990,0.4,1.74,0.0,0.0,0,1,11,3,1,0,0,0,883
2018-11-15,14,15.1,33,1.5,1045,-1.0,1.31,0.0,0.0,0,1,11,3,1,0,0,0,899
2018-11-15,15,16.1,30,1.0,1125,-1.5,1.06,0.0,0.0,0,1,11,3,1,0,0,0,971
2018-11-15,16,15.4,34,1.4,1016,-0.4,0.68,0.0,0.0,0,1,11,3,1,0,0,0,1123
2018-11-15,17,13.7,38,1.4,884,-0.3,0.29,0.0,0.0,0,1,11,3,1,0,0,0,1416
2018-11-15,18,12.1,46,1.4,799,0.8,0.01,0.0,0.0,0,1,11,3,1,0,0,0,2034
2018-11-15,19,11.2,46,1.4,869,0.0,0.0,0.0,0.0,0,1,11,3,1,0,0,0,1448
2018-11-15,20,9.5,49,1.3,918,-0.7,0.0,0.0,0.0,0,1,11,3,1,0,0,0,1146
2018-11-15,21,9.6,52,1.3,906,0.2,0.0,0.0,0.0,0,1,11,3,1,0,0,0,1123
2018-11-15,22,8.7,53,0.4,764,-0.3,0.0,0.0,0.0,0,1,11,3,1,0,0,0,1061
2018-11-15,23,8.1,57,0.7,752,0.0,0.0,0.0,0.0,0,1,11,3,1,0,0,0,721
2018-11-16,0,7.8,57,0.3,792,-0.2,0.0,0.0,0.0,0,1,11,4,1,0,0,0,683
2018-11-16,1,7.8,59,0.6,768,0.2,0.0,0.0,0.0,0,1,11,4,1,0,0,0,520
2018-11-16,2,7.7,63,1.0,704,1.0,0.0,0.0,0.0,0,1,11,4,1,0,0,0,376
2018-11-16,3,7.4,63,0.6,699,0.8,0.0,0.0,0.0,0,1,11,4,1,0,0,0,262
2018-11-16,4,7.1,64,0.6,663,0.7,0.0,0.0,0.0,0,1,11,4,1,0,0,0,171
2018-11-16,5,6.9,66,0.5,698,0.9,0.0,0.0,0.0,0,1,11,4,1,0,0,0,151
2018-11-16,6,7.1,65,0.5,713,0.9,0.0,0.0,0.0,0,1,11,4,1,0,0,0,412
2018-11-16,7,6.6,64,0.5,701,0.2,0.0,0.0,0.0,0,1,11,4,1,0,0,0,939
2018-11-16,8,7.0,64,0.8,683,0.6,0.03,0.0,0.0,0,1,11,4,1,0,0,0,1692
2018-11-16,9,8.2,61,0.6,586,1.1,0.26,0.0,0.0,0,1,11,4,1,0,0,0,991
2018-11-16,10,9.4,55,0.1,570,0.7,0.49,0.0,0.0,0,1,11,4,1,0,0,0,699
2018-11-16,11,11.9,44,2.1,791,0.0,1.22,0.0,0.0,0,1,11,4,1,0,0,0,834
2018-11-16,12,13.4,48,2.3,962,2.5,1.64,0.0,0.0,0,1,11,4,1,0,0,0,886
2018-11-16,13,14.4,49,3.5,890,3.8,1.71,0.0,0.0,0,1,11,4,1,0,0,0,920
2018-11-16,14,13.3,53,2.6,761,3.9,1.34,0.0,0.0,0,1,11,4,1,0,0,0,915
2018-11-16,15,13.2,61,3.9,719,5.8,1.03,0.0,0.0,0,1,11,4,1,0,0,0,995
2018-11-16,16,11.8,66,3.0,687,5.6,0.44,0.0,0.0,0,1,11,4,1,0,0,0,1126
2018-11-16,17,11.0,70,2.9,617,5.7,0.12,0.0,0.0,0,1,11,4,1,0,0,0,1346
2018-11-16,18,9.9,74,2.6,492,5.4,0.0,0.0,0.0,0,1,11,4,1,0,0,0,1956
2018-11-16,19,8.7,78,2.5,460,5.0,0.0,0.0,0.0,0,1,11,4,1,0,0,0,1303
2018-11-16,20,7.6,76,3.9,603,3.6,0.0,0.0,0.0,0,1,11,4,1,0,0,0,995
2018-11-16,21,6.8,73,2.3,730,2.2,0.0,0.0,0.0,0,1,11,4,1,0,0,0,907
2018-11-16,22,6.2,72,1.4,848,1.5,0.0,0.0,0.0,0,1,11,4,1,0,0,0,894
2018-11-16,23,5.0,75,1.1,835,0.9,0.0,0.0,0.0,0,1,11,4,1,0,0,0,687
2018-11-17,0,4.2,76,2.1,870,0.3,0.0,0.0,0.0,0,1,11,5,1,0,0,0,626
2018-11-17,1,3.4,76,0.5,909,-0.4,0.0,0.0,0.0,0,1,11,5,1,0,0,0,597
2018-11-17,2,2.9,77,1.8,853,-0.7,0.0,0.0,0.0,0,1,11,5,1,0,0,0,456
2018-11-17,3,2.5,77,2.3,992,-1.1,0.0,0.0,0.0,0,1,11,5,1,0,0,0,288
2018-11-17,4,1.7,74,1.7,1226,-2.4,0.0,0.0,0.0,0,1,11,5,1,0,0,0,195
2018-11-17,5,1.1,75,0.6,1270,-2.8,0.0,0.0,0.0,0,1,11,5,1,0,0,0,129
2018-11-17,6,1.0,77,0.6,1259,-2.5,0.0,0.0,0.0,0,1,11,5,1,0,0,0,151
2018-11-17,7,0.8,77,0.9,1300,-2.7,0.0,0.0,0.0,0,1,11,5,1,0,0,0,315
2018-11-17,8,0.7,72,1.0,1397,-3.7,0.05,0.0,0.0,0,1,11,5,1,0,0,0,530
2018-11-17,9,2.2,53,0.5,1595,-6.4,0.62,0.0,0.0,0,1,11,5,1,0,0,0,644
2018-11-17,10,4.7,47,1.2,1788,-5.6,1.22,0.0,0.0,0,1,11,5,1,0,0,0,733
2018-11-17,11,7.8,38,0.8,1369,-5.6,1.65,0.0,0.0,0,1,11,5,1,0,0,0,830
2018-11-17,12,9.1,34,1.0,1802,-5.9,1.95,0.0,0.0,0,1,11,5,1,0,0,0,994
2018-11-17,13,10.9,32,2.1,1581,-5.1,1.85,0.0,0.0,0,1,11,5,1,0,0,0,1037
2018-11-17,14,9.7,34,1.9,1786,-5.4,0.8,0.0,0.0,0,1,11,5,1,0,0,0,969
2018-11-17,15,8.9,34,2.9,1787,-6.1,0.52,0.0,0.0,0,1,11,5,1,0,0,0,1018
2018-11-17,16,8.3,35,2.1,1987,-6.2,0.37,0.0,0.0,0,1,11,5,1,0,0,0,974
2018-11-17,17,7.7,34,2.6,2000,-7.2,0.13,0.0,0.0,0,1,11,5,1,0,0,0,1031
2018-11-17,18,7.1,40,0.6,1995,-5.6,0.01,0.0,0.0,0,1,11,5,1,0,0,0,877
2018-11-17,19,6.0,44,0.8,1758,-5.3,0.0,0.0,0.0,0,1,11,5,1,0,0,0,735
2018-11-17,20,5.4,43,2.7,1913,-6.2,0.0,0.0,0.0,0,1,11,5,1,0,0,0,644
2018-11-17,21,5.0,42,1.5,1927,-6.8,0.0,0.0,0.0,0,1,11,5,1,0,0,0,685
2018-11-17,22,4.4,43,1.1,2000,-7.1,0.0,0.0,0.0,0,1,11,5,1,0,0,0,655
2018-11-17,23,4.1,46,1.8,2000,-6.5,0.0,0.0,0.0,0,1,11,5,1,0,0,0,576
2018-11-18,0,3.6,49,0.8,1990,-6.1,0.0,0.0,0.0,0,1,11,6,1,0,0,0,592
2018-11-18,1,3.2,54,1.2,1968,-5.2,0.0,0.0,0.0,0,1,11,6,1,0,0,0,443
2018-11-18,2,2.9,49,2.0,1989,-6.7,0.0,0.0,0.0,0,1,11,6,1,0,0,0,335
2018-11-18,3,2.5,49,0.2,2000,-7.1,0.0,0.0,0.0,0,1,11,6,1,0,0,0,258
2018-11-18,4,2.5,49,0.4,1988,-7.1,0.0,0.0,0.0,0,1,11,6,1,0,0,0,165
2018-11-18,5,2.3,53,0.6,1763,-6.3,0.0,0.0,0.0,0,1,11,6,1,0,0,0,92
2018-11-18,6,1.9,53,0.4,1813,-6.6,0.0,0.0,0.0,0,1,11,6,1,0,0,0,114
2018-11-18,7,2.1,56,0.7,1477,-5.7,0.0,0.0,0.0,0,1,11,6,1,0,0,0,191
2018-11-18,8,2.6,53,0.7,1548,-6.0,0.03,0.0,0.0,0,1,11,6,1,0,0,0,371
2018-11-18,9,3.5,53,1.0,1338,-5.2,0.22,0.0,0.0,0,1,11,6,1,0,0,0,457
2018-11-18,10,4.8,40,1.1,1676,-7.6,0.59,0.0,0.0,0,1,11,6,1,0,0,0,583
2018-11-18,11,7.6,35,0.8,1695,-6.9,1.25,0.0,0.0,0,1,11,6,1,0,0,0,645
2018-11-18,12,9.2,47,2.5,1910,-1.5,1.37,0.0,0.0,0,1,11,6,1,0,0,0,776
2018-11-18,13,9.9,37,2.1,1900,-4.1,1.32,0.0,0.0,0,1,11,6,1,0,0,0,905
2018-11-18,14,10.1,37,2.4,1723,-3.9,1.24,0.0,0.0,0,1,11,6,1,0,0,0,1054
2018-11-18,15,9.6,34,1.6,1806,-5.5,0.73,0.0,0.0,0,1,11,6,1,0,0,0,1047
2018-11-18,16,9.4,39,1.8,1704,-3.8,0.56,0.0,0.0,0,1,11,6,1,0,0,0,1026
2018-11-18,17,8.7,42,1.7,1576,-3.5,0.18,0.0,0.0,0,1,11,6,1,0,0,0,1039
2018-11-18,18,8.4,46,2.4,1823,-2.5,0.0,0.0,0.0,0,1,11,6,1,0,0,0,902
2018-11-18,19,7.9,45,1.0,1602,-3.3,0.0,0.0,0.0,0,1,11,6,1,0,0,0,759
2018-11-18,20,7.4,50,0.7,1499,-2.3,0.0,0.0,0.0,0,1,11,6,1,0,0,0,719
2018-11-18,21,7.1,52,0.8,1516,-2.1,0.0,0.0,0.0,0,1,11,6,1,0,0,0,682
2018-11-18,22,6.8,53,0.4,1498,-2.1,0.0,0.0,0.0,0,1,11,6,1,0,0,0,632
2018-11-18,23,7.0,55,0.2,1501,-1.4,0.0,0.0,0.0,0,1,11,6,1,0,0,0,532
2018-11-19,0,6.8,56,0.7,1505,-1.3,0.0,0.0,0.0,0,1,11,0,1,0,0,0,457
2018-11-19,1,5.9,60,0.5,1332,-1.2,0.0,0.0,0.0,0,1,11,0,1,0,0,0,277
2018-11-19,2,5.4,65,0.7,1230,-0.6,0.0,0.0,0.0,0,1,11,0,1,0,0,0,190
2018-11-19,3,4.8,65,0.8,1179,-1.2,0.0,0.0,0.0,0,1,11,0,1,0,0,0,133
2018-11-19,4,4.5,67,0.9,1175,-1.1,0.0,0.0,0.0,0,1,11,0,1,0,0,0,88
2018-11-19,5,4.1,70,1.0,1100,-0.8,0.0,0.0,0.0,0,1,11,0,1,0,0,0,167
2018-11-19,6,3.8,71,0.7,1071,-0.9,0.0,0.0,0.0,0,1,11,0,1,0,0,0,418
2018-11-19,7,3.4,73,1.1,1012,-0.9,0.0,0.0,0.0,0,1,11,0,1,0,0,0,991
2018-11-19,8,3.5,71,0.8,958,-1.2,0.06,0.0,0.0,0,1,11,0,1,0,0,0,1751
2018-11-19,9,4.6,60,0.8,967,-2.5,0.46,0.0,0.0,0,1,11,0,1,0,0,0,889
2018-11-19,10,7.5,53,0.8,909,-1.4,1.0,0.0,0.0,0,1,11,0,1,0,0,0,651
2018-11-19,11,9.8,51,0.5,781,0.1,1.42,0.0,0.0,0,1,11,0,1,0,0,0,745
2018-11-19,12,10.3,38,1.2,1130,-3.4,1.08,0.0,0.0,0,1,11,0,1,0,0,0,785
2018-11-19,13,10.8,44,2.0,935,-0.9,1.01,0.0,0.0,0,1,11,0,1,0,0,0,785
2018-11-19,14,10.6,34,2.8,920,-4.6,1.07,0.0,0.0,0,1,11,0,1,0,0,0,793
2018-11-19,15,11.1,35,1.9,861,-3.8,1.11,0.0,0.0,0,1,11,0,1,0,0,0,839
2018-11-19,16,9.7,43,2.7,1012,-2.2,0.37,0.0,0.0,0,1,11,0,1,0,0,0,968
2018-11-19,17,8.7,48,1.7,965,-1.7,0.25,0.0,0.0,0,1,11,0,1,0,0,0,1233
2018-11-19,18,7.5,48,2.4,1079,-2.8,0.0,0.0,0.0,0,1,11,0,1,0,0,0,1904
2018-11-19,19,6.8,52,0.8,960,-2.3,0.0,0.0,0.0,0,1,11,0,1,0,0,0,1304
2018-11-19,20,6.0,50,1.5,931,-3.6,0.0,0.0,0.0,0,1,11,0,1,0,0,0,1030
2018-11-19,21,5.8,44,2.2,1205,-5.5,0.0,0.0,0.0,0,1,11,0,1,0,0,0,1019
2018-11-19,22,5.3,39,2.3,1512,-7.5,0.0,0.0,0.0,0,1,11,0,1,0,0,0,910
2018-11-19,23,4.2,42,2.2,1360,-7.6,0.0,0.0,0.0,0,1,11,0,1,0,0,0,629
2018-11-20,0,3.8,42,1.7,1458,-7.9,0.0,0.0,0.0,0,1,11,1,1,0,0,0,478
2018-11-20,1,2.9,43,1.0,1750,-8.4,0.0,0.0,0.0,0,1,11,1,1,0,0,0,422
2018-11-20,2,2.6,46,1.5,1811,-7.8,0.0,0.0,0.0,0,1,11,1,1,0,0,0,286
2018-11-20,3,1.6,43,1.1,1981,-9.6,0.0,0.0,0.0,0,1,11,1,1,0,0,0,202
2018-11-20,4,1.3,48,0.5,2000,-8.5,0.0,0.0,0.0,0,1,11,1,1,0,0,0,119
2018-11-20,5,0.7,49,0.4,1998,-8.8,0.0,0.0,0.0,0,1,11,1,1,0,0,0,141
2018-11-20,6,0.7,50,1.0,2000,-8.5,0.0,0.0,0.0,0,1,11,1,1,0,0,0,369
2018-11-20,7,0.5,53,1.1,2000,-7.9,0.0,0.0,0.0,0,1,11,1,1,0,0,0,934
2018-11-20,8,0.3,53,0.9,1971,-8.1,0.05,0.0,0.0,0,1,11,1,1,0,0,0,1818
2018-11-20,9,2.3,43,1.2,1892,-9.0,0.52,0.0,0.0,0,1,11,1,1,0,0,0,955
2018-11-20,10,5.1,33,1.4,1842,-9.8,1.1,0.0,0.0,0,1,11,1,1,0,0,0,659
2018-11-20,11,7.5,29,1.3,1926,-9.4,1.55,0.0,0.0,0,1,11,1,1,0,0,0,699
2018-11-20,12,10.1,23,1.8,1745,-10.1,1.82,0.0,0.0,0,1,11,1,1,0,0,0,788
2018-11-20,13,11.6,20,1.3,1821,-10.6,1.87,0.0,0.0,0,1,11,1,1,0,0,0,798
2018-11-20,14,12.3,16,2.5,1797,-12.8,1.69,0.0,0.0,0,1,11,1,1,0,0,0,790
2018-11-20,15,11.9,18,3.3,1848,-11.7,1.32,0.0,0.0,0,1,11,1,1,0,0,0,861
2018-11-20,16,11.3,21,2.8,1925,-10.2,0.82,0.0,0.0,0,1,11,1,1,0,0,0,967
2018-11-20,17,9.8,28,2.4,1983,-7.8,0.29,0.0,0.0,0,1,11,1,1,0,0,0,1269
2018-11-20,18,9.1,31,2.0,1932,-7.1,0.0,0.0,0.0,0,1,11,1,1,0,0,0,1857
2018-11-20,19,8.7,34,2.2,1857,-6.3,0.0,0.0,0.0,0,1,11,1,1,0,0,0,1317
2018-11-20,20,8.5,32,2.6,1789,-7.2,0.0,0.0,0.0,0,1,11,1,1,0,0,0,1078
2018-11-20,21,8.8,37,3.8,1750,-5.1,0.0,0.0,0.0,0,1,11,1,1,0,0,0,1020
2018-11-20,22,8.9,40,3.4,1810,-3.9,0.0,0.0,0.0,0,1,11,1,1,0,0,0,922
2018-11-20,23,9.3,43,3.5,1807,-2.6,0.0,0.0,0.0,0,1,11,1,1,0,0,0,378
2018-11-21,0,7.2,74,1.2,772,2.8,0.0,0.2,0.0,0,1,11,2,1,0,0,0,119
2018-11-21,1,6.9,86,0.7,533,4.7,0.0,0.0,0.0,0,1,11,2,1,0,0,0,159
2018-11-21,2,6.9,87,0.7,822,4.8,0.0,0.0,0.0,0,1,11,2,1,0,0,0,129
2018-11-21,3,6.5,87,1.0,710,4.4,0.0,1.0,0.0,0,1,11,2,1,0,0,0,112
2018-11-21,4,6.7,87,1.2,580,4.6,0.0,0.0,0.0,0,1,11,2,1,0,0,0,97
2018-11-21,5,6.8,86,0.5,692,4.6,0.0,0.0,0.0,0,1,11,2,1,0,0,0,118
2018-11-21,6,6.7,86,0.3,593,4.5,0.0,0.0,0.0,0,1,11,2,1,0,0,0,299
2018-11-21,7,6.5,85,0.8,536,4.1,0.0,0.0,0.0,0,1,11,2,1,0,0,0,788
2018-11-21,8,6.4,86,0.9,450,4.2,0.03,0.0,0.0,0,1,11,2,1,0,0,0,1622
2018-11-21,9,6.4,53,0.7,1486,-2.5,0.21,0.0,0.0,0,1,11,2,1,0,0,0,867
2018-11-21,10,6.9,39,0.5,1977,-6.1,0.36,0.0,0.0,0,1,11,2,1,0,0,0,611
2018-11-21,11,7.4,30,1.4,2000,-9.0,0.44,0.0,0.0,0,1,11,2,1,0,0,0,649
2018-11-21,12,7.7,34,0.6,1969,-7.2,0.49,0.0,0.0,0,1,11,2,1,0,0,0,697
2018-11-21,13,8.0,35,1.3,1895,-6.5,0.5,0.0,0.0,0,1,11,2,1,0,0,0,623
2018-11-21,14,6.7,47,2.4,2000,-3.8,0.42,0.0,0.0,0,1,11,2,1,0,0,0,474
2018-11-21,15,5.7,53,2.0,2000,-3.1,0.22,0.0,0.0,0,1,11,2,1,0,0,0,550
2018-11-21,16,6.1,53,0.5,2000,-2.7,0.21,0.0,0.0,0,1,11,2,1,0,0,0,755
2018-11-21,17,5.7,61,2.2,1987,-1.2,0.07,0.0,0.0,0,1,11,2,1,0,0,0,1101
2018-11-21,18,5.4,58,0.2,2000,-2.2,0.0,0.0,0.0,0,1,11,2,1,0,0,0,1679
2018-11-21,19,5.1,50,0.7,2000,-4.4,0.0,0.0,0.0,0,1,11,2,1,0,0,0,1113
2018-11-21,20,5.1,43,0.7,1928,-6.4,0.0,0.0,0.0,0,1,11,2,1,0,0,0,936
2018-11-21,21,4.6,44,1.1,1859,-6.6,0.0,0.0,0.0,0,1,11,2,1,0,0,0,838
2018-11-21,22,4.6,48,2.2,1782,-5.4,0.0,0.0,0.0,0,1,11,2,1,0,0,0,825
2018-11-21,23,3.9,46,2.0,1904,-6.6,0.0,0.0,0.0,0,1,11,2,1,0,0,0,571
2018-11-22,0,3.1,42,3.4,1995,-8.5,0.0,0.0,0.0,0,1,11,3,1,0,0,0,443
2018-11-22,1,2.1,39,3.2,1299,-10.4,0.0,0.0,0.0,0,1,11,3,1,0,0,0,382
2018-11-22,2,1.3,44,1.9,2000,-9.6,0.0,0.0,0.0,0,1,11,3,1,0,0,0,271
2018-11-22,3,0.6,42,1.1,2000,-10.8,0.0,0.0,0.0,0,1,11,3,1,0,0,0,164
2018-11-22,4,0.5,39,1.6,2000,-11.8,0.0,0.0,0.0,0,1,11,3,1,0,0,0,121
2018-11-22,5,-0.4,39,0.8,2000,-12.6,0.0,0.0,0.0,0,1,11,3,1,0,0,0,133
2018-11-22,6,-1.0,41,0.7,2000,-12.6,0.0,0.0,0.0,0,1,11,3,1,0,0,0,332
2018-11-22,7,-1.0,43,1.8,2000,-12.0,0.0,0.0,0.0,0,1,11,3,1,0,0,0,848
2018-11-22,8,-1.2,33,0.5,2000,-15.4,0.04,0.0,0.0,0,1,11,3,1,0,0,0,1671
2018-11-22,9,0.2,28,1.9,1932,-16.2,0.57,0.0,0.0,0,1,11,3,1,0,0,0,883
2018-11-22,10,2.9,22,2.0,1989,-16.7,1.18,0.0,0.0,0,1,11,3,1,0,0,0,603
2018-11-22,11,5.1,21,3.2,1965,-15.4,1.63,0.0,0.0,0,1,11,3,1,0,0,0,644
2018-11-22,12,5.9,23,2.8,1985,-13.7,1.88,0.0,0.0,0,1,11,3,1,0,0,0,717
2018-11-22,13,6.5,26,2.4,1974,-11.6,1.84,0.0,0.0,0,1,11,3,1,0,0,0,678
2018-11-22,14,6.7,27,3.1,1976,-11.0,1.66,0.0,0.0,0,1,11,3,1,0,0,0,692
2018-11-22,15,6.9,31,2.9,1982,-9.1,1.21,0.0,0.0,0,1,11,3,1,0,0,0,716
2018-11-22,16,5.9,34,2.9,1985,-8.7,0.55,0.0,0.0,0,1,11,3,1,0,0,0,759
2018-11-22,17,4.9,41,3.3,1985,-7.2,0.25,0.0,0.0,0,1,11,3,1,0,0,0,1101
2018-11-22,18,4.1,46,2.7,2000,-6.5,0.01,0.0,0.0,0,1,11,3,1,0,0,0,1591
2018-11-22,19,3.6,48,2.6,2000,-6.4,0.0,0.0,0.0,0,1,11,3,1,0,0,0,1032
2018-11-22,20,3.1,42,2.4,2000,-8.5,0.0,0.0,0.0,0,1,11,3,1,0,0,0,777
2018-11-22,21,2.2,28,3.2,2000,-14.4,0.0,0.0,0.0,0,1,11,3,1,0,0,0,759
2018-11-22,22,1.1,33,2.5,2000,-13.4,0.0,0.0,0.0,0,1,11,3,1,0,0,0,691
2018-11-22,23,0.4,37,2.9,2000,-12.6,0.0,0.0,0.0,0,1,11,3,1,0,0,0,488
2018-11-23,0,-0.3,41,3.1,2000,-11.9,0.0,0.0,0.0,0,1,11,4,1,0,0,0,470
2018-11-23,1,-0.6,44,2.3,2000,-11.3,0.0,0.0,0.0,0,1,11,4,1,0,0,0,401
2018-11-23,2,-1.0,43,3.1,2000,-12.0,0.0,0.0,0.0,0,1,11,4,1,0,0,0,279
2018-11-23,3,-1.2,45,1.1,2000,-11.6,0.0,0.0,0.0,0,1,11,4,1,0,0,0,191
2018-11-23,4,-2.0,42,0.7,2000,-13.2,0.0,0.0,0.0,0,1,11,4,1,0,0,0,109
2018-11-23,5,-2.4,37,0.5,2000,-15.1,0.0,0.0,0.0,0,1,11,4,1,0,0,0,129
2018-11-23,6,-2.6,40,1.4,2000,-14.3,0.0,0.0,0.0,0,1,11,4,1,0,0,0,339
2018-11-23,7,-2.8,42,1.3,2000,-13.9,0.0,0.0,0.0,0,1,11,4,1,0,0,0,727
2018-11-23,8,-3.0,43,1.1,2000,-13.8,0.03,0.0,0.0,0,1,11,4,1,0,0,0,1516
2018-11-23,9,-1.5,33,0.9,1962,-15.7,0.57,0.0,0.0,0,1,11,4,1,0,0,0,800
2018-11-23,10,1.3,27,0.9,1856,-15.6,1.13,0.0,0.0,0,1,11,4,1,0,0,0,582
2018-11-23,11,4.3,25,2.0,1958,-14.0,1.56,0.0,0.0,0,1,11,4,1,0,0,0,635
2018-11-23,12,5.5,20,1.4,1992,-15.7,1.85,0.0,0.0,0,1,11,4,1,0,0,0,664
2018-11-23,13,6.5,18,2.2,1984,-16.1,1.94,0.0,0.0,0,1,11,4,1,0,0,0,731
2018-11-23,14,6.3,16,2.9,2000,-17.7,1.67,0.0,0.0,0,1,11,4,1,0,0,0,719
2018-11-23,15,6.4,16,2.0,2000,-17.6,1.01,0.0,0.0,0,1,11,4,1,0,0,0,752
2018-11-23,16,6.3,17,1.5,2000,-17.0,0.73,0.0,0.0,0,1,11,4,1,0,0,0,891
2018-11-23,17,5.4,19,0.5,2000,-16.4,0.27,0.0,0.0,0,1,11,4,1,0,0,0,1101
2018-11-23,18,3.9,23,1.0,2000,-15.4,0.0,0.0,0.0,0,1,11,4,1,0,0,0,1548
2018-11-23,19,2.9,26,1.1,2000,-14.7,0.0,0.0,0.0,0,1,11,4,1,0,0,0,1007
2018-11-23,20,2.7,27,1.2,2000,-14.4,0.0,0.0,0.0,0,1,11,4,1,0,0,0,767
2018-11-23,21,2.2,28,0.8,2000,-14.4,0.0,0.0,0.0,0,1,11,4,1,0,0,0,679
2018-11-23,22,2.0,30,1.3,1995,-13.8,0.0,0.0,0.0,0,1,11,4,1,0,0,0,729
2018-11-23,23,2.1,32,1.5,1998,-12.9,0.0,0.0,0.0,0,1,11,4,1,0,0,0,548
2018-11-24,0,2.4,32,1.7,2000,-12.6,0.0,0.0,0.0,0,1,11,5,1,0,0,0,499
2018-11-24,1,2.4,30,1.3,2000,-13.4,0.0,0.0,0.0,0,1,11,5,1,0,0,0,507
2018-11-24,2,2.5,29,1.8,2000,-13.7,0.0,0.0,0.0,0,1,11,5,1,0,0,0,335
2018-11-24,3,2.8,28,1.6,2000,-13.9,0.0,0.0,0.0,0,1,11,5,1,0,0,0,272
2018-11-24,4,3.0,26,1.6,2000,-14.6,0.0,0.0,0.0,0,1,11,5,1,0,0,0,151
2018-11-24,5,3.2,27,1.6,2000,-14.0,0.0,0.0,0.0,0,1,11,5,1,0,0,0,95
2018-11-24,6,3.7,25,2.3,2000,-14.5,0.0,0.0,0.0,0,1,11,5,1,0,0,0,79
2018-11-24,7,1.2,87,1.9,77,-0.7,0.0,0.0,1.3,0,1,11,5,1,0,0,0,30
2018-11-24,8,0.4,96,3.1,33,-0.1,0.0,0.0,4.0,0,1,11,5,1,0,0,0,33
2018-11-24,9,0.3,97,3.0,34,-0.1,0.0,9.1,7.1,0,1,11,5,1,0,0,0,24
2018-11-24,10,0.4,97,1.8,207,0.0,0.0,0.0,8.8,0,1,11,5,1,0,0,0,62
2018-11-24,11,1.2,97,2.3,975,0.7,0.07,0.0,8.8,0,1,11,5,1,0,0,0,114
2018-11-24,12,2.5,84,1.9,1538,0.0,0.4,1.8,7.0,0,1,11,5,1,0,0,0,167
2018-11-24,13,2.6,83,1.9,1774,0.0,0.84,0.0,6.0,0,1,11,5,1,0,0,0,241
2018-11-24,14,3.0,82,1.7,1589,0.2,0.55,0.0,5.0,0,1,11,5,1,0,0,0,298
2018-11-24,15,3.7,78,2.0,1314,0.2,0.81,0.0,4.1,0,1,11,5,1,0,0,0,330
2018-11-24,16,3.5,82,1.6,1092,0.7,0.51,0.0,3.6,0,1,11,5,1,0,0,0,436
2018-11-24,17,2.9,85,1.6,1000,0.6,0.2,0.0,3.5,0,1,11,5,1,0,0,0,435
2018-11-24,18,2.6,86,1.1,834,0.4,0.0,0.0,3.5,0,1,11,5,1,0,0,0,426
2018-11-24,19,2.6,85,1.2,797,0.3,0.0,0.0,3.3,0,1,11,5,1,0,0,0,420
2018-11-24,20,2.6,86,1.7,676,0.4,0.0,0.0,3.3,0,1,11,5,1,0,0,0,349
2018-11-24,21,2.6,85,1.1,674,0.3,0.0,0.0,3.2,0,1,11,5,1,0,0,0,392
2018-11-24,22,2.7,85,1.1,580,0.4,0.0,0.0,3.2,0,1,11,5,1,0,0,0,396
2018-11-24,23,2.8,86,1.2,476,0.6,0.0,0.0,3.0,0,1,11,5,1,0,0,0,386
2018-11-25,0,2.7,86,1.2,422,0.5,0.0,0.0,3.0,0,1,11,6,1,0,0,0,420
2018-11-25,1,2.7,86,1.0,460,0.5,0.0,0.0,2.9,0,1,11,6,1,0,0,0,370
2018-11-25,2,2.8,86,0.8,402,0.6,0.0,0.0,2.9,0,1,11,6,1,0,0,0,285
2018-11-25,3,2.6,88,0.9,319,0.8,0.0,0.0,2.8,0,1,11,6,1,0,0,0,184
2018-11-25,4,2.4,89,0.7,321,0.7,0.0,0.0,2.6,0,1,11,6,1,0,0,0,138
2018-11-25,5,2.1,94,0.4,248,1.2,0.0,0.0,2.5,0,1,11,6,1,0,0,0,88
2018-11-25,6,1.7,95,0.7,220,0.9,0.0,0.0,2.5,0,1,11,6,1,0,0,0,75
2018-11-25,7,1.3,96,0.9,198,0.7,0.0,0.0,2.5,0,1,11,6,1,0,0,0,142
2018-11-25,8,1.4,96,1.0,212,0.8,0.04,0.0,2.5,0,1,11,6,1,0,0,0,250
2018-11-25,9,2.3,88,1.1,286,0.5,0.41,0.0,2.5,0,1,11,6,1,0,0,0,355
2018-11-25,10,4.0,76,1.3,404,0.1,0.93,0.0,2.4,0,1,11,6,1,0,0,0,430
2018-11-25,11,6.0,66,0.9,573,0.1,1.37,0.0,2.3,0,1,11,6,1,0,0,0,522
2018-11-25,12,6.9,59,0.9,669,-0.5,1.31,0.0,2.2,0,1,11,6,1,0,0,0,700
2018-11-25,13,8.8,53,1.5,778,-0.2,1.43,0.0,1.8,0,1,11,6,1,0,0,0,675
2018-11-25,14,9.2,52,1.3,765,-0.1,1.01,0.0,1.3,0,1,11,6,1,0,0,0,777
2018-11-25,15,9.5,54,1.3,675,0.6,0.76,0.0,1.1,0,1,11,6,1,0,0,0,846
2018-11-25,16,9.5,56,1.1,678,1.1,0.54,0.0,0.8,0,1,11,6,1,0,0,0,872
2018-11-25,17,9.0,59,0.7,677,1.4,0.1,0.0,0.4,0,1,11,6,1,0,0,0,813
2018-11-25,18,7.3,72,0.7,530,2.5,0.0,0.0,0.4,0,1,11,6,1,0,0,0,663
2018-11-25,19,6.3,73,1.1,524,1.8,0.0,0.0,0.4,0,1,11,6,1,0,0,0,616
2018-11-25,20,5.5,77,0.7,490,1.7,0.0,0.0,0.4,0,1,11,6,1,0,0,0,570
2018-11-25,21,4.7,81,1.0,437,1.7,0.0,0.0,0.4,0,1,11,6,1,0,0,0,546
2018-11-25,22,4.2,82,0.9,405,1.3,0.0,0.0,0.4,0,1,11,6,1,0,0,0,496
2018-11-25,23,3.8,83,1.1,390,1.1,0.0,0.0,0.4,0,1,11,6,1,0,0,0,379
2018-11-26,0,3.3,85,1.1,351,1.0,0.0,0.0,0.3,0,1,11,0,1,0,0,0,387
2018-11-26,1,3.1,84,1.0,365,0.6,0.0,0.0,0.3,0,1,11,0,1,0,0,0,214
2018-11-26,2,2.8,87,1.1,321,0.8,0.0,0.0,0.3,0,1,11,0,1,0,0,0,175
2018-11-26,3,2.4,90,1.0,269,0.9,0.0,0.0,0.3,0,1,11,0,1,0,0,0,119
2018-11-26,4,2.2,93,1.1,265,1.1,0.0,0.0,0.3,0,1,11,0,1,0,0,0,99
2018-11-26,5,2.1,88,1.4,323,0.3,0.0,0.0,0.3,0,1,11,0,1,0,0,0,115
2018-11-26,6,1.8,88,1.1,313,0.0,0.0,0.0,0.3,0,1,11,0,1,0,0,0,339
2018-11-26,7,1.7,89,1.3,295,0.0,0.0,0.0,0.3,0,1,11,0,1,0,0,0,819
2018-11-26,8,2.0,84,1.1,396,-0.4,0.03,0.0,0.3,0,1,11,0,1,0,0,0,1524
2018-11-26,9,3.1,77,0.9,457,-0.5,0.4,0.0,0.2,0,1,11,0,1,0,0,0,795
2018-11-26,10,5.1,70,1.2,498,0.0,0.93,0.0,0.0,0,1,11,0,1,0,0,0,586
2018-11-26,11,7.2,66,1.5,542,1.2,1.41,0.0,0.0,0,1,11,0,1,0,0,0,643
2018-11-26,12,9.1,57,1.1,562,1.0,1.69,0.0,0.0,0,1,11,0,1,0,0,0,752
2018-11-26,13,11.7,50,1.4,609,1.6,1.74,0.0,0.0,0,1,11,0,1,0,0,0,718
2018-11-26,14,12.8,47,1.2,648,1.7,1.59,0.0,0.0,0,1,11,0,1,0,0,0,796
2018-11-26,15,13.2,43,1.1,714,0.8,1.26,0.0,0.0,0,1,11,0,1,0,0,0,794
2018-11-26,16,13.2,44,1.6,710,1.1,0.76,0.0,0.0,0,1,11,0,1,0,0,0,935
2018-11-26,17,11.4,48,0.4,706,0.7,0.24,0.0,0.0,0,1,11,0,1,0,0,0,1156
2018-11-26,18,9.5,56,0.5,628,1.1,0.0,0.0,0.0,0,1,11,0,1,0,0,0,1708
2018-11-26,19,8.4,61,0.3,573,1.3,0.0,0.0,0.0,0,1,11,0,1,0,0,0,1181
2018-11-26,20,7.3,66,0.5,516,1.3,0.0,0.0,0.0,0,1,11,0,1,0,0,0,943
2018-11-26,21,6.7,71,0.9,461,1.8,0.0,0.0,0.0,0,1,11,0,1,0,0,0,955
2018-11-26,22,6.2,70,0.4,474,1.1,0.0,0.0,0.0,0,1,11,0,1,0,0,0,846
2018-11-26,23,5.4,78,1.5,404,1.8,0.0,0.0,0.0,0,1,11,0,1,0,0,0,563
2018-11-27,0,4.9,79,0.5,391,1.5,0.0,0.0,0.0,0,1,11,1,1,0,0,0,496
2018-11-27,1,4.5,82,0.4,350,1.6,0.0,0.0,0.0,0,1,11,1,1,0,0,0,408
2018-11-27,2,3.9,85,0.8,299,1.6,0.0,0.0,0.0,0,1,11,1,1,0,0,0,299
2018-11-27,3,3.5,86,1.4,281,1.3,0.0,0.0,0.0,0,1,11,1,1,0,0,0,183
2018-11-27,4,3.1,88,1.0,270,1.2,0.0,0.0,0.0,0,1,11,1,1,0,0,0,95
2018-11-27,5,3.6,84,0.6,315,1.1,0.0,0.0,0.0,0,1,11,1,1,0,0,0,140
2018-11-27,6,3.8,83,0.7,337,1.1,0.0,0.0,0.0,0,1,11,1,1,0,0,0,317
2018-11-27,7,3.6,83,0.9,350,0.9,0.0,0.0,0.0,0,1,11,1,1,0,0,0,815
2018-11-27,8,4.2,78,1.2,362,0.6,0.02,0.0,0.0,0,1,11,1,1,0,0,0,1577
2018-11-27,9,5.0,75,0.3,390,0.9,0.12,0.0,0.0,0,1,11,1,1,0,0,0,800
2018-11-27,10,6.4,71,1.0,385,1.5,0.37,0.0,0.0,0,1,11,1,1,0,0,0,616
2018-11-27,11,7.9,64,1.2,383,1.4,0.87,0.0,0.0,0,1,11,1,1,0,0,0,623
2018-11-27,12,9.3,61,1.5,390,2.1,0.85,0.0,0.0,0,1,11,1,1,0,0,0,672
2018-11-27,13,11.0,60,0.9,411,3.5,0.85,0.0,0.0,0,1,11,1,1,0,0,0,671
2018-11-27,14,11.6,70,1.5,388,6.3,0.45,0.0,0.0,0,1,11,1,1,0,0,0,600
2018-11-27,15,12.5,70,2.1,360,7.1,0.68,0.0,0.0,0,1,11,1,1,0,0,0,666
2018-11-27,16,12.0,74,2.1,316,7.5,0.29,0.0,0.0,0,1,11,1,1,0,0,0,775
2018-11-27,17,11.1,72,2.3,277,6.2,0.12,0.0,0.0,0,1,11,1,1,0,0,0,1033
2018-11-27,18,10.2,74,1.2,289,5.7,0.0,0.0,0.0,0,1,11,1,1,0,0,0,1538
2018-11-27,19,9.3,52,2.7,482,0.0,0.0,0.0,0.0,0,1,11,1,1,0,0,0,1023
2018-11-27,20,8.3,39,1.6,560,-4.8,0.0,0.0,0.0,0,1,11,1,1,0,0,0,825
2018-11-27,21,7.5,35,1.8,656,-7.0,0.0,0.0,0.0,0,1,11,1,1,0,0,0,777
2018-11-27,22,6.6,33,2.1,722,-8.5,0.0,0.0,0.0,0,1,11,1,1,0,0,0,740
2018-11-27,23,5.8,34,2.6,763,-8.8,0.0,0.0,0.0,0,1,11,1,1,0,0,0,593
2018-11-28,0,5.1,36,2.2,774,-8.7,0.0,0.0,0.0,0,1,11,2,1,0,0,0,450
2018-11-28,1,4.9,26,2.6,992,-13.0,0.0,0.0,0.0,0,1,11,2,1,0,0,0,434
2018-11-28,2,4.1,34,1.3,928,-10.3,0.0,0.0,0.0,0,1,11,2,1,0,0,0,275
2018-11-28,3,3.5,38,1.6,907,-9.5,0.0,0.0,0.0,0,1,11,2,1,0,0,0,167
2018-11-28,4,3.9,26,2.4,1071,-13.9,0.0,0.0,0.0,0,1,11,2,1,0,0,0,128
2018-11-28,5,3.0,34,1.1,1032,-11.3,0.0,0.0,0.0,0,1,11,2,1,0,0,0,140
2018-11-28,6,2.6,33,1.5,1185,-12.0,0.0,0.0,0.0,0,1,11,2,1,0,0,0,287
2018-11-28,7,2.5,24,0.2,1306,-16.0,0.0,0.0,0.0,0,1,11,2,1,0,0,0,796
2018-11-28,8,2.1,29,1.1,1337,-14.1,0.02,0.0,0.0,0,1,11,2,1,0,0,0,1540
2018-11-28,9,3.0,30,1.3,1242,-12.9,0.3,0.0,0.0,0,1,11,2,1,0,0,0,798
2018-11-28,10,4.4,23,1.6,1201,-14.9,0.7,0.0,0.0,0,1,11,2,1,0,0,0,583
2018-11-28,11,5.7,15,1.1,1419,-19.0,0.98,0.0,0.0,0,1,11,2,1,0,0,0,608
2018-11-28,12,7.9,14,1.7,1688,-18.0,1.81,0.0,0.0,0,1,11,2,1,0,0,0,635
2018-11-28,13,9.2,13,1.6,1776,-17.8,1.86,0.0,0.0,0,1,11,2,1,0,0,0,681
2018-11-28,14,10.3,14,1.1,1880,-16.1,1.7,0.0,0.0,0,1,11,2,1,0,0,0,675
2018-11-28,15,10.5,16,2.7,1509,-14.3,1.29,0.0,0.0,0,1,11,2,1,0,0,0,798
2018-11-28,16,9.6,17,3.0,1706,-14.3,0.77,0.0,0.0,0,1,11,2,1,0,0,0,808
2018-11-28,17,7.6,23,2.9,1678,-12.2,0.25,0.0,0.0,0,1,11,2,1,0,0,0,1099
2018-11-28,18,6.3,25,2.0,1653,-12.3,0.0,0.0,0.0,0,1,11,2,1,0,0,0,1536
2018-11-28,19,6.0,24,3.0,1861,-13.0,0.0,0.0,0.0,0,1,11,2,1,0,0,0,1039
2018-11-28,20,4.8,29,0.6,1756,-11.7,0.0,0.0,0.0,0,1,11,2,1,0,0,0,842
2018-11-28,21,4.2,31,1.1,1741,-11.4,0.0,0.0,0.0,0,1,11,2,1,0,0,0,846
2018-11-28,22,3.2,34,1.3,1787,-11.1,0.0,0.0,0.0,0,1,11,2,1,0,0,0,804
2018-11-28,23,2.9,31,1.7,1869,-12.6,0.0,0.0,0.0,0,1,11,2,1,0,0,0,555
2018-11-29,0,2.2,30,0.7,1879,-13.6,0.0,0.0,0.0,0,1,11,3,1,0,0,0,517
2018-11-29,1,1.9,32,1.4,1999,-13.0,0.0,0.0,0.0,0,1,11,3,1,0,0,0,485
2018-11-29,2,2.1,28,0.4,1981,-14.5,0.0,0.0,0.0,0,1,11,3,1,0,0,0,319
2018-11-29,3,1.9,33,0.9,1994,-12.7,0.0,0.0,0.0,0,1,11,3,1,0,0,0,195
2018-11-29,4,2.1,33,0.5,1981,-12.5,0.0,0.0,0.0,0,1,11,3,1,0,0,0,107
2018-11-29,5,1.8,34,0.9,1990,-12.4,0.0,0.0,0.0,0,1,11,3,1,0,0,0,126
2018-11-29,6,1.1,39,1.3,1857,-11.3,0.0,0.0,0.0,0,1,11,3,1,0,0,0,328
2018-11-29,7,0.8,41,0.6,1298,-10.9,0.0,0.0,0.0,0,1,11,3,1,0,0,0,800
2018-11-29,8,0.8,44,1.7,1439,-10.0,0.02,0.0,0.0,0,1,11,3,1,0,0,0,1635
2018-11-29,9,1.8,37,0.9,1310,-11.3,0.31,0.0,0.0,0,1,11,3,1,0,0,0,825
2018-11-29,10,3.9,28,0.6,1627,-12.9,0.49,0.0,0.0,0,1,11,3,1,0,0,0,595
2018-11-29,11,5.2,26,0.5,1471,-12.7,0.64,0.0,0.0,0,1,11,3,1,0,0,0,623
2018-11-29,12,5.6,27,0.3,1522,-11.9,0.34,0.0,0.0,0,1,11,3,1,0,0,0,661
2018-11-29,13,5.3,26,2.1,1604,-12.7,0.21,0.0,0.0,0,1,11,3,1,0,0,0,645
2018-11-29,14,6.0,27,0.6,1452,-11.6,0.34,0.0,0.0,0,1,11,3,1,0,0,0,668
2018-11-29,15,6.5,32,2.6,1321,-9.0,0.35,0.0,0.0,0,1,11,3,1,0,0,0,652
2018-11-29,16,5.8,39,2.6,1489,-7.1,0.1,0.0,0.0,0,1,11,3,1,0,0,0,748
2018-11-29,17,5.8,38,1.3,1674,-7.4,0.01,0.0,0.0,0,1,11,3,1,0,0,0,996
2018-11-29,18,0.0,46,0.9,1566,-4.8,0.0,0.0,0.0,0,1,11,3,1,0,0,0,1577
2018-11-29,19,5.2,48,1.9,1590,-4.9,0.0,0.0,0.0,0,1,11,3,1,0,0,0,1026
2018-11-29,20,4.1,54,1.3,1434,-4.3,0.0,0.0,0.0,0,1,11,3,1,0,0,0,818
2018-11-29,21,3.8,55,2.1,1231,-4.4,0.0,0.0,0.0,0,1,11,3,1,0,0,0,792
2018-11-29,22,3.0,59,1.1,1218,-4.2,0.0,0.0,0.0,0,1,11,3,1,0,0,0,726
2018-11-29,23,2.6,56,1.9,1394,-5.3,0.0,0.0,0.0,0,1,11,3,1,0,0,0,559
2018-11-30,0,1.8,62,1.6,1411,-4.7,0.0,0.0,0.0,0,1,11,4,1,0,0,0,474
2018-11-30,1,1.3,63,2.0,1379,-4.9,0.0,0.0,0.0,0,1,11,4,1,0,0,0,456
2018-11-30,2,0.6,66,0.5,1368,-5.0,0.0,0.0,0.0,0,1,11,4,1,0,0,0,300
2018-11-30,3,-0.1,69,0.9,1338,-5.1,0.0,0.0,0.0,0,1,11,4,1,0,0,0,213
2018-11-30,4,-0.5,71,0.4,1345,-5.1,0.0,0.0,0.0,0,1,11,4,1,0,0,0,116
2018-11-30,5,-0.7,66,0.5,1336,-6.2,0.0,0.0,0.0,0,1,11,4,1,0,0,0,149
2018-11-30,6,-0.8,68,0.8,1322,-5.9,0.0,0.0,0.0,0,1,11,4,1,0,0,0,293
2018-11-30,7,-1.2,70,0.8,1351,-5.9,0.0,0.0,0.0,0,1,11,4,1,0,0,0,750
2018-11-30,8,-1.5,68,1.1,1286,-6.6,0.02,0.0,0.0,0,1,11,4,1,0,0,0,1527
2018-11-30,9,-0.4,57,0.6,1270,-7.8,0.45,0.0,0.0,0,1,11,4,1,0,0,0,809
2018-11-30,10,1.9,51,0.8,1029,-7.1,1.01,0.0,0.0,0,1,11,4,1,0,0,0,554
2018-11-30,11,5.3,43,1.8,1177,-6.2,1.38,0.0,0.0,0,1,11,4,1,0,0,0,642
2018-11-30,12,6.6,35,1.3,1409,-7.8,1.7,0.0,0.0,0,1,11,4,1,0,0,0,720
2018-11-30,13,7.1,24,2.8,1838,-12.1,1.83,0.0,0.0,0,1,11,4,1,0,0,0,740
2018-11-30,14,7.8,20,2.2,2000,-13.8,1.67,0.0,0.0,0,1,11,4,1,0,0,0,761
2018-11-30,15,7.0,20,3.3,1994,-14.4,1.21,0.0,0.0,0,1,11,4,1,0,0,0,768
2018-11-30,16,7.2,23,1.5,1945,-12.6,0.72,0.0,0.0,0,1,11,4,1,0,0,0,837
2018-11-30,17,6.0,29,2.1,1877,-10.7,0.23,0.0,0.0,0,1,11,4,1,0,0,0,1047
2018-11-30,18,4.7,34,1.9,1661,-9.8,0.0,0.0,0.0,0,1,11,4,1,0,0,0,1384
2018-11-30,19,4.2,34,2.6,1894,-10.3,0.0,0.0,0.0,0,1,11,4,1,0,0,0,1003
2018-11-30,20,3.4,37,2.3,2000,-9.9,0.0,0.0,0.0,0,1,11,4,1,0,0,0,764
2018-11-30,21,2.6,39,0.3,1968,-9.9,0.0,0.0,0.0,0,1,11,4,1,0,0,0,694
2018-11-30,22,2.1,41,1.0,1859,-9.8,0.0,0.0,0.0,0,1,11,4,1,0,0,0,712
2018-11-30,23,1.9,43,1.3,1909,-9.3,0.0,0.0,0.0,0,1,11,4,1,0,0,0,584
